{
    "W": 1000,
    "H": 1000,
    "depth": 1.0,
    "height": 10.0,
    "num_of_relays": 200,
    "num_of_sensors": 400,
    "relays": [
        {
            "x": 588.0192850049843,
            "y": 568.8749300973632,
            "z": 10.0
        },
        {
            "x": 575.0353361635123,
            "y": 549.3913249122635,
            "z": 10.0
        },
        {
            "x": 559.5878712117503,
            "y": 563.6895166104507,
            "z": 10.0
        },
        {
            "x": 564.6713357553328,
            "y": 572.762097857543,
            "z": 10.0
        },
        {
            "x": 583.2269298243314,
            "y": 551.2416618548529,
            "z": 10.0
        },
        {
            "x": 573.2445022071302,
            "y": 554.6519572224012,
            "z": 10.0
        },
        {
            "x": 563.9694202325286,
            "y": 568.0455289378517,
            "z": 10.0
        },
        {
            "x": 577.7649010504068,
            "y": 551.4842038226229,
            "z": 10.0
        },
        {
            "x": 563.4453742536423,
            "y": 554.5052793737955,
            "z": 10.0
        },
        {
            "x": 570.4919379801859,
            "y": 563.2903505768847,
            "z": 10.0
        },
        {
            "x": 583.6949354780251,
            "y": 568.6442654843826,
            "z": 10.0
        },
        {
            "x": 578.2957992030903,
            "y": 581.6299630525489,
            "z": 10.0
        },
        {
            "x": 567.0336354613556,
            "y": 570.0097282805942,
            "z": 10.0
        },
        {
            "x": 552.4960079687023,
            "y": 566.6073022053429,
            "z": 10.0
        },
        {
            "x": 580.7545003164363,
            "y": 585.3787064575624,
            "z": 10.0
        },
        {
            "x": 557.7550572605235,
            "y": 584.0916723553923,
            "z": 10.0
        },
        {
            "x": 579.7056873403833,
            "y": 552.9032337989469,
            "z": 10.0
        },
        {
            "x": 578.5573738413808,
            "y": 585.5628906624821,
            "z": 10.0
        },
        {
            "x": 592.124564880819,
            "y": 562.958942133384,
            "z": 10.0
        },
        {
            "x": 577.7875796917689,
            "y": 584.6398426326085,
            "z": 10.0
        },
        {
            "x": 581.4784540784914,
            "y": 582.6857812564684,
            "z": 10.0
        },
        {
            "x": 562.2031411419717,
            "y": 568.8514693929507,
            "z": 10.0
        },
        {
            "x": 557.8708513548565,
            "y": 568.8739769176289,
            "z": 10.0
        },
        {
            "x": 585.5681332361339,
            "y": 586.4980940685781,
            "z": 10.0
        },
        {
            "x": 580.9959426092785,
            "y": 554.6906320110402,
            "z": 10.0
        },
        {
            "x": 559.6616402569434,
            "y": 580.1897335743317,
            "z": 10.0
        },
        {
            "x": 571.8499718131308,
            "y": 553.7315773615949,
            "z": 10.0
        },
        {
            "x": 567.89561740106,
            "y": 573.8834735948836,
            "z": 10.0
        },
        {
            "x": 555.3089204295055,
            "y": 563.6094541700064,
            "z": 10.0
        },
        {
            "x": 588.549195972594,
            "y": 579.0299415089653,
            "z": 10.0
        },
        {
            "x": 591.1327147969299,
            "y": 579.8599053050692,
            "z": 10.0
        },
        {
            "x": 571.8668235393652,
            "y": 552.8348699613471,
            "z": 10.0
        },
        {
            "x": 563.8878825575588,
            "y": 576.7736591568635,
            "z": 10.0
        },
        {
            "x": 579.6768663529494,
            "y": 557.4121614405235,
            "z": 10.0
        },
        {
            "x": 556.7504879621322,
            "y": 556.4085669121902,
            "z": 10.0
        },
        {
            "x": 569.8531439880085,
            "y": 585.714854271234,
            "z": 10.0
        },
        {
            "x": 562.7436459620375,
            "y": 554.1824824386216,
            "z": 10.0
        },
        {
            "x": 559.0485796357,
            "y": 566.9243492212851,
            "z": 10.0
        },
        {
            "x": 554.3830498639658,
            "y": 558.670780252837,
            "z": 10.0
        },
        {
            "x": 571.0338218237241,
            "y": 557.6807474470504,
            "z": 10.0
        },
        {
            "x": 567.3292491399477,
            "y": 577.8925783300988,
            "z": 10.0
        },
        {
            "x": 565.8691361094352,
            "y": 588.2166440564904,
            "z": 10.0
        },
        {
            "x": 575.9743600219986,
            "y": 574.0262180177886,
            "z": 10.0
        },
        {
            "x": 583.7474623710655,
            "y": 548.176015905641,
            "z": 10.0
        },
        {
            "x": 570.3173770005917,
            "y": 569.2801752238962,
            "z": 10.0
        },
        {
            "x": 569.0207459667495,
            "y": 583.7514625906089,
            "z": 10.0
        },
        {
            "x": 572.9003630292501,
            "y": 586.0108860840645,
            "z": 10.0
        },
        {
            "x": 583.5677061261543,
            "y": 555.7197896530548,
            "z": 10.0
        },
        {
            "x": 563.6311270749773,
            "y": 576.3277839747354,
            "z": 10.0
        },
        {
            "x": 584.5983292888061,
            "y": 581.6187699415807,
            "z": 10.0
        },
        {
            "x": 564.2225176777456,
            "y": 556.7950909778116,
            "z": 10.0
        },
        {
            "x": 579.7280597323606,
            "y": 590.7059803883415,
            "z": 10.0
        },
        {
            "x": 564.881658226389,
            "y": 588.1393112849412,
            "z": 10.0
        },
        {
            "x": 568.3034380822892,
            "y": 583.6231352762223,
            "z": 10.0
        },
        {
            "x": 570.1784998629025,
            "y": 547.2363448374413,
            "z": 10.0
        },
        {
            "x": 571.7895951006287,
            "y": 552.0354512457775,
            "z": 10.0
        },
        {
            "x": 576.234439246671,
            "y": 558.3736750923207,
            "z": 10.0
        },
        {
            "x": 575.1205038578905,
            "y": 573.9350519708045,
            "z": 10.0
        },
        {
            "x": 558.9157510685258,
            "y": 576.4350645760125,
            "z": 10.0
        },
        {
            "x": 559.2114313395217,
            "y": 579.0223071492394,
            "z": 10.0
        },
        {
            "x": 572.2762609913464,
            "y": 549.0102185777689,
            "z": 10.0
        },
        {
            "x": 554.774926096646,
            "y": 568.4257994965249,
            "z": 10.0
        },
        {
            "x": 571.7293046802309,
            "y": 547.4967828717972,
            "z": 10.0
        },
        {
            "x": 565.1659638450502,
            "y": 581.7855603729688,
            "z": 10.0
        },
        {
            "x": 563.7583923279964,
            "y": 589.3134414987256,
            "z": 10.0
        },
        {
            "x": 559.9383880048438,
            "y": 584.2355297643537,
            "z": 10.0
        },
        {
            "x": 593.7469560644954,
            "y": 575.505859626077,
            "z": 10.0
        },
        {
            "x": 585.1820676966607,
            "y": 566.3090222782175,
            "z": 10.0
        },
        {
            "x": 583.8011514998881,
            "y": 581.2246506891761,
            "z": 10.0
        },
        {
            "x": 575.0603436701716,
            "y": 547.0486729559505,
            "z": 10.0
        },
        {
            "x": 572.5100793511882,
            "y": 573.3076710188964,
            "z": 10.0
        },
        {
            "x": 572.5395418691697,
            "y": 554.8669155973731,
            "z": 10.0
        },
        {
            "x": 568.6715427420397,
            "y": 554.9596618380045,
            "z": 10.0
        },
        {
            "x": 590.4960522527256,
            "y": 578.5193706170896,
            "z": 10.0
        },
        {
            "x": 577.3440483758495,
            "y": 564.397055729022,
            "z": 10.0
        },
        {
            "x": 586.168300465602,
            "y": 552.5960140603922,
            "z": 10.0
        },
        {
            "x": 575.1191221527549,
            "y": 558.741472427493,
            "z": 10.0
        },
        {
            "x": 556.6541779460231,
            "y": 567.62474788566,
            "z": 10.0
        },
        {
            "x": 571.0370746817291,
            "y": 567.0597936446362,
            "z": 10.0
        },
        {
            "x": 575.6820434958724,
            "y": 559.7190094397636,
            "z": 10.0
        },
        {
            "x": 555.6995826517511,
            "y": 571.6968166857539,
            "z": 10.0
        },
        {
            "x": 554.6257524276278,
            "y": 581.1539252422107,
            "z": 10.0
        },
        {
            "x": 563.0796721585887,
            "y": 561.691002351854,
            "z": 10.0
        },
        {
            "x": 575.8034085167126,
            "y": 566.1883635006593,
            "z": 10.0
        },
        {
            "x": 580.9503560512907,
            "y": 577.6191415832384,
            "z": 10.0
        },
        {
            "x": 592.4096471260394,
            "y": 566.6826511598302,
            "z": 10.0
        },
        {
            "x": 573.1395247271637,
            "y": 560.8726460448086,
            "z": 10.0
        },
        {
            "x": 580.5210428275805,
            "y": 553.6355640664535,
            "z": 10.0
        },
        {
            "x": 586.7187794519386,
            "y": 582.2712448172084,
            "z": 10.0
        },
        {
            "x": 573.4524154559522,
            "y": 572.6219790230759,
            "z": 10.0
        },
        {
            "x": 568.321285502399,
            "y": 556.9552439445948,
            "z": 10.0
        },
        {
            "x": 580.5118472774208,
            "y": 578.5087990223379,
            "z": 10.0
        },
        {
            "x": 567.0047528078939,
            "y": 551.7529285360525,
            "z": 10.0
        },
        {
            "x": 579.4268778959623,
            "y": 562.9278720009054,
            "z": 10.0
        },
        {
            "x": 578.0572993843708,
            "y": 574.4780165522081,
            "z": 10.0
        },
        {
            "x": 585.6573394224154,
            "y": 580.013940411306,
            "z": 10.0
        },
        {
            "x": 551.0556917858835,
            "y": 570.9829107766202,
            "z": 10.0
        },
        {
            "x": 562.3579599880014,
            "y": 569.7955193183332,
            "z": 10.0
        },
        {
            "x": 569.3952994902837,
            "y": 584.3900938574286,
            "z": 10.0
        },
        {
            "x": 559.1654180476635,
            "y": 558.6613011740798,
            "z": 10.0
        },
        {
            "x": 577.6741980540958,
            "y": 561.340522018418,
            "z": 10.0
        },
        {
            "x": 582.297008825293,
            "y": 552.9563383194686,
            "z": 10.0
        },
        {
            "x": 561.518768977009,
            "y": 557.768543376678,
            "z": 10.0
        },
        {
            "x": 570.0828167159538,
            "y": 584.8188181547646,
            "z": 10.0
        },
        {
            "x": 563.3595809406348,
            "y": 581.2103180790143,
            "z": 10.0
        },
        {
            "x": 577.3841232000163,
            "y": 578.3994844197521,
            "z": 10.0
        },
        {
            "x": 567.8670151340428,
            "y": 587.7403458874821,
            "z": 10.0
        },
        {
            "x": 583.1847078044581,
            "y": 551.8137416996057,
            "z": 10.0
        },
        {
            "x": 564.2473308832743,
            "y": 587.6639692063688,
            "z": 10.0
        },
        {
            "x": 567.5938498191992,
            "y": 581.6321285054838,
            "z": 10.0
        },
        {
            "x": 554.7548636258349,
            "y": 579.4087174479396,
            "z": 10.0
        },
        {
            "x": 583.7789637033957,
            "y": 566.6979528914451,
            "z": 10.0
        },
        {
            "x": 575.1779048311116,
            "y": 574.9669026287013,
            "z": 10.0
        },
        {
            "x": 578.9406221549227,
            "y": 547.742897195628,
            "z": 10.0
        },
        {
            "x": 579.7864414512634,
            "y": 576.1199291329533,
            "z": 10.0
        },
        {
            "x": 563.7077323246793,
            "y": 560.3514805158845,
            "z": 10.0
        },
        {
            "x": 569.4758886660439,
            "y": 554.7103037306126,
            "z": 10.0
        },
        {
            "x": 577.148816588184,
            "y": 547.6504974580354,
            "z": 10.0
        },
        {
            "x": 566.2089034530401,
            "y": 558.5129663121384,
            "z": 10.0
        },
        {
            "x": 561.4972773964282,
            "y": 569.590168095634,
            "z": 10.0
        },
        {
            "x": 556.7162148247961,
            "y": 571.23642823883,
            "z": 10.0
        },
        {
            "x": 568.316121031881,
            "y": 573.5005351682381,
            "z": 10.0
        },
        {
            "x": 551.0222924126657,
            "y": 567.7479985641763,
            "z": 10.0
        },
        {
            "x": 563.8159875817812,
            "y": 560.2132670107779,
            "z": 10.0
        },
        {
            "x": 565.1052459222702,
            "y": 569.2103461418652,
            "z": 10.0
        },
        {
            "x": 583.249881457601,
            "y": 574.090082185716,
            "z": 10.0
        },
        {
            "x": 569.9223546375689,
            "y": 557.3785319569622,
            "z": 10.0
        },
        {
            "x": 553.8197284273697,
            "y": 564.9600965632486,
            "z": 10.0
        },
        {
            "x": 573.7095950103455,
            "y": 550.5631445472271,
            "z": 10.0
        },
        {
            "x": 583.8824180962039,
            "y": 556.9386657036941,
            "z": 10.0
        },
        {
            "x": 590.6678297667,
            "y": 579.9995825915383,
            "z": 10.0
        },
        {
            "x": 575.5177263730727,
            "y": 583.0508405574496,
            "z": 10.0
        },
        {
            "x": 585.2120843234509,
            "y": 575.9285249425471,
            "z": 10.0
        },
        {
            "x": 576.0008420397149,
            "y": 557.782458439632,
            "z": 10.0
        },
        {
            "x": 585.9054048667408,
            "y": 559.04193317152,
            "z": 10.0
        },
        {
            "x": 576.1023068898575,
            "y": 566.1861436524323,
            "z": 10.0
        },
        {
            "x": 575.5299010184297,
            "y": 554.1211143254492,
            "z": 10.0
        },
        {
            "x": 586.019848203407,
            "y": 580.2694387689703,
            "z": 10.0
        },
        {
            "x": 562.7645871650561,
            "y": 580.072912404031,
            "z": 10.0
        },
        {
            "x": 584.0315162093256,
            "y": 585.8423044868068,
            "z": 10.0
        },
        {
            "x": 558.3406176130209,
            "y": 561.7317250770518,
            "z": 10.0
        },
        {
            "x": 565.3504655308468,
            "y": 555.343670842725,
            "z": 10.0
        },
        {
            "x": 566.2872941832563,
            "y": 551.2358459236157,
            "z": 10.0
        },
        {
            "x": 566.47348046398,
            "y": 569.3581518278722,
            "z": 10.0
        },
        {
            "x": 565.9238318110715,
            "y": 582.5348416293177,
            "z": 10.0
        },
        {
            "x": 570.5180822951158,
            "y": 548.6836923598104,
            "z": 10.0
        },
        {
            "x": 579.5016100926966,
            "y": 580.1510632829497,
            "z": 10.0
        },
        {
            "x": 562.3403687389728,
            "y": 574.5937899932901,
            "z": 10.0
        },
        {
            "x": 560.9357479810503,
            "y": 587.6177746923393,
            "z": 10.0
        },
        {
            "x": 574.8581897858655,
            "y": 570.9510801709966,
            "z": 10.0
        },
        {
            "x": 557.1234524675157,
            "y": 567.7588961421096,
            "z": 10.0
        },
        {
            "x": 564.6768585861939,
            "y": 549.5331011274664,
            "z": 10.0
        },
        {
            "x": 556.7571488925286,
            "y": 553.9411346471499,
            "z": 10.0
        },
        {
            "x": 563.1637775770618,
            "y": 562.0483591736248,
            "z": 10.0
        },
        {
            "x": 593.2887147875822,
            "y": 580.0468108054367,
            "z": 10.0
        },
        {
            "x": 570.6675306745624,
            "y": 585.9201169950002,
            "z": 10.0
        },
        {
            "x": 552.3441498516876,
            "y": 562.3349446858639,
            "z": 10.0
        },
        {
            "x": 590.2620179912604,
            "y": 574.4148339298729,
            "z": 10.0
        },
        {
            "x": 571.0033074537083,
            "y": 589.4769343873129,
            "z": 10.0
        },
        {
            "x": 563.6040386613263,
            "y": 556.5422184897858,
            "z": 10.0
        },
        {
            "x": 589.2794745563036,
            "y": 552.072758017036,
            "z": 10.0
        },
        {
            "x": 571.7969990784263,
            "y": 553.3428183441504,
            "z": 10.0
        },
        {
            "x": 586.9645105967741,
            "y": 560.874391657637,
            "z": 10.0
        },
        {
            "x": 573.5649192907765,
            "y": 576.6424474732537,
            "z": 10.0
        },
        {
            "x": 567.7387486292703,
            "y": 578.4141444270244,
            "z": 10.0
        },
        {
            "x": 571.5046830696195,
            "y": 556.7525707882702,
            "z": 10.0
        },
        {
            "x": 584.1772399144942,
            "y": 574.251228190412,
            "z": 10.0
        },
        {
            "x": 585.3711832643,
            "y": 554.3633533257619,
            "z": 10.0
        },
        {
            "x": 568.7454260882953,
            "y": 569.7054279262563,
            "z": 10.0
        },
        {
            "x": 555.3191894923281,
            "y": 567.3954748966215,
            "z": 10.0
        },
        {
            "x": 561.0357627077586,
            "y": 567.5346890707848,
            "z": 10.0
        },
        {
            "x": 566.3556586069756,
            "y": 562.8458311682947,
            "z": 10.0
        },
        {
            "x": 567.719702177269,
            "y": 575.9817220566551,
            "z": 10.0
        },
        {
            "x": 572.3636967404462,
            "y": 580.8215905905503,
            "z": 10.0
        },
        {
            "x": 586.9336318870946,
            "y": 550.4325811441356,
            "z": 10.0
        },
        {
            "x": 558.4684587206341,
            "y": 555.490400065619,
            "z": 10.0
        },
        {
            "x": 557.722022441006,
            "y": 568.8076464828738,
            "z": 10.0
        },
        {
            "x": 562.9820413687437,
            "y": 588.1138981069591,
            "z": 10.0
        },
        {
            "x": 573.7534691657163,
            "y": 582.0108075713873,
            "z": 10.0
        },
        {
            "x": 566.2147289138576,
            "y": 583.331458282548,
            "z": 10.0
        },
        {
            "x": 582.6795102770044,
            "y": 560.6857147996458,
            "z": 10.0
        },
        {
            "x": 574.7136537403226,
            "y": 562.438208741332,
            "z": 10.0
        },
        {
            "x": 582.7177431763014,
            "y": 553.2699452606171,
            "z": 10.0
        },
        {
            "x": 584.7347064248637,
            "y": 583.818112810264,
            "z": 10.0
        },
        {
            "x": 590.5387784473849,
            "y": 579.3930971079901,
            "z": 10.0
        },
        {
            "x": 584.4354245404655,
            "y": 562.7742881038445,
            "z": 10.0
        },
        {
            "x": 580.139604785631,
            "y": 567.9707446144168,
            "z": 10.0
        },
        {
            "x": 566.1535880482701,
            "y": 557.4982598912251,
            "z": 10.0
        },
        {
            "x": 579.3098785698033,
            "y": 569.4745986295145,
            "z": 10.0
        },
        {
            "x": 591.7913320501405,
            "y": 570.7512797426839,
            "z": 10.0
        },
        {
            "x": 562.33918381034,
            "y": 564.4201700351113,
            "z": 10.0
        },
        {
            "x": 559.3352415596994,
            "y": 583.4674386068106,
            "z": 10.0
        },
        {
            "x": 580.0540556834358,
            "y": 548.2628089789657,
            "z": 10.0
        },
        {
            "x": 551.5086491262388,
            "y": 571.7058690855239,
            "z": 10.0
        },
        {
            "x": 567.2575218308507,
            "y": 564.3100980265364,
            "z": 10.0
        },
        {
            "x": 578.1966901395167,
            "y": 554.2666742500297,
            "z": 10.0
        },
        {
            "x": 579.7529641473479,
            "y": 571.0397101001184,
            "z": 10.0
        },
        {
            "x": 583.296370131866,
            "y": 569.249524402236,
            "z": 10.0
        },
        {
            "x": 576.9958951341133,
            "y": 567.998838623205,
            "z": 10.0
        },
        {
            "x": 559.1108841121031,
            "y": 556.002551933726,
            "z": 10.0
        }
    ],
    "sensors": [
        {
            "x": 530.2830444204872,
            "y": 575.1698834788051,
            "z": -1.0
        },
        {
            "x": 612.8621161617167,
            "y": 590.9109313079259,
            "z": -1.0
        },
        {
            "x": 595.6628586980343,
            "y": 548.9214581832587,
            "z": -1.0
        },
        {
            "x": 534.489126292224,
            "y": 550.872291902741,
            "z": -1.0
        },
        {
            "x": 541.1857742628948,
            "y": 569.5208217856655,
            "z": -1.0
        },
        {
            "x": 588.0499960058025,
            "y": 603.819088542914,
            "z": -1.0
        },
        {
            "x": 570.9840598816702,
            "y": 533.935676654922,
            "z": -1.0
        },
        {
            "x": 556.0521949959336,
            "y": 541.0850156956501,
            "z": -1.0
        },
        {
            "x": 550.2537833685305,
            "y": 594.3052690636803,
            "z": -1.0
        },
        {
            "x": 535.7749636171145,
            "y": 592.2206294644598,
            "z": -1.0
        },
        {
            "x": 585.2131666447663,
            "y": 597.9239612431168,
            "z": -1.0
        },
        {
            "x": 550.3071045722616,
            "y": 593.3291634126966,
            "z": -1.0
        },
        {
            "x": 585.0069020564747,
            "y": 609.4032356457758,
            "z": -1.0
        },
        {
            "x": 599.7426826913947,
            "y": 587.2317235221028,
            "z": -1.0
        },
        {
            "x": 565.468220809702,
            "y": 597.7436062344335,
            "z": -1.0
        },
        {
            "x": 603.268294912795,
            "y": 589.3703924278001,
            "z": -1.0
        },
        {
            "x": 549.5296011741779,
            "y": 574.9566568154598,
            "z": -1.0
        },
        {
            "x": 578.9042643786283,
            "y": 597.4405388144937,
            "z": -1.0
        },
        {
            "x": 592.5353344756638,
            "y": 549.8433388592697,
            "z": -1.0
        },
        {
            "x": 529.7711831185975,
            "y": 572.5167332158685,
            "z": -1.0
        },
        {
            "x": 564.4351841979194,
            "y": 538.6129728605514,
            "z": -1.0
        },
        {
            "x": 610.9311746369619,
            "y": 568.8224436446383,
            "z": -1.0
        },
        {
            "x": 572.7682297066625,
            "y": 531.3248540068664,
            "z": -1.0
        },
        {
            "x": 585.1560822765049,
            "y": 606.1474678291636,
            "z": -1.0
        },
        {
            "x": 571.4674953154064,
            "y": 526.0043887132144,
            "z": -1.0
        },
        {
            "x": 591.645049590042,
            "y": 591.4775048566607,
            "z": -1.0
        },
        {
            "x": 543.1691041022771,
            "y": 543.0361741852023,
            "z": -1.0
        },
        {
            "x": 589.1798127421896,
            "y": 596.2866454653314,
            "z": -1.0
        },
        {
            "x": 580.1976963984698,
            "y": 599.5202334500744,
            "z": -1.0
        },
        {
            "x": 565.1228253280701,
            "y": 537.5721620388829,
            "z": -1.0
        },
        {
            "x": 537.3995498563556,
            "y": 583.834528039249,
            "z": -1.0
        },
        {
            "x": 550.1732147284554,
            "y": 541.6952118543956,
            "z": -1.0
        },
        {
            "x": 613.3912399235722,
            "y": 564.4299870369575,
            "z": -1.0
        },
        {
            "x": 541.8877896889855,
            "y": 578.2546351986227,
            "z": -1.0
        },
        {
            "x": 557.4914547068389,
            "y": 595.0552486852098,
            "z": -1.0
        },
        {
            "x": 556.0569389861124,
            "y": 538.9049624037982,
            "z": -1.0
        },
        {
            "x": 567.0925044682156,
            "y": 539.4617767316207,
            "z": -1.0
        },
        {
            "x": 587.8738303361198,
            "y": 532.0094853818766,
            "z": -1.0
        },
        {
            "x": 604.0023402675481,
            "y": 591.6353795800351,
            "z": -1.0
        },
        {
            "x": 599.8117944374072,
            "y": 599.8195032669861,
            "z": -1.0
        },
        {
            "x": 600.7550236527259,
            "y": 538.918876202695,
            "z": -1.0
        },
        {
            "x": 549.9936514251384,
            "y": 533.5497608699368,
            "z": -1.0
        },
        {
            "x": 537.4081449001068,
            "y": 553.2034699401295,
            "z": -1.0
        },
        {
            "x": 590.9395511863456,
            "y": 545.4338878108109,
            "z": -1.0
        },
        {
            "x": 553.074715889184,
            "y": 549.4951081688009,
            "z": -1.0
        },
        {
            "x": 603.8175798815804,
            "y": 550.1893937786275,
            "z": -1.0
        },
        {
            "x": 567.855804328857,
            "y": 535.2119135153451,
            "z": -1.0
        },
        {
            "x": 544.4386985060324,
            "y": 572.4823305600265,
            "z": -1.0
        },
        {
            "x": 587.9420638705989,
            "y": 533.162688944936,
            "z": -1.0
        },
        {
            "x": 562.4540055014247,
            "y": 527.7216368363054,
            "z": -1.0
        },
        {
            "x": 567.8589325757082,
            "y": 533.9500237183468,
            "z": -1.0
        },
        {
            "x": 570.6998171739804,
            "y": 530.6062943750154,
            "z": -1.0
        },
        {
            "x": 554.5848896819424,
            "y": 597.5027109422381,
            "z": -1.0
        },
        {
            "x": 571.7650611288984,
            "y": 606.3652460253978,
            "z": -1.0
        },
        {
            "x": 573.8278501016378,
            "y": 604.5565527166691,
            "z": -1.0
        },
        {
            "x": 600.3572985979918,
            "y": 550.253349094902,
            "z": -1.0
        },
        {
            "x": 549.1978255276533,
            "y": 584.939496146802,
            "z": -1.0
        },
        {
            "x": 604.0889265704101,
            "y": 575.8428298416849,
            "z": -1.0
        },
        {
            "x": 601.4491484977674,
            "y": 538.7509684805256,
            "z": -1.0
        },
        {
            "x": 592.0091939631192,
            "y": 529.2836202919314,
            "z": -1.0
        },
        {
            "x": 573.0430508391642,
            "y": 539.2176921190351,
            "z": -1.0
        },
        {
            "x": 595.5566231342634,
            "y": 584.7805671154387,
            "z": -1.0
        },
        {
            "x": 534.3853041004958,
            "y": 557.9994155775755,
            "z": -1.0
        },
        {
            "x": 542.9949010515429,
            "y": 541.7569782972186,
            "z": -1.0
        },
        {
            "x": 593.1927068172017,
            "y": 549.6978143374702,
            "z": -1.0
        },
        {
            "x": 580.1618931625901,
            "y": 598.8250236604839,
            "z": -1.0
        },
        {
            "x": 592.1009957491842,
            "y": 547.5170907509455,
            "z": -1.0
        },
        {
            "x": 609.151154891658,
            "y": 547.4498260640937,
            "z": -1.0
        },
        {
            "x": 535.8744961480786,
            "y": 558.5991122950595,
            "z": -1.0
        },
        {
            "x": 547.0483076128293,
            "y": 544.1993686021085,
            "z": -1.0
        },
        {
            "x": 555.0839410664515,
            "y": 545.0641779665414,
            "z": -1.0
        },
        {
            "x": 605.5788546250637,
            "y": 584.7128781171083,
            "z": -1.0
        },
        {
            "x": 582.2987593897506,
            "y": 526.6065651355151,
            "z": -1.0
        },
        {
            "x": 553.5519585078871,
            "y": 553.7526160455626,
            "z": -1.0
        },
        {
            "x": 534.1460182390709,
            "y": 556.2971302028172,
            "z": -1.0
        },
        {
            "x": 543.0096464126124,
            "y": 553.3943725937655,
            "z": -1.0
        },
        {
            "x": 536.9808341669408,
            "y": 544.2965254778607,
            "z": -1.0
        },
        {
            "x": 535.0404096038981,
            "y": 562.0264062455802,
            "z": -1.0
        },
        {
            "x": 605.4464891434747,
            "y": 590.790312245562,
            "z": -1.0
        },
        {
            "x": 584.659025289861,
            "y": 605.0749719611089,
            "z": -1.0
        },
        {
            "x": 614.4314727481205,
            "y": 584.1130163554378,
            "z": -1.0
        },
        {
            "x": 566.3004346943595,
            "y": 609.2241960248717,
            "z": -1.0
        },
        {
            "x": 569.218082121249,
            "y": 530.9546574857352,
            "z": -1.0
        },
        {
            "x": 558.502053397413,
            "y": 533.9983445273948,
            "z": -1.0
        },
        {
            "x": 541.0260278773258,
            "y": 557.4353991738444,
            "z": -1.0
        },
        {
            "x": 599.9759900538035,
            "y": 594.3423018651617,
            "z": -1.0
        },
        {
            "x": 545.5374095325849,
            "y": 589.9448417057226,
            "z": -1.0
        },
        {
            "x": 601.2476743967486,
            "y": 574.4305162363478,
            "z": -1.0
        },
        {
            "x": 605.517830012543,
            "y": 550.6755031073096,
            "z": -1.0
        },
        {
            "x": 590.513452836653,
            "y": 528.0269695042246,
            "z": -1.0
        },
        {
            "x": 531.1240660743931,
            "y": 562.3230429156459,
            "z": -1.0
        },
        {
            "x": 536.1428539232058,
            "y": 562.8407622364183,
            "z": -1.0
        },
        {
            "x": 592.4077469911447,
            "y": 552.0166962392261,
            "z": -1.0
        },
        {
            "x": 531.1131785025483,
            "y": 558.1588379854268,
            "z": -1.0
        },
        {
            "x": 561.3597851055849,
            "y": 536.5116669654842,
            "z": -1.0
        },
        {
            "x": 586.2111689008892,
            "y": 530.9000415354415,
            "z": -1.0
        },
        {
            "x": 546.1992561002546,
            "y": 578.3304760310076,
            "z": -1.0
        },
        {
            "x": 548.6183330121653,
            "y": 592.3788917198133,
            "z": -1.0
        },
        {
            "x": 554.521280689076,
            "y": 546.0186760931888,
            "z": -1.0
        },
        {
            "x": 551.7714402039394,
            "y": 590.5617426254798,
            "z": -1.0
        },
        {
            "x": 596.8027195953525,
            "y": 535.8199510020527,
            "z": -1.0
        },
        {
            "x": 549.6316572877697,
            "y": 591.3695487822247,
            "z": -1.0
        },
        {
            "x": 556.7825712817478,
            "y": 547.0666373372962,
            "z": -1.0
        },
        {
            "x": 597.7486099731165,
            "y": 544.7451136901103,
            "z": -1.0
        },
        {
            "x": 554.2565832818732,
            "y": 586.3701269770527,
            "z": -1.0
        },
        {
            "x": 542.8646669203524,
            "y": 599.9291564871047,
            "z": -1.0
        },
        {
            "x": 597.2376221875278,
            "y": 577.9620143851103,
            "z": -1.0
        },
        {
            "x": 600.5779783849885,
            "y": 590.5614872036992,
            "z": -1.0
        },
        {
            "x": 610.33613750141,
            "y": 582.1466427936867,
            "z": -1.0
        },
        {
            "x": 601.4494294116295,
            "y": 565.8527940136063,
            "z": -1.0
        },
        {
            "x": 563.4330385933752,
            "y": 594.2997036887972,
            "z": -1.0
        },
        {
            "x": 607.9605795086967,
            "y": 541.5288929437664,
            "z": -1.0
        },
        {
            "x": 585.2598776529721,
            "y": 596.0347171418654,
            "z": -1.0
        },
        {
            "x": 612.1113061393387,
            "y": 571.4007528699485,
            "z": -1.0
        },
        {
            "x": 603.6559381946597,
            "y": 562.8394253323164,
            "z": -1.0
        },
        {
            "x": 600.2849990134027,
            "y": 554.3470025864789,
            "z": -1.0
        },
        {
            "x": 569.4820302399125,
            "y": 602.7123497632741,
            "z": -1.0
        },
        {
            "x": 605.1797497068881,
            "y": 590.6562450820923,
            "z": -1.0
        },
        {
            "x": 603.4221953053137,
            "y": 582.736317840556,
            "z": -1.0
        },
        {
            "x": 601.5003612741706,
            "y": 546.617705734876,
            "z": -1.0
        },
        {
            "x": 533.5072155125525,
            "y": 583.2208273872295,
            "z": -1.0
        },
        {
            "x": 603.7279035661818,
            "y": 568.3822760590908,
            "z": -1.0
        },
        {
            "x": 538.5696268153965,
            "y": 588.3627386961757,
            "z": -1.0
        },
        {
            "x": 581.9594962783423,
            "y": 603.7857716624343,
            "z": -1.0
        },
        {
            "x": 550.6268644931987,
            "y": 593.3823202939222,
            "z": -1.0
        },
        {
            "x": 566.027018679704,
            "y": 530.3597573308173,
            "z": -1.0
        },
        {
            "x": 608.6645585420686,
            "y": 588.9016580309783,
            "z": -1.0
        },
        {
            "x": 595.6484110450012,
            "y": 603.3697806768203,
            "z": -1.0
        },
        {
            "x": 538.594009894601,
            "y": 544.4456899285519,
            "z": -1.0
        },
        {
            "x": 548.0905180532917,
            "y": 555.1411421865139,
            "z": -1.0
        },
        {
            "x": 539.6657060512053,
            "y": 561.3210708145352,
            "z": -1.0
        },
        {
            "x": 547.2299921072507,
            "y": 565.5381211711842,
            "z": -1.0
        },
        {
            "x": 583.0723399919907,
            "y": 604.5769564981472,
            "z": -1.0
        },
        {
            "x": 545.7285153277145,
            "y": 579.979732948304,
            "z": -1.0
        },
        {
            "x": 551.6906671000246,
            "y": 604.5491705841152,
            "z": -1.0
        },
        {
            "x": 595.6844825914645,
            "y": 554.9476946514894,
            "z": -1.0
        },
        {
            "x": 544.0754964897685,
            "y": 581.6313325995231,
            "z": -1.0
        },
        {
            "x": 531.568945053115,
            "y": 578.6156837694678,
            "z": -1.0
        },
        {
            "x": 585.1241430771225,
            "y": 539.0520514390952,
            "z": -1.0
        },
        {
            "x": 582.2743037566921,
            "y": 600.8020195376819,
            "z": -1.0
        },
        {
            "x": 566.8944956193184,
            "y": 527.6278824672057,
            "z": -1.0
        },
        {
            "x": 543.9883142992212,
            "y": 583.4164823105883,
            "z": -1.0
        },
        {
            "x": 584.2930265645942,
            "y": 609.6015328289311,
            "z": -1.0
        },
        {
            "x": 598.0082519214332,
            "y": 542.2501051678719,
            "z": -1.0
        },
        {
            "x": 562.0519247574874,
            "y": 531.5134968843843,
            "z": -1.0
        },
        {
            "x": 538.7449813011583,
            "y": 583.7161859422296,
            "z": -1.0
        },
        {
            "x": 600.856501699487,
            "y": 559.2467674840343,
            "z": -1.0
        },
        {
            "x": 601.4209782560873,
            "y": 565.7747459739182,
            "z": -1.0
        },
        {
            "x": 535.7524675195169,
            "y": 575.7885150016039,
            "z": -1.0
        },
        {
            "x": 545.3142399999671,
            "y": 574.9232744120246,
            "z": -1.0
        },
        {
            "x": 607.8476624632557,
            "y": 540.9209077630657,
            "z": -1.0
        },
        {
            "x": 605.6277985974348,
            "y": 568.9170615694778,
            "z": -1.0
        },
        {
            "x": 557.2547448580466,
            "y": 610.2041715439525,
            "z": -1.0
        },
        {
            "x": 580.3202127396117,
            "y": 531.3680865678615,
            "z": -1.0
        },
        {
            "x": 535.1167317161771,
            "y": 568.100692706824,
            "z": -1.0
        },
        {
            "x": 600.0786966810874,
            "y": 597.1344340820267,
            "z": -1.0
        },
        {
            "x": 596.0961393230649,
            "y": 550.1104843406501,
            "z": -1.0
        },
        {
            "x": 568.7096480859581,
            "y": 539.7666863301222,
            "z": -1.0
        },
        {
            "x": 564.2463517725779,
            "y": 535.3988230295679,
            "z": -1.0
        },
        {
            "x": 581.0970595957066,
            "y": 609.1560970402818,
            "z": -1.0
        },
        {
            "x": 573.868173273376,
            "y": 595.5289354309068,
            "z": -1.0
        },
        {
            "x": 554.2625889731573,
            "y": 532.0357958215726,
            "z": -1.0
        },
        {
            "x": 601.1432423021703,
            "y": 601.6775121120352,
            "z": -1.0
        },
        {
            "x": 534.3673361204219,
            "y": 549.3207973164361,
            "z": -1.0
        },
        {
            "x": 586.5302458629703,
            "y": 536.574811930574,
            "z": -1.0
        },
        {
            "x": 552.0495914810338,
            "y": 545.184433810015,
            "z": -1.0
        },
        {
            "x": 556.1180828831873,
            "y": 537.1375972476023,
            "z": -1.0
        },
        {
            "x": 557.2092524660017,
            "y": 587.883925198923,
            "z": -1.0
        },
        {
            "x": 601.3414936531506,
            "y": 536.4208940125395,
            "z": -1.0
        },
        {
            "x": 602.5206961709312,
            "y": 574.3439887145794,
            "z": -1.0
        },
        {
            "x": 581.3668431288004,
            "y": 543.6684415794564,
            "z": -1.0
        },
        {
            "x": 548.1918318732593,
            "y": 565.9031344316817,
            "z": -1.0
        },
        {
            "x": 585.4739151895138,
            "y": 596.8908148037052,
            "z": -1.0
        },
        {
            "x": 555.0129660552714,
            "y": 533.2473921397359,
            "z": -1.0
        },
        {
            "x": 593.8514593427456,
            "y": 606.4398247390526,
            "z": -1.0
        },
        {
            "x": 562.9771597877217,
            "y": 598.2814510134823,
            "z": -1.0
        },
        {
            "x": 543.2892975583052,
            "y": 600.8971535797665,
            "z": -1.0
        },
        {
            "x": 570.6219243505737,
            "y": 535.2206260022314,
            "z": -1.0
        },
        {
            "x": 583.9441883681009,
            "y": 594.4788137096926,
            "z": -1.0
        },
        {
            "x": 599.3368141118914,
            "y": 566.4731530759198,
            "z": -1.0
        },
        {
            "x": 538.0996816411804,
            "y": 574.0573568778525,
            "z": -1.0
        },
        {
            "x": 600.21343056393,
            "y": 549.8482929429813,
            "z": -1.0
        },
        {
            "x": 541.0306962414218,
            "y": 568.688640444674,
            "z": -1.0
        },
        {
            "x": 594.9232072850178,
            "y": 549.1122410567087,
            "z": -1.0
        },
        {
            "x": 537.1405949294515,
            "y": 556.1934306826626,
            "z": -1.0
        },
        {
            "x": 597.2400354738757,
            "y": 592.9403570359231,
            "z": -1.0
        },
        {
            "x": 554.6752948123328,
            "y": 551.8086095382214,
            "z": -1.0
        },
        {
            "x": 550.6358294637218,
            "y": 533.0525328772126,
            "z": -1.0
        },
        {
            "x": 607.0351903128501,
            "y": 578.1146826456788,
            "z": -1.0
        },
        {
            "x": 561.8325460163273,
            "y": 544.5803415774044,
            "z": -1.0
        },
        {
            "x": 575.2539256815589,
            "y": 543.1763885653148,
            "z": -1.0
        },
        {
            "x": 541.1109649075124,
            "y": 578.6007721695705,
            "z": -1.0
        },
        {
            "x": 552.5144476964726,
            "y": 590.9357286588314,
            "z": -1.0
        },
        {
            "x": 564.4923794906473,
            "y": 602.807192090811,
            "z": -1.0
        },
        {
            "x": 533.6693658560719,
            "y": 565.3856205306307,
            "z": -1.0
        },
        {
            "x": 541.2363790521749,
            "y": 543.6450566835285,
            "z": -1.0
        },
        {
            "x": 566.320380644475,
            "y": 526.2496723874103,
            "z": -1.0
        },
        {
            "x": 609.3273836267277,
            "y": 584.8928455379204,
            "z": -1.0
        },
        {
            "x": 579.5628642772252,
            "y": 598.1037783153932,
            "z": -1.0
        },
        {
            "x": 581.8871389932083,
            "y": 528.8264836425984,
            "z": -1.0
        },
        {
            "x": 550.3807828914971,
            "y": 525.6910050453282,
            "z": -1.0
        },
        {
            "x": 516.1544016140766,
            "y": 554.6302581640709,
            "z": -1.0
        },
        {
            "x": 595.0750371923993,
            "y": 617.0818367317237,
            "z": -1.0
        },
        {
            "x": 513.676088612546,
            "y": 565.8479598894683,
            "z": -1.0
        },
        {
            "x": 614.848607289537,
            "y": 629.2129114145094,
            "z": -1.0
        },
        {
            "x": 505.81542660624143,
            "y": 552.7631687927592,
            "z": -1.0
        },
        {
            "x": 541.8087778934004,
            "y": 506.47025172738296,
            "z": -1.0
        },
        {
            "x": 601.1273803670721,
            "y": 531.4249560337005,
            "z": -1.0
        },
        {
            "x": 618.3922742761995,
            "y": 579.5938769421168,
            "z": -1.0
        },
        {
            "x": 557.6299042184639,
            "y": 617.0834520100827,
            "z": -1.0
        },
        {
            "x": 543.3101039993232,
            "y": 503.9384366329681,
            "z": -1.0
        },
        {
            "x": 530.1387997684154,
            "y": 495.58879437356046,
            "z": -1.0
        },
        {
            "x": 582.0778772025778,
            "y": 521.2862989133889,
            "z": -1.0
        },
        {
            "x": 523.258665595451,
            "y": 537.2425400535042,
            "z": -1.0
        },
        {
            "x": 538.9183202775843,
            "y": 503.4854213656836,
            "z": -1.0
        },
        {
            "x": 530.7824997532574,
            "y": 529.8769393986167,
            "z": -1.0
        },
        {
            "x": 535.2933238416315,
            "y": 491.53025301970445,
            "z": -1.0
        },
        {
            "x": 636.2528932576381,
            "y": 637.1147361765713,
            "z": -1.0
        },
        {
            "x": 495.27555768433797,
            "y": 533.920571824509,
            "z": -1.0
        },
        {
            "x": 494.8840105746175,
            "y": 537.3982792472914,
            "z": -1.0
        },
        {
            "x": 605.4943897775539,
            "y": 645.9527904869306,
            "z": -1.0
        },
        {
            "x": 616.1170815511034,
            "y": 512.6987228068069,
            "z": -1.0
        },
        {
            "x": 644.2368588374927,
            "y": 656.7879993717727,
            "z": -1.0
        },
        {
            "x": 534.0662859807802,
            "y": 611.6555556719874,
            "z": -1.0
        },
        {
            "x": 501.98162025868567,
            "y": 571.084361793838,
            "z": -1.0
        },
        {
            "x": 479.634775658749,
            "y": 528.5166440662144,
            "z": -1.0
        },
        {
            "x": 574.5175263351028,
            "y": 501.0732352327829,
            "z": -1.0
        },
        {
            "x": 529.4094470535975,
            "y": 620.8262850086701,
            "z": -1.0
        },
        {
            "x": 514.1451629432565,
            "y": 552.4014405677499,
            "z": -1.0
        },
        {
            "x": 515.4128326508735,
            "y": 547.524232391835,
            "z": -1.0
        },
        {
            "x": 523.5011082258077,
            "y": 496.18934274071245,
            "z": -1.0
        },
        {
            "x": 641.7625236829433,
            "y": 639.8593792058662,
            "z": -1.0
        },
        {
            "x": 524.4160870238608,
            "y": 545.1401023740177,
            "z": -1.0
        },
        {
            "x": 526.6374814259002,
            "y": 545.1143089001606,
            "z": -1.0
        },
        {
            "x": 608.5852877459431,
            "y": 501.7926526760578,
            "z": -1.0
        },
        {
            "x": 509.24920242395274,
            "y": 540.4176086091513,
            "z": -1.0
        },
        {
            "x": 629.9389121815755,
            "y": 593.6720268507545,
            "z": -1.0
        },
        {
            "x": 602.5394675706124,
            "y": 633.4116146913277,
            "z": -1.0
        },
        {
            "x": 479.3754460566648,
            "y": 512.7593432619007,
            "z": -1.0
        },
        {
            "x": 462.5881341698044,
            "y": 523.796450909968,
            "z": -1.0
        },
        {
            "x": 500.6855892431363,
            "y": 589.843901862307,
            "z": -1.0
        },
        {
            "x": 489.98846539055285,
            "y": 496.6550258786168,
            "z": -1.0
        },
        {
            "x": 620.140097024307,
            "y": 510.02202478930803,
            "z": -1.0
        },
        {
            "x": 594.1916598003761,
            "y": 621.9527693476175,
            "z": -1.0
        },
        {
            "x": 580.1324230643713,
            "y": 479.60587456654866,
            "z": -1.0
        },
        {
            "x": 555.1837164809107,
            "y": 476.70133613082965,
            "z": -1.0
        },
        {
            "x": 463.8785048217442,
            "y": 502.80972281969036,
            "z": -1.0
        },
        {
            "x": 553.5061248338781,
            "y": 510.8448516390166,
            "z": -1.0
        },
        {
            "x": 623.3413622259429,
            "y": 640.171429084505,
            "z": -1.0
        },
        {
            "x": 481.6141762952382,
            "y": 481.1021161129519,
            "z": -1.0
        },
        {
            "x": 553.1987265888694,
            "y": 475.85451921387687,
            "z": -1.0
        },
        {
            "x": 452.7734649807268,
            "y": 520.3730445605604,
            "z": -1.0
        },
        {
            "x": 511.0138371837391,
            "y": 561.2014638620404,
            "z": -1.0
        },
        {
            "x": 498.12401498109176,
            "y": 592.7283589934693,
            "z": -1.0
        },
        {
            "x": 624.0855527497397,
            "y": 552.0230729851503,
            "z": -1.0
        },
        {
            "x": 582.5392505293675,
            "y": 489.8283603551762,
            "z": -1.0
        },
        {
            "x": 454.0911375225995,
            "y": 497.0443074355333,
            "z": -1.0
        },
        {
            "x": 559.1049199853101,
            "y": 478.6150290771269,
            "z": -1.0
        },
        {
            "x": 585.6423469279617,
            "y": 472.27959930228974,
            "z": -1.0
        },
        {
            "x": 480.5106045070588,
            "y": 482.6758829678637,
            "z": -1.0
        },
        {
            "x": 467.1843081973872,
            "y": 543.5710546890512,
            "z": -1.0
        },
        {
            "x": 552.3071978645855,
            "y": 467.19511366292124,
            "z": -1.0
        },
        {
            "x": 582.3324995678479,
            "y": 497.94256770449,
            "z": -1.0
        },
        {
            "x": 431.0238068048469,
            "y": 517.7694961363949,
            "z": -1.0
        },
        {
            "x": 493.9430996804539,
            "y": 594.5730909400702,
            "z": -1.0
        },
        {
            "x": 459.57113602499624,
            "y": 547.6292885895953,
            "z": -1.0
        },
        {
            "x": 463.97011536829297,
            "y": 521.166072298576,
            "z": -1.0
        },
        {
            "x": 463.17149942518097,
            "y": 545.7912008492282,
            "z": -1.0
        },
        {
            "x": 471.2248414965132,
            "y": 507.54820450532395,
            "z": -1.0
        },
        {
            "x": 639.7797112130731,
            "y": 603.4758839251837,
            "z": -1.0
        },
        {
            "x": 594.4426608389774,
            "y": 461.7522400271778,
            "z": -1.0
        },
        {
            "x": 513.4499199453842,
            "y": 491.2416770142684,
            "z": -1.0
        },
        {
            "x": 477.97535680339223,
            "y": 480.7933689382459,
            "z": -1.0
        },
        {
            "x": 606.4662465845549,
            "y": 522.0770271422994,
            "z": -1.0
        },
        {
            "x": 461.2172482771135,
            "y": 556.4286437898587,
            "z": -1.0
        },
        {
            "x": 533.2816705078075,
            "y": 549.7090600916742,
            "z": -1.0
        },
        {
            "x": 465.53003202042044,
            "y": 519.9366201476679,
            "z": -1.0
        },
        {
            "x": 511.82170481028635,
            "y": 567.5549571877153,
            "z": -1.0
        },
        {
            "x": 551.5142171423207,
            "y": 481.7313758841736,
            "z": -1.0
        },
        {
            "x": 583.2664657787205,
            "y": 506.73001113992285,
            "z": -1.0
        },
        {
            "x": 569.7783146117607,
            "y": 476.02537278626426,
            "z": -1.0
        },
        {
            "x": 525.061311257654,
            "y": 550.4918706203113,
            "z": -1.0
        },
        {
            "x": 584.3470736647641,
            "y": 637.4251211169795,
            "z": -1.0
        },
        {
            "x": 422.85648054282103,
            "y": 534.081075928683,
            "z": -1.0
        },
        {
            "x": 557.896867841362,
            "y": 449.4743998680571,
            "z": -1.0
        },
        {
            "x": 520.7591688859391,
            "y": 511.16515209585134,
            "z": -1.0
        },
        {
            "x": 452.1152377405492,
            "y": 484.05290264079997,
            "z": -1.0
        },
        {
            "x": 504.2208596045187,
            "y": 503.9964388096093,
            "z": -1.0
        },
        {
            "x": 604.8889677755692,
            "y": 522.1602938160837,
            "z": -1.0
        },
        {
            "x": 485.641695174775,
            "y": 516.352212671551,
            "z": -1.0
        },
        {
            "x": 515.5895452477573,
            "y": 506.45961036945636,
            "z": -1.0
        },
        {
            "x": 539.4580201328328,
            "y": 518.3366238366912,
            "z": -1.0
        },
        {
            "x": 462.51002458017877,
            "y": 566.3106689924036,
            "z": -1.0
        },
        {
            "x": 476.6946603336799,
            "y": 505.40925294945674,
            "z": -1.0
        },
        {
            "x": 485.1786335339196,
            "y": 494.41521881719564,
            "z": -1.0
        },
        {
            "x": 476.20348913928547,
            "y": 541.5635644465999,
            "z": -1.0
        },
        {
            "x": 577.9679878083837,
            "y": 449.56373026915696,
            "z": -1.0
        },
        {
            "x": 563.2993669613627,
            "y": 518.6850606246203,
            "z": -1.0
        },
        {
            "x": 584.1753250932563,
            "y": 511.4768582337492,
            "z": -1.0
        },
        {
            "x": 511.3606425260908,
            "y": 494.02158651499985,
            "z": -1.0
        },
        {
            "x": 464.8903580668872,
            "y": 487.0683282981339,
            "z": -1.0
        },
        {
            "x": 533.8784479971926,
            "y": 598.6669117762407,
            "z": -1.0
        },
        {
            "x": 481.8192878591966,
            "y": 559.9248326471609,
            "z": -1.0
        },
        {
            "x": 571.9004696703719,
            "y": 476.52251975165393,
            "z": -1.0
        },
        {
            "x": 467.64460416091487,
            "y": 559.1857985563457,
            "z": -1.0
        },
        {
            "x": 441.332151154594,
            "y": 529.0679658696697,
            "z": -1.0
        },
        {
            "x": 611.1958717111262,
            "y": 630.5061696396464,
            "z": -1.0
        },
        {
            "x": 574.7190327125466,
            "y": 499.96454281320905,
            "z": -1.0
        },
        {
            "x": 415.09244119484464,
            "y": 503.7691752601824,
            "z": -1.0
        },
        {
            "x": 500.81558944873615,
            "y": 497.57441243344283,
            "z": -1.0
        },
        {
            "x": 543.2250075972374,
            "y": 457.4236196621413,
            "z": -1.0
        },
        {
            "x": 562.0593784224013,
            "y": 625.066290915585,
            "z": -1.0
        },
        {
            "x": 528.9037223462267,
            "y": 439.7758481421039,
            "z": -1.0
        },
        {
            "x": 438.24276788624536,
            "y": 469.3824293570412,
            "z": -1.0
        },
        {
            "x": 597.9656241373485,
            "y": 496.0387939016193,
            "z": -1.0
        },
        {
            "x": 418.3506171899979,
            "y": 510.15640139037134,
            "z": -1.0
        },
        {
            "x": 547.4692759911298,
            "y": 454.2080274829058,
            "z": -1.0
        },
        {
            "x": 407.0547623819499,
            "y": 515.7125424502794,
            "z": -1.0
        },
        {
            "x": 449.95533704007573,
            "y": 465.0749612273947,
            "z": -1.0
        },
        {
            "x": 483.1689674844927,
            "y": 578.6634119920033,
            "z": -1.0
        },
        {
            "x": 589.7818529666633,
            "y": 482.51179414247963,
            "z": -1.0
        },
        {
            "x": 533.9912996702499,
            "y": 454.0010088696132,
            "z": -1.0
        },
        {
            "x": 425.1014284373185,
            "y": 495.4008831867944,
            "z": -1.0
        },
        {
            "x": 462.9200603082296,
            "y": 552.701590481027,
            "z": -1.0
        },
        {
            "x": 522.4390047190719,
            "y": 557.2988182715734,
            "z": -1.0
        },
        {
            "x": 457.84486480401694,
            "y": 478.5616959577081,
            "z": -1.0
        },
        {
            "x": 525.0952980933514,
            "y": 429.9018828697109,
            "z": -1.0
        },
        {
            "x": 494.5607543756465,
            "y": 475.5899391987324,
            "z": -1.0
        },
        {
            "x": 513.4365041635804,
            "y": 448.2675322058453,
            "z": -1.0
        },
        {
            "x": 495.5314496182241,
            "y": 608.9702451384094,
            "z": -1.0
        },
        {
            "x": 481.73438635570363,
            "y": 592.9452475022018,
            "z": -1.0
        },
        {
            "x": 496.7901597189426,
            "y": 557.794732690628,
            "z": -1.0
        },
        {
            "x": 435.0754387064916,
            "y": 462.14977023168865,
            "z": -1.0
        },
        {
            "x": 627.052264334168,
            "y": 495.3660109169708,
            "z": -1.0
        },
        {
            "x": 509.20528579346376,
            "y": 619.5471380630247,
            "z": -1.0
        },
        {
            "x": 440.25951656632503,
            "y": 539.7697725614305,
            "z": -1.0
        },
        {
            "x": 428.27020547997,
            "y": 522.25679397408,
            "z": -1.0
        },
        {
            "x": 527.1796109572225,
            "y": 448.69033990766366,
            "z": -1.0
        },
        {
            "x": 583.7460237598774,
            "y": 476.30933722000236,
            "z": -1.0
        },
        {
            "x": 620.1732841240035,
            "y": 543.5661866106158,
            "z": -1.0
        },
        {
            "x": 520.3918060773105,
            "y": 474.1575119955396,
            "z": -1.0
        },
        {
            "x": 633.760390349247,
            "y": 578.9027123632187,
            "z": -1.0
        },
        {
            "x": 478.4484033390498,
            "y": 608.814028118838,
            "z": -1.0
        },
        {
            "x": 564.0437681728362,
            "y": 517.566230177937,
            "z": -1.0
        },
        {
            "x": 478.95036695423266,
            "y": 480.2945131795016,
            "z": -1.0
        },
        {
            "x": 558.6043975938745,
            "y": 494.59581955456935,
            "z": -1.0
        },
        {
            "x": 429.83116307655075,
            "y": 532.0889294895165,
            "z": -1.0
        },
        {
            "x": 644.9104659965145,
            "y": 485.88600406432636,
            "z": -1.0
        },
        {
            "x": 660.1316118624267,
            "y": 475.2139229022773,
            "z": -1.0
        },
        {
            "x": 389.92534113657615,
            "y": 510.75980184592635,
            "z": -1.0
        },
        {
            "x": 380.4078599756853,
            "y": 489.20798231628123,
            "z": -1.0
        },
        {
            "x": 656.1636448231393,
            "y": 628.2344827453246,
            "z": -1.0
        },
        {
            "x": 370.23585213163966,
            "y": 501.5542849549944,
            "z": -1.0
        },
        {
            "x": 454.51387394165306,
            "y": 461.4141906794762,
            "z": -1.0
        },
        {
            "x": 368.370893042968,
            "y": 474.17846869614885,
            "z": -1.0
        },
        {
            "x": 524.4468952706093,
            "y": 512.8557151881298,
            "z": -1.0
        },
        {
            "x": 443.25311914851454,
            "y": 448.23992853919134,
            "z": -1.0
        },
        {
            "x": 464.7800271181206,
            "y": 490.89084181526357,
            "z": -1.0
        },
        {
            "x": 384.5712594681463,
            "y": 485.96535708984527,
            "z": -1.0
        },
        {
            "x": 500.2398003807277,
            "y": 595.0857271398539,
            "z": -1.0
        },
        {
            "x": 613.7229515688791,
            "y": 645.2483882303479,
            "z": -1.0
        },
        {
            "x": 363.4411607409275,
            "y": 518.2692071841891,
            "z": -1.0
        },
        {
            "x": 345.08043347627165,
            "y": 526.6713168625823,
            "z": -1.0
        },
        {
            "x": 484.6777394837057,
            "y": 490.680809467138,
            "z": -1.0
        },
        {
            "x": 368.10284280310077,
            "y": 450.880811798021,
            "z": -1.0
        },
        {
            "x": 323.05940716842053,
            "y": 518.802816344984,
            "z": -1.0
        },
        {
            "x": 664.5746214901177,
            "y": 601.7734903414812,
            "z": -1.0
        },
        {
            "x": 507.90073055456617,
            "y": 479.4031136349986,
            "z": -1.0
        },
        {
            "x": 433.7198433263405,
            "y": 488.9525143969092,
            "z": -1.0
        },
        {
            "x": 550.1287811413179,
            "y": 454.0686449970318,
            "z": -1.0
        },
        {
            "x": 356.69243061455825,
            "y": 476.0878437540103,
            "z": -1.0
        },
        {
            "x": 524.4061355122467,
            "y": 411.440299349815,
            "z": -1.0
        },
        {
            "x": 377.9650117156969,
            "y": 479.87001382590023,
            "z": -1.0
        },
        {
            "x": 518.6338544190533,
            "y": 402.91213927098494,
            "z": -1.0
        },
        {
            "x": 523.2104005972178,
            "y": 428.70302130350547,
            "z": -1.0
        },
        {
            "x": 518.7797112188549,
            "y": 522.6835569768433,
            "z": -1.0
        },
        {
            "x": 443.4664325259534,
            "y": 462.3729215749898,
            "z": -1.0
        },
        {
            "x": 561.0204890282052,
            "y": 488.403801098659,
            "z": -1.0
        },
        {
            "x": 405.08239042123273,
            "y": 479.44236286401383,
            "z": -1.0
        },
        {
            "x": 506.9718192196051,
            "y": 465.1820535564442,
            "z": -1.0
        },
        {
            "x": 399.65634339964015,
            "y": 465.1590808324474,
            "z": -1.0
        },
        {
            "x": 488.2848741324253,
            "y": 520.9118713518749,
            "z": -1.0
        },
        {
            "x": 636.5258274169885,
            "y": 676.5344977205128,
            "z": -1.0
        },
        {
            "x": 362.85841353414526,
            "y": 531.5838192746888,
            "z": -1.0
        },
        {
            "x": 414.83467035929635,
            "y": 523.6596800340706,
            "z": -1.0
        },
        {
            "x": 529.414603971596,
            "y": 481.66938187622964,
            "z": -1.0
        },
        {
            "x": 485.5450641476722,
            "y": 574.0307695625904,
            "z": -1.0
        },
        {
            "x": 500.35236710634473,
            "y": 403.82702054756516,
            "z": -1.0
        },
        {
            "x": 546.7995797151119,
            "y": 415.12432712899243,
            "z": -1.0
        },
        {
            "x": 460.5383244971923,
            "y": 467.23404128332595,
            "z": -1.0
        },
        {
            "x": 632.3272927319169,
            "y": 551.0114431748074,
            "z": -1.0
        },
        {
            "x": 358.9776142422172,
            "y": 530.186969659024,
            "z": -1.0
        },
        {
            "x": 332.49669251327566,
            "y": 511.35765559259846,
            "z": -1.0
        },
        {
            "x": 413.2240151869464,
            "y": 553.2777327377195,
            "z": -1.0
        },
        {
            "x": 344.55477322362265,
            "y": 475.11861896125004,
            "z": -1.0
        },
        {
            "x": 545.1662074281913,
            "y": 499.77392349278614,
            "z": -1.0
        },
        {
            "x": 645.6123317998906,
            "y": 665.1140823571035,
            "z": -1.0
        },
        {
            "x": 368.559790615892,
            "y": 513.1614429407813,
            "z": -1.0
        },
        {
            "x": 372.00513194804546,
            "y": 497.4126149956646,
            "z": -1.0
        },
        {
            "x": 371.24521248664627,
            "y": 535.9216471203562,
            "z": -1.0
        }
    ],
    "center": {
        "x": 573.7461534754519,
        "y": 568.7599551203099,
        "z": 0.0
    },
    "radius": 25
}