{
    "W": 1000,
    "H": 1000,
    "depth": 1.0,
    "height": 10.0,
    "num_of_relays": 200,
    "num_of_sensors": 200,
    "relays": [
        {
            "x": 676.8990986697938,
            "y": 587.9513842653906,
            "z": 10.0
        },
        {
            "x": 699.0610291994776,
            "y": 574.7042304133181,
            "z": 10.0
        },
        {
            "x": 706.861465450692,
            "y": 645.4885443416397,
            "z": 10.0
        },
        {
            "x": 695.2594047936943,
            "y": 609.7047375453129,
            "z": 10.0
        },
        {
            "x": 678.3091879665847,
            "y": 646.6085858663428,
            "z": 10.0
        },
        {
            "x": 664.6542230035877,
            "y": 595.1513056428049,
            "z": 10.0
        },
        {
            "x": 668.3645454078168,
            "y": 622.0589756816289,
            "z": 10.0
        },
        {
            "x": 699.4565310561588,
            "y": 601.8754266483146,
            "z": 10.0
        },
        {
            "x": 677.7935976818892,
            "y": 629.5077306967953,
            "z": 10.0
        },
        {
            "x": 662.7733944503939,
            "y": 643.493657991134,
            "z": 10.0
        },
        {
            "x": 692.5441425180766,
            "y": 586.0742052563126,
            "z": 10.0
        },
        {
            "x": 664.7881618044825,
            "y": 615.8207224695471,
            "z": 10.0
        },
        {
            "x": 705.8732862733834,
            "y": 580.2144744075403,
            "z": 10.0
        },
        {
            "x": 692.5264085793897,
            "y": 581.6008930885038,
            "z": 10.0
        },
        {
            "x": 664.8311631231369,
            "y": 620.3476250752035,
            "z": 10.0
        },
        {
            "x": 701.3023833832111,
            "y": 592.3944445671399,
            "z": 10.0
        },
        {
            "x": 652.2979088648556,
            "y": 613.8254722934606,
            "z": 10.0
        },
        {
            "x": 647.6565645766183,
            "y": 619.5721397631659,
            "z": 10.0
        },
        {
            "x": 715.1757831326083,
            "y": 586.0626139067756,
            "z": 10.0
        },
        {
            "x": 726.9517595140285,
            "y": 624.6864954202102,
            "z": 10.0
        },
        {
            "x": 700.3618385125952,
            "y": 602.1831609355229,
            "z": 10.0
        },
        {
            "x": 652.479343990506,
            "y": 612.3068175132261,
            "z": 10.0
        },
        {
            "x": 728.3087162114323,
            "y": 611.9202991549788,
            "z": 10.0
        },
        {
            "x": 669.4418625859048,
            "y": 620.820625535991,
            "z": 10.0
        },
        {
            "x": 667.8934921159318,
            "y": 598.979196816433,
            "z": 10.0
        },
        {
            "x": 676.5532402818372,
            "y": 616.9958835046195,
            "z": 10.0
        },
        {
            "x": 677.4133823996666,
            "y": 631.4356856913863,
            "z": 10.0
        },
        {
            "x": 690.7251154740068,
            "y": 665.8430252887383,
            "z": 10.0
        },
        {
            "x": 659.3348294581717,
            "y": 591.2892139676858,
            "z": 10.0
        },
        {
            "x": 709.7292324944335,
            "y": 604.7163093269677,
            "z": 10.0
        },
        {
            "x": 680.0358501443912,
            "y": 615.5418293241488,
            "z": 10.0
        },
        {
            "x": 680.3246695347547,
            "y": 646.5671274349994,
            "z": 10.0
        },
        {
            "x": 653.4633457752749,
            "y": 597.0753266705171,
            "z": 10.0
        },
        {
            "x": 697.4586869016805,
            "y": 643.0712266408117,
            "z": 10.0
        },
        {
            "x": 694.6733812274001,
            "y": 615.0986112166511,
            "z": 10.0
        },
        {
            "x": 721.8426278873922,
            "y": 597.596095591974,
            "z": 10.0
        },
        {
            "x": 716.3385130398547,
            "y": 592.2936920406927,
            "z": 10.0
        },
        {
            "x": 658.9571616651133,
            "y": 612.1188130635809,
            "z": 10.0
        },
        {
            "x": 669.5836689460208,
            "y": 583.978112338513,
            "z": 10.0
        },
        {
            "x": 729.6471945824194,
            "y": 616.7731646094609,
            "z": 10.0
        },
        {
            "x": 709.3711916884339,
            "y": 629.7401089693965,
            "z": 10.0
        },
        {
            "x": 705.3160899578423,
            "y": 646.6748050190387,
            "z": 10.0
        },
        {
            "x": 689.2257781358795,
            "y": 645.1910996033072,
            "z": 10.0
        },
        {
            "x": 695.3945702415652,
            "y": 609.465248784119,
            "z": 10.0
        },
        {
            "x": 719.451487123867,
            "y": 641.2979440619238,
            "z": 10.0
        },
        {
            "x": 684.6007276379148,
            "y": 621.6632895797507,
            "z": 10.0
        },
        {
            "x": 697.9639634818394,
            "y": 585.6849569679398,
            "z": 10.0
        },
        {
            "x": 711.4265614426387,
            "y": 620.4647558302889,
            "z": 10.0
        },
        {
            "x": 695.5093765466474,
            "y": 633.3686220696372,
            "z": 10.0
        },
        {
            "x": 656.5662165813035,
            "y": 620.966524481205,
            "z": 10.0
        },
        {
            "x": 727.2902780708941,
            "y": 650.1409643406881,
            "z": 10.0
        },
        {
            "x": 646.8118474849026,
            "y": 619.4561450310824,
            "z": 10.0
        },
        {
            "x": 672.271015044159,
            "y": 660.6804708637999,
            "z": 10.0
        },
        {
            "x": 686.5562887143685,
            "y": 649.1075144291669,
            "z": 10.0
        },
        {
            "x": 716.9184131425244,
            "y": 631.3893181405726,
            "z": 10.0
        },
        {
            "x": 705.1297136613449,
            "y": 663.5225854065467,
            "z": 10.0
        },
        {
            "x": 682.1129031319172,
            "y": 596.6522350380735,
            "z": 10.0
        },
        {
            "x": 661.1082617699922,
            "y": 632.330136171023,
            "z": 10.0
        },
        {
            "x": 651.8074961511484,
            "y": 637.7794319238626,
            "z": 10.0
        },
        {
            "x": 673.8830277952158,
            "y": 623.0494134704629,
            "z": 10.0
        },
        {
            "x": 691.9492936146132,
            "y": 622.3231210831499,
            "z": 10.0
        },
        {
            "x": 709.937187843695,
            "y": 623.1047393283266,
            "z": 10.0
        },
        {
            "x": 731.742633141263,
            "y": 616.2599980547036,
            "z": 10.0
        },
        {
            "x": 696.6428837111646,
            "y": 663.9193450194891,
            "z": 10.0
        },
        {
            "x": 727.0392561082283,
            "y": 587.4030358749212,
            "z": 10.0
        },
        {
            "x": 682.6681940286326,
            "y": 633.6539196665592,
            "z": 10.0
        },
        {
            "x": 660.8102442414922,
            "y": 657.4384448131709,
            "z": 10.0
        },
        {
            "x": 716.7700332223726,
            "y": 581.0088695197408,
            "z": 10.0
        },
        {
            "x": 734.7380154055721,
            "y": 601.240880654043,
            "z": 10.0
        },
        {
            "x": 657.0815498634404,
            "y": 654.9931703548259,
            "z": 10.0
        },
        {
            "x": 670.8994317084881,
            "y": 603.5082402892315,
            "z": 10.0
        },
        {
            "x": 652.7924363894128,
            "y": 608.911459377154,
            "z": 10.0
        },
        {
            "x": 685.0317114637041,
            "y": 605.2692077654117,
            "z": 10.0
        },
        {
            "x": 690.1419806355206,
            "y": 570.8059082257238,
            "z": 10.0
        },
        {
            "x": 718.7503326120536,
            "y": 617.6941829697421,
            "z": 10.0
        },
        {
            "x": 710.7246908486595,
            "y": 653.8412798376817,
            "z": 10.0
        },
        {
            "x": 711.1908999259513,
            "y": 628.819692994151,
            "z": 10.0
        },
        {
            "x": 664.3751512408335,
            "y": 654.954043766049,
            "z": 10.0
        },
        {
            "x": 655.4199220275432,
            "y": 629.2427802319481,
            "z": 10.0
        },
        {
            "x": 682.4721312587458,
            "y": 614.6344793583404,
            "z": 10.0
        },
        {
            "x": 676.3340014738169,
            "y": 586.5689457942809,
            "z": 10.0
        },
        {
            "x": 661.3430414455553,
            "y": 628.8572423310261,
            "z": 10.0
        },
        {
            "x": 704.0292049303716,
            "y": 613.6540924549705,
            "z": 10.0
        },
        {
            "x": 701.8978479459382,
            "y": 576.5107488749987,
            "z": 10.0
        },
        {
            "x": 706.6827761782891,
            "y": 657.7566515740308,
            "z": 10.0
        },
        {
            "x": 694.4793124306045,
            "y": 576.1927327712855,
            "z": 10.0
        },
        {
            "x": 660.4934974818668,
            "y": 589.7771139776107,
            "z": 10.0
        },
        {
            "x": 656.5939962825366,
            "y": 610.4273681551526,
            "z": 10.0
        },
        {
            "x": 729.6288544360953,
            "y": 626.8222052393385,
            "z": 10.0
        },
        {
            "x": 718.6773644256535,
            "y": 652.9523856807513,
            "z": 10.0
        },
        {
            "x": 680.1831261504376,
            "y": 657.9845149739077,
            "z": 10.0
        },
        {
            "x": 709.9331692628438,
            "y": 615.7834164627188,
            "z": 10.0
        },
        {
            "x": 663.0721974788776,
            "y": 609.5090175278134,
            "z": 10.0
        },
        {
            "x": 693.6787989617843,
            "y": 619.1819324466546,
            "z": 10.0
        },
        {
            "x": 695.688189410791,
            "y": 580.5495392615994,
            "z": 10.0
        },
        {
            "x": 700.4151098075208,
            "y": 627.5934689543358,
            "z": 10.0
        },
        {
            "x": 653.5505712125911,
            "y": 629.2982156909641,
            "z": 10.0
        },
        {
            "x": 715.6921702903913,
            "y": 589.9691890677454,
            "z": 10.0
        },
        {
            "x": 647.4275048875136,
            "y": 626.8434578412522,
            "z": 10.0
        },
        {
            "x": 701.4833837614569,
            "y": 606.2707603248658,
            "z": 10.0
        },
        {
            "x": 711.2671732891395,
            "y": 641.1591563174684,
            "z": 10.0
        },
        {
            "x": 719.5834490059344,
            "y": 635.8089078606037,
            "z": 10.0
        },
        {
            "x": 655.4185018466051,
            "y": 589.9138167943473,
            "z": 10.0
        },
        {
            "x": 654.03637395788,
            "y": 626.7359519036474,
            "z": 10.0
        },
        {
            "x": 673.7480003121748,
            "y": 657.6952842110816,
            "z": 10.0
        },
        {
            "x": 703.8630937469821,
            "y": 656.8217485667774,
            "z": 10.0
        },
        {
            "x": 704.4281586541954,
            "y": 604.1185601796734,
            "z": 10.0
        },
        {
            "x": 700.0368285289013,
            "y": 613.919349620893,
            "z": 10.0
        },
        {
            "x": 708.957814841321,
            "y": 637.6315346400926,
            "z": 10.0
        },
        {
            "x": 679.680867552021,
            "y": 615.3394635426232,
            "z": 10.0
        },
        {
            "x": 647.8792453124687,
            "y": 633.7522235890559,
            "z": 10.0
        },
        {
            "x": 678.6325202072288,
            "y": 634.881926825072,
            "z": 10.0
        },
        {
            "x": 670.2190368822984,
            "y": 601.3088931117578,
            "z": 10.0
        },
        {
            "x": 675.4137721677807,
            "y": 628.1964085707616,
            "z": 10.0
        },
        {
            "x": 680.0193721559813,
            "y": 596.2871052169348,
            "z": 10.0
        },
        {
            "x": 689.4580590149478,
            "y": 651.1797984327668,
            "z": 10.0
        },
        {
            "x": 664.965704906008,
            "y": 656.5272304039029,
            "z": 10.0
        },
        {
            "x": 692.6657678610226,
            "y": 639.48430671527,
            "z": 10.0
        },
        {
            "x": 679.577058720668,
            "y": 639.961292875845,
            "z": 10.0
        },
        {
            "x": 697.7176639610941,
            "y": 645.1291486061781,
            "z": 10.0
        },
        {
            "x": 687.7022580895948,
            "y": 599.5819072487415,
            "z": 10.0
        },
        {
            "x": 685.6738781868186,
            "y": 607.2467676334107,
            "z": 10.0
        },
        {
            "x": 658.8018474562991,
            "y": 614.963704094582,
            "z": 10.0
        },
        {
            "x": 707.707846291844,
            "y": 615.6557113321494,
            "z": 10.0
        },
        {
            "x": 678.1719252896569,
            "y": 591.0897630902541,
            "z": 10.0
        },
        {
            "x": 678.1054767686538,
            "y": 587.6613751705265,
            "z": 10.0
        },
        {
            "x": 666.7917844987816,
            "y": 608.5103770514332,
            "z": 10.0
        },
        {
            "x": 675.2548689327052,
            "y": 600.9489198829084,
            "z": 10.0
        },
        {
            "x": 688.7417028650492,
            "y": 665.1496237013984,
            "z": 10.0
        },
        {
            "x": 690.3645667030496,
            "y": 598.9348081533324,
            "z": 10.0
        },
        {
            "x": 656.7385796890784,
            "y": 625.3353504522526,
            "z": 10.0
        },
        {
            "x": 692.3130994728011,
            "y": 663.0117550918536,
            "z": 10.0
        },
        {
            "x": 715.0004625133262,
            "y": 611.9864395137005,
            "z": 10.0
        },
        {
            "x": 661.4923526718381,
            "y": 614.2490177593794,
            "z": 10.0
        },
        {
            "x": 650.3128200412224,
            "y": 597.8385409125912,
            "z": 10.0
        },
        {
            "x": 642.5912994648988,
            "y": 617.1522717406446,
            "z": 10.0
        },
        {
            "x": 697.90745639731,
            "y": 620.5686850499949,
            "z": 10.0
        },
        {
            "x": 664.7914549495503,
            "y": 587.0816240840843,
            "z": 10.0
        },
        {
            "x": 671.9954617629152,
            "y": 574.4425181590537,
            "z": 10.0
        },
        {
            "x": 716.7257015265953,
            "y": 621.4491195804383,
            "z": 10.0
        },
        {
            "x": 699.7815706831033,
            "y": 610.0837074106984,
            "z": 10.0
        },
        {
            "x": 657.9902534589685,
            "y": 609.1275226088842,
            "z": 10.0
        },
        {
            "x": 715.1739863993521,
            "y": 588.9150822834199,
            "z": 10.0
        },
        {
            "x": 688.230886453662,
            "y": 616.188165700885,
            "z": 10.0
        },
        {
            "x": 688.4171465998581,
            "y": 621.2990834108441,
            "z": 10.0
        },
        {
            "x": 664.9358905043844,
            "y": 634.5790773745495,
            "z": 10.0
        },
        {
            "x": 664.6795228821347,
            "y": 612.8911718877558,
            "z": 10.0
        },
        {
            "x": 652.8685256058352,
            "y": 632.0427138253401,
            "z": 10.0
        },
        {
            "x": 684.4039870172505,
            "y": 598.2778280727538,
            "z": 10.0
        },
        {
            "x": 668.4367868148545,
            "y": 616.1636404740815,
            "z": 10.0
        },
        {
            "x": 659.9989423310777,
            "y": 611.4293981469025,
            "z": 10.0
        },
        {
            "x": 706.3884767898744,
            "y": 575.4123329621146,
            "z": 10.0
        },
        {
            "x": 658.8582130527856,
            "y": 590.0498507825322,
            "z": 10.0
        },
        {
            "x": 698.0522702339156,
            "y": 634.1603524171235,
            "z": 10.0
        },
        {
            "x": 689.7951064865874,
            "y": 619.7215054968245,
            "z": 10.0
        },
        {
            "x": 709.3671710512334,
            "y": 594.3401087813938,
            "z": 10.0
        },
        {
            "x": 711.0252590861214,
            "y": 623.5248112361294,
            "z": 10.0
        },
        {
            "x": 658.6755327792545,
            "y": 602.9150779765023,
            "z": 10.0
        },
        {
            "x": 717.0186567128459,
            "y": 622.6246606817848,
            "z": 10.0
        },
        {
            "x": 664.657469069429,
            "y": 606.568491920204,
            "z": 10.0
        },
        {
            "x": 661.5298265643593,
            "y": 624.0395488944582,
            "z": 10.0
        },
        {
            "x": 685.9795867279761,
            "y": 625.9094697458925,
            "z": 10.0
        },
        {
            "x": 690.3599711483816,
            "y": 652.436435223741,
            "z": 10.0
        },
        {
            "x": 686.4022524270642,
            "y": 662.8063335073202,
            "z": 10.0
        },
        {
            "x": 667.4658192803535,
            "y": 633.0952534383166,
            "z": 10.0
        },
        {
            "x": 684.2668276422469,
            "y": 589.2076385150068,
            "z": 10.0
        },
        {
            "x": 691.2945282117016,
            "y": 583.3185060440576,
            "z": 10.0
        },
        {
            "x": 675.6736667133947,
            "y": 586.4474057676696,
            "z": 10.0
        },
        {
            "x": 690.3939123441019,
            "y": 620.3371422075311,
            "z": 10.0
        },
        {
            "x": 700.8274795501293,
            "y": 644.1749426533938,
            "z": 10.0
        },
        {
            "x": 659.3814344500842,
            "y": 593.381242703722,
            "z": 10.0
        },
        {
            "x": 678.8864910192607,
            "y": 588.7270338722633,
            "z": 10.0
        },
        {
            "x": 703.179387618741,
            "y": 589.5777473010489,
            "z": 10.0
        },
        {
            "x": 711.2550287768134,
            "y": 627.0094714437807,
            "z": 10.0
        },
        {
            "x": 663.2207310809026,
            "y": 627.1275232475436,
            "z": 10.0
        },
        {
            "x": 670.0614008363693,
            "y": 648.6442860527983,
            "z": 10.0
        },
        {
            "x": 735.6102226930956,
            "y": 620.5413539937088,
            "z": 10.0
        },
        {
            "x": 674.3313592599932,
            "y": 580.1046931342743,
            "z": 10.0
        },
        {
            "x": 696.2903498818915,
            "y": 586.9461338087217,
            "z": 10.0
        },
        {
            "x": 678.4286005966334,
            "y": 648.2746647694792,
            "z": 10.0
        },
        {
            "x": 666.2395956251935,
            "y": 648.8577949761094,
            "z": 10.0
        },
        {
            "x": 698.8822769753752,
            "y": 652.7912797816482,
            "z": 10.0
        },
        {
            "x": 667.4118306776303,
            "y": 631.4074570684652,
            "z": 10.0
        },
        {
            "x": 691.7755151392082,
            "y": 581.8354867380798,
            "z": 10.0
        },
        {
            "x": 708.7971137380457,
            "y": 659.8355403654821,
            "z": 10.0
        },
        {
            "x": 687.3077071899992,
            "y": 644.8402944904501,
            "z": 10.0
        },
        {
            "x": 672.2042402657407,
            "y": 604.5731891054264,
            "z": 10.0
        },
        {
            "x": 712.8663661380644,
            "y": 592.0286357831703,
            "z": 10.0
        },
        {
            "x": 684.199379213665,
            "y": 604.4428339696888,
            "z": 10.0
        },
        {
            "x": 687.0727682148736,
            "y": 596.8898793059383,
            "z": 10.0
        },
        {
            "x": 662.9744601843572,
            "y": 611.4330450917328,
            "z": 10.0
        },
        {
            "x": 655.7055101998147,
            "y": 625.0701697285135,
            "z": 10.0
        },
        {
            "x": 643.2226373276203,
            "y": 621.8206360079408,
            "z": 10.0
        },
        {
            "x": 710.6287681070014,
            "y": 598.7622005965341,
            "z": 10.0
        },
        {
            "x": 710.0490338400435,
            "y": 582.1933678254743,
            "z": 10.0
        },
        {
            "x": 715.3851013777071,
            "y": 612.4359732397377,
            "z": 10.0
        },
        {
            "x": 684.7142183059874,
            "y": 617.9819461471463,
            "z": 10.0
        },
        {
            "x": 670.2117442885228,
            "y": 620.6912634417188,
            "z": 10.0
        },
        {
            "x": 699.0710097582655,
            "y": 628.8065100347762,
            "z": 10.0
        },
        {
            "x": 703.5612616134248,
            "y": 624.0311838133209,
            "z": 10.0
        }
    ],
    "sensors": [
        {
            "x": 740.3625196340486,
            "y": 547.0977212198376,
            "z": -1.0
        },
        {
            "x": 644.408866516417,
            "y": 642.514033806191,
            "z": -1.0
        },
        {
            "x": 729.7799552589712,
            "y": 683.8326600424423,
            "z": -1.0
        },
        {
            "x": 643.2534595637057,
            "y": 657.000393038532,
            "z": -1.0
        },
        {
            "x": 634.8617270478933,
            "y": 603.7771708180468,
            "z": -1.0
        },
        {
            "x": 615.5044887389965,
            "y": 651.0674436049585,
            "z": -1.0
        },
        {
            "x": 606.6010721019024,
            "y": 649.7868038195572,
            "z": -1.0
        },
        {
            "x": 595.1366558017799,
            "y": 618.6042488646877,
            "z": -1.0
        },
        {
            "x": 753.3397581140501,
            "y": 650.1904059854859,
            "z": -1.0
        },
        {
            "x": 618.2135515656748,
            "y": 616.1331044797689,
            "z": -1.0
        },
        {
            "x": 643.9068938793644,
            "y": 557.9559576900522,
            "z": -1.0
        },
        {
            "x": 740.1486014536858,
            "y": 678.3424319865396,
            "z": -1.0
        },
        {
            "x": 654.2473569078306,
            "y": 665.7445576385917,
            "z": -1.0
        },
        {
            "x": 612.2306564971962,
            "y": 659.5730320167734,
            "z": -1.0
        },
        {
            "x": 699.7794424242732,
            "y": 681.9868526484609,
            "z": -1.0
        },
        {
            "x": 691.7172277621697,
            "y": 531.8482906453984,
            "z": -1.0
        },
        {
            "x": 721.7921893090905,
            "y": 667.3352277478291,
            "z": -1.0
        },
        {
            "x": 727.895347636527,
            "y": 571.670660602879,
            "z": -1.0
        },
        {
            "x": 654.8648582284275,
            "y": 690.7014511955103,
            "z": -1.0
        },
        {
            "x": 751.021775120227,
            "y": 561.2897786808178,
            "z": -1.0
        },
        {
            "x": 645.3345139245727,
            "y": 583.7993170620119,
            "z": -1.0
        },
        {
            "x": 700.9532154618621,
            "y": 551.6907688038168,
            "z": -1.0
        },
        {
            "x": 727.2910444995173,
            "y": 699.6027059763635,
            "z": -1.0
        },
        {
            "x": 663.8380621852402,
            "y": 570.5624328971332,
            "z": -1.0
        },
        {
            "x": 710.5352634547122,
            "y": 527.0062410535834,
            "z": -1.0
        },
        {
            "x": 742.4577768527412,
            "y": 639.831012436873,
            "z": -1.0
        },
        {
            "x": 624.3967963014738,
            "y": 604.0135770014955,
            "z": -1.0
        },
        {
            "x": 657.4085147515154,
            "y": 705.0505800270504,
            "z": -1.0
        },
        {
            "x": 691.8923128790839,
            "y": 537.2188584391749,
            "z": -1.0
        },
        {
            "x": 672.1701334731514,
            "y": 542.8384697070446,
            "z": -1.0
        },
        {
            "x": 735.3732135958162,
            "y": 558.5272817642098,
            "z": -1.0
        },
        {
            "x": 759.3059981877627,
            "y": 684.9185793955138,
            "z": -1.0
        },
        {
            "x": 747.554012172451,
            "y": 646.0431032424895,
            "z": -1.0
        },
        {
            "x": 626.5942862481618,
            "y": 631.1943108078248,
            "z": -1.0
        },
        {
            "x": 781.2080819621783,
            "y": 611.30699504066,
            "z": -1.0
        },
        {
            "x": 749.9714467872543,
            "y": 585.6593240864884,
            "z": -1.0
        },
        {
            "x": 679.5444741244531,
            "y": 529.3911033740195,
            "z": -1.0
        },
        {
            "x": 722.8447068777323,
            "y": 677.1017653838427,
            "z": -1.0
        },
        {
            "x": 697.6227091176784,
            "y": 672.7942002600726,
            "z": -1.0
        },
        {
            "x": 679.2998670844215,
            "y": 700.5044331571454,
            "z": -1.0
        },
        {
            "x": 667.7798110293,
            "y": 538.0774591815947,
            "z": -1.0
        },
        {
            "x": 626.243692412754,
            "y": 631.3265478742217,
            "z": -1.0
        },
        {
            "x": 632.680177997395,
            "y": 586.4107019914229,
            "z": -1.0
        },
        {
            "x": 657.70260756327,
            "y": 548.5681656588705,
            "z": -1.0
        },
        {
            "x": 608.6200932285478,
            "y": 617.1617247767122,
            "z": -1.0
        },
        {
            "x": 625.8640970412688,
            "y": 675.7783933677365,
            "z": -1.0
        },
        {
            "x": 724.5275056069984,
            "y": 703.4958351709582,
            "z": -1.0
        },
        {
            "x": 676.0722292741538,
            "y": 567.6935491302518,
            "z": -1.0
        },
        {
            "x": 609.8193488234313,
            "y": 655.8394689341918,
            "z": -1.0
        },
        {
            "x": 765.4278700415073,
            "y": 678.9718814434576,
            "z": -1.0
        },
        {
            "x": 718.1778996965246,
            "y": 701.7992715947282,
            "z": -1.0
        },
        {
            "x": 755.8080404085307,
            "y": 634.9116140161171,
            "z": -1.0
        },
        {
            "x": 750.9825693033348,
            "y": 686.824562515802,
            "z": -1.0
        },
        {
            "x": 605.2522513367321,
            "y": 614.5640875197721,
            "z": -1.0
        },
        {
            "x": 717.579678633268,
            "y": 702.0903983548594,
            "z": -1.0
        },
        {
            "x": 628.296130968877,
            "y": 641.7689363793075,
            "z": -1.0
        },
        {
            "x": 636.3793109626781,
            "y": 576.1958148642744,
            "z": -1.0
        },
        {
            "x": 625.5866245996663,
            "y": 562.3239769960658,
            "z": -1.0
        },
        {
            "x": 692.7938020125177,
            "y": 682.4121496286266,
            "z": -1.0
        },
        {
            "x": 740.2791507656891,
            "y": 562.7652865889447,
            "z": -1.0
        },
        {
            "x": 751.0421528562986,
            "y": 550.7057730848865,
            "z": -1.0
        },
        {
            "x": 736.5249322688788,
            "y": 663.2572578376033,
            "z": -1.0
        },
        {
            "x": 760.2532692377282,
            "y": 666.6597719193526,
            "z": -1.0
        },
        {
            "x": 636.1436187262435,
            "y": 602.7660682426381,
            "z": -1.0
        },
        {
            "x": 605.7933235788935,
            "y": 636.8752711568833,
            "z": -1.0
        },
        {
            "x": 635.0704488641643,
            "y": 572.8911483460233,
            "z": -1.0
        },
        {
            "x": 723.9134553361182,
            "y": 569.4259037944959,
            "z": -1.0
        },
        {
            "x": 665.3707054351106,
            "y": 528.4526978217413,
            "z": -1.0
        },
        {
            "x": 697.393786167018,
            "y": 544.2273092276297,
            "z": -1.0
        },
        {
            "x": 746.2747921705695,
            "y": 669.6349812370872,
            "z": -1.0
        },
        {
            "x": 628.7854659723286,
            "y": 635.4472118636438,
            "z": -1.0
        },
        {
            "x": 630.0669431836448,
            "y": 588.7561073313564,
            "z": -1.0
        },
        {
            "x": 721.7012605227167,
            "y": 665.160802315339,
            "z": -1.0
        },
        {
            "x": 676.2280576415543,
            "y": 706.3361387569785,
            "z": -1.0
        },
        {
            "x": 657.345119694188,
            "y": 565.7332392964697,
            "z": -1.0
        },
        {
            "x": 604.8710970394425,
            "y": 647.2585458879055,
            "z": -1.0
        },
        {
            "x": 708.0337543702605,
            "y": 526.8379695793535,
            "z": -1.0
        },
        {
            "x": 760.0840758210795,
            "y": 561.9540616027764,
            "z": -1.0
        },
        {
            "x": 609.1081596863348,
            "y": 620.1792599074279,
            "z": -1.0
        },
        {
            "x": 673.4600278482634,
            "y": 569.5258104980963,
            "z": -1.0
        },
        {
            "x": 659.7425633625228,
            "y": 704.067625781804,
            "z": -1.0
        },
        {
            "x": 719.3126063932139,
            "y": 566.7570560722957,
            "z": -1.0
        },
        {
            "x": 708.0007695565166,
            "y": 556.7868390727238,
            "z": -1.0
        },
        {
            "x": 759.9493271762873,
            "y": 556.2217803602383,
            "z": -1.0
        },
        {
            "x": 612.7081960491302,
            "y": 628.1333611996963,
            "z": -1.0
        },
        {
            "x": 635.6551884693051,
            "y": 653.7184391691619,
            "z": -1.0
        },
        {
            "x": 728.6144909052617,
            "y": 694.414191128569,
            "z": -1.0
        },
        {
            "x": 712.6166050702888,
            "y": 541.8301313743409,
            "z": -1.0
        },
        {
            "x": 615.1876268078446,
            "y": 591.5996921792096,
            "z": -1.0
        },
        {
            "x": 740.4751822972647,
            "y": 645.1806512341758,
            "z": -1.0
        },
        {
            "x": 750.8152566710033,
            "y": 652.8876710898363,
            "z": -1.0
        },
        {
            "x": 762.501917678288,
            "y": 616.8691128401069,
            "z": -1.0
        },
        {
            "x": 766.8985532081268,
            "y": 575.304702127517,
            "z": -1.0
        },
        {
            "x": 636.3579928302536,
            "y": 638.3427465815537,
            "z": -1.0
        },
        {
            "x": 772.4780297130744,
            "y": 583.9920899840013,
            "z": -1.0
        },
        {
            "x": 701.0184704396515,
            "y": 523.3469129332473,
            "z": -1.0
        },
        {
            "x": 629.5611610653756,
            "y": 636.3844364096396,
            "z": -1.0
        },
        {
            "x": 614.6851058894174,
            "y": 589.2673339240378,
            "z": -1.0
        },
        {
            "x": 634.9744619113251,
            "y": 543.4317164041499,
            "z": -1.0
        },
        {
            "x": 680.8170001740339,
            "y": 713.4515621187954,
            "z": -1.0
        },
        {
            "x": 777.4395825848251,
            "y": 597.7023911094859,
            "z": -1.0
        },
        {
            "x": 686.3647852641801,
            "y": 538.7781666906995,
            "z": -1.0
        },
        {
            "x": 765.7784026917877,
            "y": 652.9189628796532,
            "z": -1.0
        },
        {
            "x": 644.8948111050213,
            "y": 551.6590993677108,
            "z": -1.0
        },
        {
            "x": 613.0899652575539,
            "y": 622.5957171193188,
            "z": -1.0
        },
        {
            "x": 622.3294109905437,
            "y": 587.9179524965598,
            "z": -1.0
        },
        {
            "x": 756.6157916311932,
            "y": 659.5677246372588,
            "z": -1.0
        },
        {
            "x": 682.2430886475457,
            "y": 548.2587949918593,
            "z": -1.0
        },
        {
            "x": 616.596117581775,
            "y": 589.4202845567524,
            "z": -1.0
        },
        {
            "x": 646.183212595153,
            "y": 536.7486972441034,
            "z": -1.0
        },
        {
            "x": 667.5676046194575,
            "y": 561.2533899478898,
            "z": -1.0
        },
        {
            "x": 658.9147509091458,
            "y": 560.3817245453864,
            "z": -1.0
        },
        {
            "x": 622.4734275592685,
            "y": 675.2012146433736,
            "z": -1.0
        },
        {
            "x": 646.4897498665421,
            "y": 690.109519340622,
            "z": -1.0
        },
        {
            "x": 728.2315807871588,
            "y": 673.1128421770309,
            "z": -1.0
        },
        {
            "x": 747.1114021464092,
            "y": 659.4260652170517,
            "z": -1.0
        },
        {
            "x": 728.2320167719649,
            "y": 537.8989790267719,
            "z": -1.0
        },
        {
            "x": 608.1952420444595,
            "y": 573.6426879561524,
            "z": -1.0
        },
        {
            "x": 703.733599110819,
            "y": 701.01025531847,
            "z": -1.0
        },
        {
            "x": 673.1425319648239,
            "y": 682.9698552293587,
            "z": -1.0
        },
        {
            "x": 607.9656635634421,
            "y": 633.4364111163021,
            "z": -1.0
        },
        {
            "x": 644.1997027748035,
            "y": 550.072702949258,
            "z": -1.0
        },
        {
            "x": 726.0040578728642,
            "y": 576.9679507457697,
            "z": -1.0
        },
        {
            "x": 602.2655429131179,
            "y": 594.6460523275316,
            "z": -1.0
        },
        {
            "x": 605.6229577785439,
            "y": 622.50424401827,
            "z": -1.0
        },
        {
            "x": 617.5358851200141,
            "y": 584.1978665135305,
            "z": -1.0
        },
        {
            "x": 723.8613852770237,
            "y": 547.5089739705936,
            "z": -1.0
        },
        {
            "x": 756.2037414771943,
            "y": 578.5989562903791,
            "z": -1.0
        },
        {
            "x": 681.9167640009542,
            "y": 547.1993793718163,
            "z": -1.0
        },
        {
            "x": 721.6033286427166,
            "y": 694.4760919079753,
            "z": -1.0
        },
        {
            "x": 732.9522158304894,
            "y": 580.6658809567529,
            "z": -1.0
        },
        {
            "x": 601.8713470237512,
            "y": 639.8783442984336,
            "z": -1.0
        },
        {
            "x": 631.5483464514485,
            "y": 581.353714367676,
            "z": -1.0
        },
        {
            "x": 605.8587963124766,
            "y": 590.7844701952831,
            "z": -1.0
        },
        {
            "x": 655.0803894382375,
            "y": 689.087225507415,
            "z": -1.0
        },
        {
            "x": 627.7844481838299,
            "y": 638.0535702969053,
            "z": -1.0
        },
        {
            "x": 674.370808959887,
            "y": 696.6615426113801,
            "z": -1.0
        },
        {
            "x": 675.6343335309407,
            "y": 534.0509829806056,
            "z": -1.0
        },
        {
            "x": 635.4953668580872,
            "y": 699.0563003327342,
            "z": -1.0
        },
        {
            "x": 686.5917947227816,
            "y": 527.2482028937266,
            "z": -1.0
        },
        {
            "x": 710.5066009478901,
            "y": 670.7550019567617,
            "z": -1.0
        },
        {
            "x": 662.7551880693208,
            "y": 553.8893267864221,
            "z": -1.0
        },
        {
            "x": 623.1991047400841,
            "y": 589.7354890907835,
            "z": -1.0
        },
        {
            "x": 760.2239424621532,
            "y": 589.1274295525426,
            "z": -1.0
        },
        {
            "x": 748.7381574266161,
            "y": 625.0510580589549,
            "z": -1.0
        },
        {
            "x": 626.0693548822985,
            "y": 624.3489599667828,
            "z": -1.0
        },
        {
            "x": 667.0676020416968,
            "y": 565.8704755428258,
            "z": -1.0
        },
        {
            "x": 747.3925993886107,
            "y": 628.5808942990203,
            "z": -1.0
        },
        {
            "x": 637.4343445978976,
            "y": 657.8427793504582,
            "z": -1.0
        },
        {
            "x": 716.2749021267374,
            "y": 543.4024689331433,
            "z": -1.0
        },
        {
            "x": 748.3743593287749,
            "y": 562.472645161262,
            "z": -1.0
        },
        {
            "x": 634.6031326164743,
            "y": 547.333428779203,
            "z": -1.0
        },
        {
            "x": 605.6334166610432,
            "y": 609.901557165332,
            "z": -1.0
        },
        {
            "x": 698.1454687247433,
            "y": 552.8173494602796,
            "z": -1.0
        },
        {
            "x": 705.2261143112427,
            "y": 531.7048916336518,
            "z": -1.0
        },
        {
            "x": 702.9338733239437,
            "y": 528.6475716323819,
            "z": -1.0
        },
        {
            "x": 619.6611960109342,
            "y": 583.8008509775265,
            "z": -1.0
        },
        {
            "x": 693.0659863027035,
            "y": 566.9636360086356,
            "z": -1.0
        },
        {
            "x": 613.3758111038795,
            "y": 659.3425995664969,
            "z": -1.0
        },
        {
            "x": 697.0443188795066,
            "y": 546.5184160314535,
            "z": -1.0
        },
        {
            "x": 758.2008340667276,
            "y": 643.3725876825472,
            "z": -1.0
        },
        {
            "x": 615.775311931561,
            "y": 635.7455008757305,
            "z": -1.0
        },
        {
            "x": 770.9778091067785,
            "y": 619.9711903615739,
            "z": -1.0
        },
        {
            "x": 687.3737419941904,
            "y": 705.3005866620622,
            "z": -1.0
        },
        {
            "x": 622.8468181743315,
            "y": 598.761255445415,
            "z": -1.0
        },
        {
            "x": 780.3015884750691,
            "y": 593.6565046206615,
            "z": -1.0
        },
        {
            "x": 633.79850571877,
            "y": 581.2379557130669,
            "z": -1.0
        },
        {
            "x": 687.2776141118063,
            "y": 686.4934515858422,
            "z": -1.0
        },
        {
            "x": 744.0644753271637,
            "y": 647.4511577285105,
            "z": -1.0
        },
        {
            "x": 638.2926239314257,
            "y": 584.8508175542188,
            "z": -1.0
        },
        {
            "x": 763.5372330731935,
            "y": 598.9192362708332,
            "z": -1.0
        },
        {
            "x": 621.0936744960323,
            "y": 593.7441638494686,
            "z": -1.0
        },
        {
            "x": 753.2850944632772,
            "y": 550.842970531469,
            "z": -1.0
        },
        {
            "x": 663.8374937132148,
            "y": 561.4765120194959,
            "z": -1.0
        },
        {
            "x": 604.0966890258723,
            "y": 608.9955155721618,
            "z": -1.0
        },
        {
            "x": 595.0257521695792,
            "y": 623.7983688643151,
            "z": -1.0
        },
        {
            "x": 721.514989571337,
            "y": 673.1376116317111,
            "z": -1.0
        },
        {
            "x": 719.501657780629,
            "y": 703.4606970737661,
            "z": -1.0
        },
        {
            "x": 618.7550867903608,
            "y": 563.8028788625325,
            "z": -1.0
        },
        {
            "x": 749.3916494390105,
            "y": 591.3225951719874,
            "z": -1.0
        },
        {
            "x": 660.1987579864625,
            "y": 702.4944441510263,
            "z": -1.0
        },
        {
            "x": 712.306586046049,
            "y": 675.1400565414715,
            "z": -1.0
        },
        {
            "x": 609.4063895560811,
            "y": 647.3554102584824,
            "z": -1.0
        },
        {
            "x": 611.465252417944,
            "y": 623.6561958702075,
            "z": -1.0
        },
        {
            "x": 647.8219165918298,
            "y": 653.4693095126256,
            "z": -1.0
        },
        {
            "x": 618.0044506585283,
            "y": 670.6716167064731,
            "z": -1.0
        },
        {
            "x": 671.1775448711987,
            "y": 536.613910686138,
            "z": -1.0
        },
        {
            "x": 620.6764398239885,
            "y": 670.3486047760318,
            "z": -1.0
        },
        {
            "x": 668.2516619713758,
            "y": 532.5192115250067,
            "z": -1.0
        },
        {
            "x": 622.9781085120413,
            "y": 599.9228091468199,
            "z": -1.0
        },
        {
            "x": 733.7971716069707,
            "y": 700.9354847161085,
            "z": -1.0
        },
        {
            "x": 660.565878730728,
            "y": 555.8435853889214,
            "z": -1.0
        },
        {
            "x": 740.4570354980169,
            "y": 604.6332559869413,
            "z": -1.0
        },
        {
            "x": 773.5912148725695,
            "y": 585.1786781114986,
            "z": -1.0
        },
        {
            "x": 775.556054453992,
            "y": 644.5597050606827,
            "z": -1.0
        },
        {
            "x": 597.2270467814908,
            "y": 599.2430065908102,
            "z": -1.0
        },
        {
            "x": 756.724281502477,
            "y": 581.0347286811633,
            "z": -1.0
        },
        {
            "x": 738.7478978517864,
            "y": 634.6035773546895,
            "z": -1.0
        },
        {
            "x": 647.2498749706112,
            "y": 554.7885899065024,
            "z": -1.0
        },
        {
            "x": 644.1262360383781,
            "y": 569.4845634790128,
            "z": -1.0
        }
    ],
    "center": {
        "x": 690.7413707558308,
        "y": 619.5121123568211,
        "z": 0.0
    },
    "radius": 50
}