{
    "W": 1000,
    "H": 1000,
    "depth": 1.0,
    "height": 10.0,
    "num_of_relays": 200,
    "num_of_sensors": 200,
    "relays": [
        {
            "x": 297.8149436416692,
            "y": 709.232827965941,
            "z": 10.0
        },
        {
            "x": 275.94605106930806,
            "y": 643.9293257028811,
            "z": 10.0
        },
        {
            "x": 299.704967850129,
            "y": 669.352896999965,
            "z": 10.0
        },
        {
            "x": 317.6734026555773,
            "y": 684.4331222038128,
            "z": 10.0
        },
        {
            "x": 306.5906864888706,
            "y": 684.4753436673395,
            "z": 10.0
        },
        {
            "x": 290.0030183602681,
            "y": 692.4114335590111,
            "z": 10.0
        },
        {
            "x": 283.41331071197925,
            "y": 706.1170134197316,
            "z": 10.0
        },
        {
            "x": 254.3220502292488,
            "y": 690.1395956496377,
            "z": 10.0
        },
        {
            "x": 257.2466048380505,
            "y": 659.9687807743092,
            "z": 10.0
        },
        {
            "x": 258.86640086910484,
            "y": 707.2459056126213,
            "z": 10.0
        },
        {
            "x": 253.60298592470534,
            "y": 715.7045619107419,
            "z": 10.0
        },
        {
            "x": 288.4791450202721,
            "y": 702.7081338925174,
            "z": 10.0
        },
        {
            "x": 236.90454828801268,
            "y": 701.2056389317776,
            "z": 10.0
        },
        {
            "x": 321.93102668260565,
            "y": 667.7423486127714,
            "z": 10.0
        },
        {
            "x": 252.0622770841645,
            "y": 713.3058716291167,
            "z": 10.0
        },
        {
            "x": 315.3118825519764,
            "y": 690.9414464685394,
            "z": 10.0
        },
        {
            "x": 310.2955407587017,
            "y": 649.8976594408979,
            "z": 10.0
        },
        {
            "x": 244.4708071163745,
            "y": 709.3856397497796,
            "z": 10.0
        },
        {
            "x": 280.58771372507863,
            "y": 647.9684608038805,
            "z": 10.0
        },
        {
            "x": 311.81487772989124,
            "y": 645.965591034975,
            "z": 10.0
        },
        {
            "x": 297.9787465231441,
            "y": 688.5672747202551,
            "z": 10.0
        },
        {
            "x": 315.5428866673109,
            "y": 689.3584048767218,
            "z": 10.0
        },
        {
            "x": 306.81003509391957,
            "y": 702.1758790874323,
            "z": 10.0
        },
        {
            "x": 265.911886172224,
            "y": 722.8814857775492,
            "z": 10.0
        },
        {
            "x": 301.86734284108826,
            "y": 678.2228593444048,
            "z": 10.0
        },
        {
            "x": 278.3525837165797,
            "y": 659.804221358601,
            "z": 10.0
        },
        {
            "x": 244.97213846398546,
            "y": 674.4652911041155,
            "z": 10.0
        },
        {
            "x": 287.5564721590872,
            "y": 728.5089834076871,
            "z": 10.0
        },
        {
            "x": 300.3085880319363,
            "y": 685.2747560382617,
            "z": 10.0
        },
        {
            "x": 290.66480249414167,
            "y": 653.7108966631527,
            "z": 10.0
        },
        {
            "x": 245.53247948317565,
            "y": 686.0185997405763,
            "z": 10.0
        },
        {
            "x": 311.1044055696442,
            "y": 672.1128383210421,
            "z": 10.0
        },
        {
            "x": 280.7708744043887,
            "y": 635.623611444029,
            "z": 10.0
        },
        {
            "x": 257.27991852817377,
            "y": 714.5016129724097,
            "z": 10.0
        },
        {
            "x": 252.8541071629977,
            "y": 641.0299323404167,
            "z": 10.0
        },
        {
            "x": 317.7075582033075,
            "y": 657.2836584220395,
            "z": 10.0
        },
        {
            "x": 246.09936277002447,
            "y": 671.8570872997749,
            "z": 10.0
        },
        {
            "x": 253.91264538093827,
            "y": 719.8378528911123,
            "z": 10.0
        },
        {
            "x": 241.77400933894012,
            "y": 661.5358551186221,
            "z": 10.0
        },
        {
            "x": 316.4984663546801,
            "y": 708.6405052739834,
            "z": 10.0
        },
        {
            "x": 286.3047605536957,
            "y": 675.5722634816273,
            "z": 10.0
        },
        {
            "x": 312.52283330539586,
            "y": 673.2885473592603,
            "z": 10.0
        },
        {
            "x": 313.271183554087,
            "y": 709.4301539385457,
            "z": 10.0
        },
        {
            "x": 243.78236874908566,
            "y": 649.0003298279097,
            "z": 10.0
        },
        {
            "x": 315.18950668894695,
            "y": 659.1705628963788,
            "z": 10.0
        },
        {
            "x": 309.08692830765347,
            "y": 676.6907676485448,
            "z": 10.0
        },
        {
            "x": 285.33677423673475,
            "y": 638.547246326623,
            "z": 10.0
        },
        {
            "x": 266.68449597268443,
            "y": 648.2070638334436,
            "z": 10.0
        },
        {
            "x": 278.75822770571654,
            "y": 683.198712748846,
            "z": 10.0
        },
        {
            "x": 257.9926512614079,
            "y": 705.4274309263868,
            "z": 10.0
        },
        {
            "x": 319.7136370310468,
            "y": 675.5029228868075,
            "z": 10.0
        },
        {
            "x": 269.57711561979295,
            "y": 707.1463426533203,
            "z": 10.0
        },
        {
            "x": 306.9863561239811,
            "y": 710.8280262845033,
            "z": 10.0
        },
        {
            "x": 295.91979651107613,
            "y": 679.6168696652497,
            "z": 10.0
        },
        {
            "x": 299.90458864070854,
            "y": 697.7864641941546,
            "z": 10.0
        },
        {
            "x": 286.02492768788227,
            "y": 640.0956111781468,
            "z": 10.0
        },
        {
            "x": 254.40053046644914,
            "y": 650.2571797410887,
            "z": 10.0
        },
        {
            "x": 270.5369132061646,
            "y": 727.6888694490254,
            "z": 10.0
        },
        {
            "x": 264.11378602391255,
            "y": 686.1232165759784,
            "z": 10.0
        },
        {
            "x": 279.87043939900315,
            "y": 647.2094680970946,
            "z": 10.0
        },
        {
            "x": 313.7730409256822,
            "y": 672.6541375572021,
            "z": 10.0
        },
        {
            "x": 230.0136347880727,
            "y": 679.2863867270522,
            "z": 10.0
        },
        {
            "x": 304.74981627589955,
            "y": 692.3107154192803,
            "z": 10.0
        },
        {
            "x": 292.8972143379523,
            "y": 672.328267640215,
            "z": 10.0
        },
        {
            "x": 281.7444305519525,
            "y": 665.4625967481561,
            "z": 10.0
        },
        {
            "x": 303.5219070264317,
            "y": 698.7280775997248,
            "z": 10.0
        },
        {
            "x": 317.729382054271,
            "y": 702.4617528959707,
            "z": 10.0
        },
        {
            "x": 291.6689358621728,
            "y": 638.897298674046,
            "z": 10.0
        },
        {
            "x": 281.06114913742647,
            "y": 722.2857690934416,
            "z": 10.0
        },
        {
            "x": 244.96428858018837,
            "y": 700.3710825655055,
            "z": 10.0
        },
        {
            "x": 272.7764836017212,
            "y": 718.8388784032259,
            "z": 10.0
        },
        {
            "x": 265.36160883854086,
            "y": 661.2499319831018,
            "z": 10.0
        },
        {
            "x": 249.1108419928329,
            "y": 654.0881598782723,
            "z": 10.0
        },
        {
            "x": 303.5769699064936,
            "y": 688.7186977400706,
            "z": 10.0
        },
        {
            "x": 281.1961243736856,
            "y": 702.2076907708642,
            "z": 10.0
        },
        {
            "x": 252.45170485524935,
            "y": 667.7226291141326,
            "z": 10.0
        },
        {
            "x": 285.3437087788709,
            "y": 696.2752022368096,
            "z": 10.0
        },
        {
            "x": 317.6529548841287,
            "y": 661.7103530449259,
            "z": 10.0
        },
        {
            "x": 239.13912667823672,
            "y": 661.2032477155088,
            "z": 10.0
        },
        {
            "x": 317.06774789882024,
            "y": 689.9614885179556,
            "z": 10.0
        },
        {
            "x": 310.65947398847794,
            "y": 694.7245744891472,
            "z": 10.0
        },
        {
            "x": 301.3917183330931,
            "y": 641.3881462636316,
            "z": 10.0
        },
        {
            "x": 241.96495235641862,
            "y": 661.243534689326,
            "z": 10.0
        },
        {
            "x": 253.30002428452764,
            "y": 685.6436866857113,
            "z": 10.0
        },
        {
            "x": 283.1203929774588,
            "y": 720.6437183183295,
            "z": 10.0
        },
        {
            "x": 300.7247712233738,
            "y": 688.5204702388647,
            "z": 10.0
        },
        {
            "x": 319.9141831192799,
            "y": 664.6651814735346,
            "z": 10.0
        },
        {
            "x": 273.957303947636,
            "y": 668.8935034840747,
            "z": 10.0
        },
        {
            "x": 275.36573123259376,
            "y": 706.590507791368,
            "z": 10.0
        },
        {
            "x": 247.3617178641852,
            "y": 707.5393585497497,
            "z": 10.0
        },
        {
            "x": 298.4847356278574,
            "y": 724.0429156590053,
            "z": 10.0
        },
        {
            "x": 306.2211781172588,
            "y": 707.3230947947806,
            "z": 10.0
        },
        {
            "x": 320.2968796856278,
            "y": 664.5767862930838,
            "z": 10.0
        },
        {
            "x": 301.13941381451093,
            "y": 686.582582736658,
            "z": 10.0
        },
        {
            "x": 267.0791909050413,
            "y": 694.4986237556552,
            "z": 10.0
        },
        {
            "x": 305.6249906317588,
            "y": 678.8838076345871,
            "z": 10.0
        },
        {
            "x": 260.7922369884834,
            "y": 642.7595608012964,
            "z": 10.0
        },
        {
            "x": 325.3404997637825,
            "y": 696.4473292187338,
            "z": 10.0
        },
        {
            "x": 293.0944738828531,
            "y": 641.5249627204086,
            "z": 10.0
        },
        {
            "x": 253.716215516011,
            "y": 692.7474057265413,
            "z": 10.0
        },
        {
            "x": 301.69460447105973,
            "y": 662.2423458237641,
            "z": 10.0
        },
        {
            "x": 280.9582554436613,
            "y": 658.3391575436071,
            "z": 10.0
        },
        {
            "x": 316.8319776545326,
            "y": 653.0843422965596,
            "z": 10.0
        },
        {
            "x": 273.40443925624066,
            "y": 650.9617730409165,
            "z": 10.0
        },
        {
            "x": 311.4956913515026,
            "y": 686.083126808861,
            "z": 10.0
        },
        {
            "x": 282.0479265515356,
            "y": 707.4279447260344,
            "z": 10.0
        },
        {
            "x": 311.8057328400445,
            "y": 687.9731294115966,
            "z": 10.0
        },
        {
            "x": 240.51888053377132,
            "y": 679.1926646072211,
            "z": 10.0
        },
        {
            "x": 275.43095050873706,
            "y": 665.3214994205936,
            "z": 10.0
        },
        {
            "x": 260.90247423438996,
            "y": 718.2436911587083,
            "z": 10.0
        },
        {
            "x": 265.6076886941578,
            "y": 642.7850580016528,
            "z": 10.0
        },
        {
            "x": 293.41633758211947,
            "y": 643.0728748421677,
            "z": 10.0
        },
        {
            "x": 278.204128649331,
            "y": 641.186916510135,
            "z": 10.0
        },
        {
            "x": 293.1086934731445,
            "y": 725.7080444735607,
            "z": 10.0
        },
        {
            "x": 234.3625951236994,
            "y": 676.6470623513887,
            "z": 10.0
        },
        {
            "x": 271.82899089932084,
            "y": 707.4221269376617,
            "z": 10.0
        },
        {
            "x": 307.50752626179406,
            "y": 648.3366783470581,
            "z": 10.0
        },
        {
            "x": 310.8790524054698,
            "y": 680.3162571790241,
            "z": 10.0
        },
        {
            "x": 320.8061072437583,
            "y": 667.8535338988927,
            "z": 10.0
        },
        {
            "x": 298.15616908026175,
            "y": 674.3260614699263,
            "z": 10.0
        },
        {
            "x": 320.53234782535645,
            "y": 671.4189494375622,
            "z": 10.0
        },
        {
            "x": 274.63005267350877,
            "y": 700.6550899101405,
            "z": 10.0
        },
        {
            "x": 293.38054936332776,
            "y": 677.1108688138241,
            "z": 10.0
        },
        {
            "x": 266.49376670018046,
            "y": 676.5100235782538,
            "z": 10.0
        },
        {
            "x": 248.80833357579118,
            "y": 658.5931704168171,
            "z": 10.0
        },
        {
            "x": 289.125222903403,
            "y": 638.2783371385818,
            "z": 10.0
        },
        {
            "x": 258.9369052230694,
            "y": 677.6380775630171,
            "z": 10.0
        },
        {
            "x": 296.88873646589735,
            "y": 688.1899699013117,
            "z": 10.0
        },
        {
            "x": 296.6825656223994,
            "y": 669.9824834558096,
            "z": 10.0
        },
        {
            "x": 295.01206768218844,
            "y": 673.4669510607482,
            "z": 10.0
        },
        {
            "x": 291.3170101920135,
            "y": 698.1407423646223,
            "z": 10.0
        },
        {
            "x": 310.5558647105796,
            "y": 650.4745976894037,
            "z": 10.0
        },
        {
            "x": 263.8720941217987,
            "y": 647.6044778273439,
            "z": 10.0
        },
        {
            "x": 278.33176940060594,
            "y": 704.0147715534551,
            "z": 10.0
        },
        {
            "x": 269.2668035611778,
            "y": 718.1277358913685,
            "z": 10.0
        },
        {
            "x": 263.7254405629569,
            "y": 644.4572632950026,
            "z": 10.0
        },
        {
            "x": 246.3017390771739,
            "y": 681.6279705991935,
            "z": 10.0
        },
        {
            "x": 280.9549360011474,
            "y": 634.7462440714825,
            "z": 10.0
        },
        {
            "x": 274.25050170004135,
            "y": 685.2591403885679,
            "z": 10.0
        },
        {
            "x": 285.5891217462235,
            "y": 685.2925460869927,
            "z": 10.0
        },
        {
            "x": 259.34973233515814,
            "y": 684.388758919148,
            "z": 10.0
        },
        {
            "x": 288.2279220630944,
            "y": 704.9177342651506,
            "z": 10.0
        },
        {
            "x": 267.5025418429315,
            "y": 709.8755787917166,
            "z": 10.0
        },
        {
            "x": 280.31050947296023,
            "y": 675.2750577663511,
            "z": 10.0
        },
        {
            "x": 290.376814627678,
            "y": 688.2261165321836,
            "z": 10.0
        },
        {
            "x": 250.5718841924676,
            "y": 661.3425471554091,
            "z": 10.0
        },
        {
            "x": 293.36367554554096,
            "y": 694.7935525945646,
            "z": 10.0
        },
        {
            "x": 318.4989383992078,
            "y": 708.4019272989227,
            "z": 10.0
        },
        {
            "x": 276.95305984343565,
            "y": 636.2821966075581,
            "z": 10.0
        },
        {
            "x": 292.19186809823043,
            "y": 693.7131144964235,
            "z": 10.0
        },
        {
            "x": 273.88471186654056,
            "y": 681.1387120605469,
            "z": 10.0
        },
        {
            "x": 317.8470835372294,
            "y": 694.1243872373338,
            "z": 10.0
        },
        {
            "x": 270.0441389640697,
            "y": 639.8173095675859,
            "z": 10.0
        },
        {
            "x": 295.6445239972653,
            "y": 665.5212330109084,
            "z": 10.0
        },
        {
            "x": 243.49306344042122,
            "y": 692.4060374283606,
            "z": 10.0
        },
        {
            "x": 273.5564518027843,
            "y": 671.5904632660424,
            "z": 10.0
        },
        {
            "x": 322.40897382692765,
            "y": 662.4020265045549,
            "z": 10.0
        },
        {
            "x": 291.97489581939806,
            "y": 651.2024076400407,
            "z": 10.0
        },
        {
            "x": 236.46342051095934,
            "y": 681.1758883351218,
            "z": 10.0
        },
        {
            "x": 283.24339108372646,
            "y": 662.7258600956702,
            "z": 10.0
        },
        {
            "x": 288.7121490147421,
            "y": 705.0078967611811,
            "z": 10.0
        },
        {
            "x": 322.58043160912115,
            "y": 682.9379963318729,
            "z": 10.0
        },
        {
            "x": 294.9706895409365,
            "y": 713.5562920925781,
            "z": 10.0
        },
        {
            "x": 259.1904212296663,
            "y": 657.5761129949744,
            "z": 10.0
        },
        {
            "x": 305.8157629227818,
            "y": 706.238961158581,
            "z": 10.0
        },
        {
            "x": 282.4286305884341,
            "y": 716.7218949844498,
            "z": 10.0
        },
        {
            "x": 296.41846633534624,
            "y": 721.452481349507,
            "z": 10.0
        },
        {
            "x": 286.015406299424,
            "y": 685.0246499337779,
            "z": 10.0
        },
        {
            "x": 237.5757666411596,
            "y": 690.5335385049816,
            "z": 10.0
        },
        {
            "x": 280.34290255795224,
            "y": 705.2270144186101,
            "z": 10.0
        },
        {
            "x": 279.93202565445984,
            "y": 651.6338961278179,
            "z": 10.0
        },
        {
            "x": 257.1617063556065,
            "y": 714.2106187665566,
            "z": 10.0
        },
        {
            "x": 297.9443348125228,
            "y": 721.2245002317802,
            "z": 10.0
        },
        {
            "x": 268.5966767670143,
            "y": 647.6415796544818,
            "z": 10.0
        },
        {
            "x": 301.576028482924,
            "y": 689.5401362881223,
            "z": 10.0
        },
        {
            "x": 286.60815475404013,
            "y": 655.971824692326,
            "z": 10.0
        },
        {
            "x": 319.5152021133255,
            "y": 693.1353685423073,
            "z": 10.0
        },
        {
            "x": 296.58558828840387,
            "y": 726.0649195387173,
            "z": 10.0
        },
        {
            "x": 275.6448645658227,
            "y": 713.8065188306572,
            "z": 10.0
        },
        {
            "x": 252.3706569574611,
            "y": 655.5074927903753,
            "z": 10.0
        },
        {
            "x": 249.57542011519595,
            "y": 646.4433230956905,
            "z": 10.0
        },
        {
            "x": 306.8121735545377,
            "y": 703.3573503743334,
            "z": 10.0
        },
        {
            "x": 292.1124443117724,
            "y": 719.0537867813473,
            "z": 10.0
        },
        {
            "x": 245.33407284301762,
            "y": 705.6565589359167,
            "z": 10.0
        },
        {
            "x": 277.2925922007989,
            "y": 644.019280280747,
            "z": 10.0
        },
        {
            "x": 312.1527058803423,
            "y": 693.4624072893901,
            "z": 10.0
        },
        {
            "x": 309.9916109612392,
            "y": 689.5659368788606,
            "z": 10.0
        },
        {
            "x": 279.8668664069815,
            "y": 661.5331775807529,
            "z": 10.0
        },
        {
            "x": 246.18297953220804,
            "y": 676.0763070641825,
            "z": 10.0
        },
        {
            "x": 280.92551407804524,
            "y": 638.1743508778586,
            "z": 10.0
        },
        {
            "x": 314.1866923948656,
            "y": 698.1642857455677,
            "z": 10.0
        },
        {
            "x": 257.1460607454482,
            "y": 652.4107749662871,
            "z": 10.0
        },
        {
            "x": 308.16072586595726,
            "y": 667.9412039152352,
            "z": 10.0
        },
        {
            "x": 256.16176760661597,
            "y": 700.5983466264286,
            "z": 10.0
        },
        {
            "x": 272.2920657534394,
            "y": 714.4808402539979,
            "z": 10.0
        },
        {
            "x": 290.35317613154075,
            "y": 668.1968221431583,
            "z": 10.0
        },
        {
            "x": 258.73022478077417,
            "y": 698.9746688879776,
            "z": 10.0
        },
        {
            "x": 302.69083641511327,
            "y": 720.9055378472058,
            "z": 10.0
        },
        {
            "x": 235.3695242664893,
            "y": 689.6638894257597,
            "z": 10.0
        },
        {
            "x": 268.7769979898561,
            "y": 715.7844139314814,
            "z": 10.0
        }
    ],
    "sensors": [
        {
            "x": 333.53742806745424,
            "y": 618.9264720086203,
            "z": -1.0
        },
        {
            "x": 310.21688513940273,
            "y": 635.6706932859006,
            "z": -1.0
        },
        {
            "x": 330.7709748316589,
            "y": 722.7129067892502,
            "z": -1.0
        },
        {
            "x": 343.6656925348383,
            "y": 719.2725060697107,
            "z": -1.0
        },
        {
            "x": 336.04836756916654,
            "y": 651.2418556154219,
            "z": -1.0
        },
        {
            "x": 266.1311228977037,
            "y": 593.3678727839307,
            "z": -1.0
        },
        {
            "x": 237.06086523617728,
            "y": 618.6105221349754,
            "z": -1.0
        },
        {
            "x": 336.587517757257,
            "y": 623.1053064518492,
            "z": -1.0
        },
        {
            "x": 216.2639508199032,
            "y": 735.1749985422289,
            "z": -1.0
        },
        {
            "x": 208.4331416813771,
            "y": 664.7844229742109,
            "z": -1.0
        },
        {
            "x": 313.3029415947382,
            "y": 769.0500669268841,
            "z": -1.0
        },
        {
            "x": 364.365609925227,
            "y": 656.047888903023,
            "z": -1.0
        },
        {
            "x": 246.91018059151753,
            "y": 637.7696809583065,
            "z": -1.0
        },
        {
            "x": 349.1368774594236,
            "y": 673.7816363645794,
            "z": -1.0
        },
        {
            "x": 323.9266915015042,
            "y": 622.8760119808434,
            "z": -1.0
        },
        {
            "x": 303.68750782682457,
            "y": 758.2526259376318,
            "z": -1.0
        },
        {
            "x": 369.5077317121222,
            "y": 706.4855537142327,
            "z": -1.0
        },
        {
            "x": 365.72560688718465,
            "y": 715.3147638571627,
            "z": -1.0
        },
        {
            "x": 322.19450511325283,
            "y": 726.229725611385,
            "z": -1.0
        },
        {
            "x": 214.79474106280043,
            "y": 657.34409032019,
            "z": -1.0
        },
        {
            "x": 281.2243036755715,
            "y": 614.9808630657086,
            "z": -1.0
        },
        {
            "x": 227.3957723039814,
            "y": 733.5056716580343,
            "z": -1.0
        },
        {
            "x": 278.85643802137315,
            "y": 611.6871935287605,
            "z": -1.0
        },
        {
            "x": 344.3033116449397,
            "y": 632.275521142232,
            "z": -1.0
        },
        {
            "x": 319.7840888404421,
            "y": 727.3179895296253,
            "z": -1.0
        },
        {
            "x": 243.71737955435646,
            "y": 637.2658910574611,
            "z": -1.0
        },
        {
            "x": 317.23626075105676,
            "y": 744.3389786463235,
            "z": -1.0
        },
        {
            "x": 328.19189933383296,
            "y": 743.273958951577,
            "z": -1.0
        },
        {
            "x": 353.9730383798423,
            "y": 661.3663003420253,
            "z": -1.0
        },
        {
            "x": 369.03660288151997,
            "y": 675.693045766683,
            "z": -1.0
        },
        {
            "x": 347.44633697999456,
            "y": 689.2288627034527,
            "z": -1.0
        },
        {
            "x": 372.6760099363093,
            "y": 702.2600741965268,
            "z": -1.0
        },
        {
            "x": 232.5830695266216,
            "y": 734.4173087729795,
            "z": -1.0
        },
        {
            "x": 271.61553210285103,
            "y": 591.8999044867053,
            "z": -1.0
        },
        {
            "x": 336.1167057263125,
            "y": 752.783035160649,
            "z": -1.0
        },
        {
            "x": 350.4122784613809,
            "y": 670.960479234785,
            "z": -1.0
        },
        {
            "x": 365.95937170352954,
            "y": 658.7103672232573,
            "z": -1.0
        },
        {
            "x": 294.01056229278873,
            "y": 595.7299014325602,
            "z": -1.0
        },
        {
            "x": 250.50403528734427,
            "y": 768.8020246432675,
            "z": -1.0
        },
        {
            "x": 206.59300208063888,
            "y": 682.4021398047712,
            "z": -1.0
        },
        {
            "x": 318.2603603599908,
            "y": 623.4082848739788,
            "z": -1.0
        },
        {
            "x": 352.00632734403075,
            "y": 699.9743652792939,
            "z": -1.0
        },
        {
            "x": 252.58713029100815,
            "y": 740.6548378011621,
            "z": -1.0
        },
        {
            "x": 269.41111453148864,
            "y": 745.9253183011659,
            "z": -1.0
        },
        {
            "x": 246.71432271021126,
            "y": 737.0087275302612,
            "z": -1.0
        },
        {
            "x": 304.69128626093027,
            "y": 604.3904105162684,
            "z": -1.0
        },
        {
            "x": 200.83618689120533,
            "y": 647.1515315467835,
            "z": -1.0
        },
        {
            "x": 214.79738025195252,
            "y": 714.6158860789519,
            "z": -1.0
        },
        {
            "x": 354.18445098044015,
            "y": 648.2151698705321,
            "z": -1.0
        },
        {
            "x": 240.20974328509345,
            "y": 642.6933679165364,
            "z": -1.0
        },
        {
            "x": 257.4701764523564,
            "y": 608.4375088779597,
            "z": -1.0
        },
        {
            "x": 321.76054046905864,
            "y": 723.5077098694867,
            "z": -1.0
        },
        {
            "x": 347.8022996762205,
            "y": 697.422105693305,
            "z": -1.0
        },
        {
            "x": 325.42676495782143,
            "y": 760.4944560286995,
            "z": -1.0
        },
        {
            "x": 198.8797143317936,
            "y": 720.7871015940874,
            "z": -1.0
        },
        {
            "x": 229.92368140752797,
            "y": 732.9947894898769,
            "z": -1.0
        },
        {
            "x": 357.632585828577,
            "y": 721.2552834507453,
            "z": -1.0
        },
        {
            "x": 298.06021681181744,
            "y": 633.6992566083742,
            "z": -1.0
        },
        {
            "x": 225.15474075823,
            "y": 631.4801722052787,
            "z": -1.0
        },
        {
            "x": 337.32617555598006,
            "y": 737.5932587749865,
            "z": -1.0
        },
        {
            "x": 299.2624631788995,
            "y": 766.5802759928338,
            "z": -1.0
        },
        {
            "x": 237.19621966115517,
            "y": 602.2781639663137,
            "z": -1.0
        },
        {
            "x": 328.28524323349484,
            "y": 748.8288678423598,
            "z": -1.0
        },
        {
            "x": 184.49821326692125,
            "y": 693.5999857624091,
            "z": -1.0
        },
        {
            "x": 345.5887572079681,
            "y": 688.0164849582227,
            "z": -1.0
        },
        {
            "x": 352.7401701796899,
            "y": 628.7654624174381,
            "z": -1.0
        },
        {
            "x": 231.97753706392376,
            "y": 639.7599403823673,
            "z": -1.0
        },
        {
            "x": 247.25856446838606,
            "y": 638.4150452629234,
            "z": -1.0
        },
        {
            "x": 238.11404086005888,
            "y": 715.8228192149269,
            "z": -1.0
        },
        {
            "x": 351.0132078063175,
            "y": 678.124175480061,
            "z": -1.0
        },
        {
            "x": 239.19275234056585,
            "y": 609.2567008152294,
            "z": -1.0
        },
        {
            "x": 364.12374246745674,
            "y": 723.3451063241864,
            "z": -1.0
        },
        {
            "x": 233.40942207520663,
            "y": 636.1953309049703,
            "z": -1.0
        },
        {
            "x": 356.19086108710974,
            "y": 728.6435564088009,
            "z": -1.0
        },
        {
            "x": 323.1986687690352,
            "y": 658.0129812049763,
            "z": -1.0
        },
        {
            "x": 328.49343336816924,
            "y": 743.1312987081725,
            "z": -1.0
        },
        {
            "x": 234.99647527883508,
            "y": 756.8206106744469,
            "z": -1.0
        },
        {
            "x": 233.91335538844186,
            "y": 649.4091231386622,
            "z": -1.0
        },
        {
            "x": 216.39421077833083,
            "y": 664.9403864145429,
            "z": -1.0
        },
        {
            "x": 327.16246031541596,
            "y": 649.133743154762,
            "z": -1.0
        },
        {
            "x": 337.8199407956834,
            "y": 606.7064882073968,
            "z": -1.0
        },
        {
            "x": 225.53856991073167,
            "y": 609.4561835798162,
            "z": -1.0
        },
        {
            "x": 206.70221362528622,
            "y": 672.7932886015474,
            "z": -1.0
        },
        {
            "x": 227.70882798454733,
            "y": 703.6349759110083,
            "z": -1.0
        },
        {
            "x": 325.09026363763235,
            "y": 719.4136346279388,
            "z": -1.0
        },
        {
            "x": 332.1081196614115,
            "y": 601.9430075499549,
            "z": -1.0
        },
        {
            "x": 193.34563587295116,
            "y": 664.9371669243823,
            "z": -1.0
        },
        {
            "x": 271.9233817502361,
            "y": 747.0684027183348,
            "z": -1.0
        },
        {
            "x": 327.16007012524653,
            "y": 759.9448605480238,
            "z": -1.0
        },
        {
            "x": 342.70634928657057,
            "y": 644.3043749619569,
            "z": -1.0
        },
        {
            "x": 315.44382253891473,
            "y": 637.022238797387,
            "z": -1.0
        },
        {
            "x": 203.4411458369708,
            "y": 622.9410696869946,
            "z": -1.0
        },
        {
            "x": 359.5574427368842,
            "y": 726.6030908274973,
            "z": -1.0
        },
        {
            "x": 370.7212491156264,
            "y": 664.868949805742,
            "z": -1.0
        },
        {
            "x": 355.8660777718181,
            "y": 637.4730920741072,
            "z": -1.0
        },
        {
            "x": 225.64763381314395,
            "y": 607.9419682263724,
            "z": -1.0
        },
        {
            "x": 329.77306458382395,
            "y": 619.1127911221315,
            "z": -1.0
        },
        {
            "x": 349.698998485767,
            "y": 738.9128805922647,
            "z": -1.0
        },
        {
            "x": 253.06276681227047,
            "y": 732.3823539999349,
            "z": -1.0
        },
        {
            "x": 240.2423714680129,
            "y": 716.675696832548,
            "z": -1.0
        },
        {
            "x": 238.55533135870883,
            "y": 599.2889367617181,
            "z": -1.0
        },
        {
            "x": 240.19994274764883,
            "y": 746.8308836541172,
            "z": -1.0
        },
        {
            "x": 332.71093554854133,
            "y": 743.268286171054,
            "z": -1.0
        },
        {
            "x": 224.6800066291736,
            "y": 604.8767572171065,
            "z": -1.0
        },
        {
            "x": 328.8089166361121,
            "y": 650.1186957688412,
            "z": -1.0
        },
        {
            "x": 350.20558413226684,
            "y": 681.0380038082463,
            "z": -1.0
        },
        {
            "x": 306.7025857336585,
            "y": 621.4146126486913,
            "z": -1.0
        },
        {
            "x": 248.25679686483937,
            "y": 600.8682342454294,
            "z": -1.0
        },
        {
            "x": 227.8671298421499,
            "y": 599.3427867641255,
            "z": -1.0
        },
        {
            "x": 234.38950202638495,
            "y": 609.2143811921158,
            "z": -1.0
        },
        {
            "x": 269.0468143596295,
            "y": 731.1941794653054,
            "z": -1.0
        },
        {
            "x": 276.84293822077603,
            "y": 732.3140598574013,
            "z": -1.0
        },
        {
            "x": 355.28346180199594,
            "y": 648.3732095497447,
            "z": -1.0
        },
        {
            "x": 243.3380124758321,
            "y": 595.4918094745913,
            "z": -1.0
        },
        {
            "x": 321.0661457920598,
            "y": 631.1126295128561,
            "z": -1.0
        },
        {
            "x": 328.5682382307309,
            "y": 668.8907093448657,
            "z": -1.0
        },
        {
            "x": 292.42226906601053,
            "y": 591.0596896351099,
            "z": -1.0
        },
        {
            "x": 317.72227332648407,
            "y": 742.9274314594975,
            "z": -1.0
        },
        {
            "x": 354.61888174456453,
            "y": 652.2423193925173,
            "z": -1.0
        },
        {
            "x": 349.68742086597854,
            "y": 627.955873997691,
            "z": -1.0
        },
        {
            "x": 251.60507763169753,
            "y": 631.8788813507219,
            "z": -1.0
        },
        {
            "x": 249.54383715531918,
            "y": 748.0762292375306,
            "z": -1.0
        },
        {
            "x": 265.0217786155206,
            "y": 591.9954440939358,
            "z": -1.0
        },
        {
            "x": 342.696146479891,
            "y": 716.8210542849547,
            "z": -1.0
        },
        {
            "x": 348.30509555542767,
            "y": 626.2410211675048,
            "z": -1.0
        },
        {
            "x": 245.63841321514752,
            "y": 745.1570350377896,
            "z": -1.0
        },
        {
            "x": 324.3492545779875,
            "y": 621.5827762939285,
            "z": -1.0
        },
        {
            "x": 364.2869100437045,
            "y": 654.3505069878322,
            "z": -1.0
        },
        {
            "x": 230.55503713885673,
            "y": 634.852527747362,
            "z": -1.0
        },
        {
            "x": 371.9877922860388,
            "y": 682.2857495565319,
            "z": -1.0
        },
        {
            "x": 291.2033035438641,
            "y": 758.1500676518866,
            "z": -1.0
        },
        {
            "x": 252.25079749513668,
            "y": 735.2043260884724,
            "z": -1.0
        },
        {
            "x": 309.11189877329525,
            "y": 605.1815203685943,
            "z": -1.0
        },
        {
            "x": 215.6432352668126,
            "y": 668.6914692761676,
            "z": -1.0
        },
        {
            "x": 358.6680631432065,
            "y": 701.9043942751886,
            "z": -1.0
        },
        {
            "x": 246.39169887075568,
            "y": 769.2115215453116,
            "z": -1.0
        },
        {
            "x": 265.3159361686165,
            "y": 760.18139644652,
            "z": -1.0
        },
        {
            "x": 306.9382535545061,
            "y": 619.8522049225663,
            "z": -1.0
        },
        {
            "x": 251.69832263221335,
            "y": 769.7911104591218,
            "z": -1.0
        },
        {
            "x": 330.7218958398026,
            "y": 618.5598651050028,
            "z": -1.0
        },
        {
            "x": 248.18194917266544,
            "y": 731.7001555646353,
            "z": -1.0
        },
        {
            "x": 254.39281504101976,
            "y": 628.4947365195098,
            "z": -1.0
        },
        {
            "x": 244.427603857876,
            "y": 603.621013502668,
            "z": -1.0
        },
        {
            "x": 329.53630632140494,
            "y": 671.0872902189333,
            "z": -1.0
        },
        {
            "x": 329.1889432173799,
            "y": 743.3951702989577,
            "z": -1.0
        },
        {
            "x": 230.65945198430927,
            "y": 758.6449929214076,
            "z": -1.0
        },
        {
            "x": 242.97781267125953,
            "y": 613.0544869224516,
            "z": -1.0
        },
        {
            "x": 242.8591280354338,
            "y": 644.3511237606318,
            "z": -1.0
        },
        {
            "x": 303.43155591623906,
            "y": 596.6405199495089,
            "z": -1.0
        },
        {
            "x": 346.15669542708923,
            "y": 648.6255797742976,
            "z": -1.0
        },
        {
            "x": 349.6452342652516,
            "y": 706.0041421531121,
            "z": -1.0
        },
        {
            "x": 358.4862290563722,
            "y": 646.4095053762098,
            "z": -1.0
        },
        {
            "x": 329.05890381665586,
            "y": 638.5803297425798,
            "z": -1.0
        },
        {
            "x": 256.2520969876308,
            "y": 596.0737296640591,
            "z": -1.0
        },
        {
            "x": 312.71055289644005,
            "y": 627.6042359745934,
            "z": -1.0
        },
        {
            "x": 317.3624651535996,
            "y": 649.6354400236178,
            "z": -1.0
        },
        {
            "x": 346.49507816248274,
            "y": 697.8824310549566,
            "z": -1.0
        },
        {
            "x": 355.8655702771988,
            "y": 732.6130593815852,
            "z": -1.0
        },
        {
            "x": 237.99611194411614,
            "y": 716.9910494542681,
            "z": -1.0
        },
        {
            "x": 282.08601204394495,
            "y": 741.1893517523133,
            "z": -1.0
        },
        {
            "x": 221.25966017190598,
            "y": 622.6531466718689,
            "z": -1.0
        },
        {
            "x": 205.4662136433276,
            "y": 622.9731650469664,
            "z": -1.0
        },
        {
            "x": 235.410413727332,
            "y": 650.4770583568526,
            "z": -1.0
        },
        {
            "x": 343.74271077365984,
            "y": 687.4255448797957,
            "z": -1.0
        },
        {
            "x": 222.64310568011882,
            "y": 701.2070722720609,
            "z": -1.0
        },
        {
            "x": 363.5780479778123,
            "y": 639.8894505614063,
            "z": -1.0
        },
        {
            "x": 272.2333893755102,
            "y": 605.6939293928729,
            "z": -1.0
        },
        {
            "x": 215.15052326912917,
            "y": 680.5576873769088,
            "z": -1.0
        },
        {
            "x": 326.16166468629336,
            "y": 701.7937055680934,
            "z": -1.0
        },
        {
            "x": 274.5448141749373,
            "y": 744.6098070450919,
            "z": -1.0
        },
        {
            "x": 315.74296954724207,
            "y": 724.3624390432748,
            "z": -1.0
        },
        {
            "x": 340.57017679761077,
            "y": 653.8724317648218,
            "z": -1.0
        },
        {
            "x": 330.7265874296481,
            "y": 621.1919764666001,
            "z": -1.0
        },
        {
            "x": 346.2105177654687,
            "y": 694.4656317807559,
            "z": -1.0
        },
        {
            "x": 225.86547180432643,
            "y": 630.5841245540863,
            "z": -1.0
        },
        {
            "x": 247.14270121341093,
            "y": 597.5676319996657,
            "z": -1.0
        },
        {
            "x": 281.7349268489389,
            "y": 741.2254782850874,
            "z": -1.0
        },
        {
            "x": 334.48284330603235,
            "y": 692.4434057644577,
            "z": -1.0
        },
        {
            "x": 361.80973737879225,
            "y": 667.5097925248986,
            "z": -1.0
        },
        {
            "x": 220.39063258977205,
            "y": 643.4321234874035,
            "z": -1.0
        },
        {
            "x": 220.12467342991175,
            "y": 631.2826280961522,
            "z": -1.0
        },
        {
            "x": 207.19000509597856,
            "y": 728.4312573852434,
            "z": -1.0
        },
        {
            "x": 358.9814142306242,
            "y": 659.019700233275,
            "z": -1.0
        },
        {
            "x": 246.63071959566457,
            "y": 624.008986779847,
            "z": -1.0
        },
        {
            "x": 308.6135290624702,
            "y": 729.2224319024701,
            "z": -1.0
        },
        {
            "x": 302.4942254969212,
            "y": 621.0449289499945,
            "z": -1.0
        },
        {
            "x": 364.01345796374324,
            "y": 684.0855667370029,
            "z": -1.0
        },
        {
            "x": 232.6544013341914,
            "y": 633.1011274946152,
            "z": -1.0
        },
        {
            "x": 346.60470170982524,
            "y": 622.1841910208747,
            "z": -1.0
        },
        {
            "x": 330.1555656403226,
            "y": 755.0530181603044,
            "z": -1.0
        },
        {
            "x": 328.43542375911636,
            "y": 722.3874872434541,
            "z": -1.0
        },
        {
            "x": 317.46009228609887,
            "y": 761.2759520082952,
            "z": -1.0
        },
        {
            "x": 208.67131472296467,
            "y": 619.3693255001945,
            "z": -1.0
        },
        {
            "x": 282.03530786900683,
            "y": 621.3418724409003,
            "z": -1.0
        },
        {
            "x": 339.2111094707942,
            "y": 671.0632988930925,
            "z": -1.0
        },
        {
            "x": 357.49910459735645,
            "y": 635.3367956612789,
            "z": -1.0
        },
        {
            "x": 230.12329851408202,
            "y": 668.0866839308558,
            "z": -1.0
        },
        {
            "x": 241.55984540634927,
            "y": 616.3724192657153,
            "z": -1.0
        },
        {
            "x": 230.37994686976327,
            "y": 711.9471890254413,
            "z": -1.0
        },
        {
            "x": 281.7129801180453,
            "y": 598.6251392616604,
            "z": -1.0
        }
    ],
    "center": {
        "x": 278.6616448751002,
        "y": 681.6425201299014,
        "z": 0.0
    },
    "radius": 50
}