{
    "W": 1000,
    "H": 1000,
    "depth": 1.0,
    "height": 10.0,
    "num_of_relays": 200,
    "num_of_sensors": 400,
    "relays": [
        {
            "x": 549.0646416870926,
            "y": 495.3171768354191,
            "z": 10.0
        },
        {
            "x": 552.6254761638855,
            "y": 492.20185676666773,
            "z": 10.0
        },
        {
            "x": 531.206240201113,
            "y": 510.1871626845312,
            "z": 10.0
        },
        {
            "x": 522.7562602380442,
            "y": 497.6610361164898,
            "z": 10.0
        },
        {
            "x": 546.2238989647573,
            "y": 523.1762030835057,
            "z": 10.0
        },
        {
            "x": 548.6934453397861,
            "y": 504.0061142494922,
            "z": 10.0
        },
        {
            "x": 554.6749443577457,
            "y": 494.05981146946465,
            "z": 10.0
        },
        {
            "x": 541.9546198569336,
            "y": 517.4435745645651,
            "z": 10.0
        },
        {
            "x": 536.5849423981142,
            "y": 523.4000752174836,
            "z": 10.0
        },
        {
            "x": 523.9329987023345,
            "y": 486.97434096073437,
            "z": 10.0
        },
        {
            "x": 560.4828443478503,
            "y": 500.39662754565603,
            "z": 10.0
        },
        {
            "x": 518.8310066323104,
            "y": 510.6758605029515,
            "z": 10.0
        },
        {
            "x": 541.3313690465426,
            "y": 498.86932738293854,
            "z": 10.0
        },
        {
            "x": 535.4182257253515,
            "y": 520.236976733625,
            "z": 10.0
        },
        {
            "x": 525.2592026220173,
            "y": 486.6900740048501,
            "z": 10.0
        },
        {
            "x": 542.6412309870644,
            "y": 489.4921172131734,
            "z": 10.0
        },
        {
            "x": 554.1017173739842,
            "y": 495.04863928787944,
            "z": 10.0
        },
        {
            "x": 542.7916612360023,
            "y": 494.5601902240705,
            "z": 10.0
        },
        {
            "x": 554.1945461433052,
            "y": 507.3515329195053,
            "z": 10.0
        },
        {
            "x": 532.1068970368574,
            "y": 507.4397410406855,
            "z": 10.0
        },
        {
            "x": 559.9496552756945,
            "y": 498.7101945522253,
            "z": 10.0
        },
        {
            "x": 552.2546800847825,
            "y": 505.3190277564096,
            "z": 10.0
        },
        {
            "x": 542.7469334439152,
            "y": 500.2443915283287,
            "z": 10.0
        },
        {
            "x": 550.0188106814477,
            "y": 501.02224525827404,
            "z": 10.0
        },
        {
            "x": 545.0578243711386,
            "y": 504.3071482479267,
            "z": 10.0
        },
        {
            "x": 559.0009794089474,
            "y": 508.67920543488555,
            "z": 10.0
        },
        {
            "x": 532.916013118641,
            "y": 482.9494453750302,
            "z": 10.0
        },
        {
            "x": 553.5162678147384,
            "y": 504.19073373188417,
            "z": 10.0
        },
        {
            "x": 529.6284148289744,
            "y": 513.4232560417362,
            "z": 10.0
        },
        {
            "x": 530.9337431696697,
            "y": 506.5959025673364,
            "z": 10.0
        },
        {
            "x": 535.2205645902928,
            "y": 518.297556798283,
            "z": 10.0
        },
        {
            "x": 534.2424645543324,
            "y": 488.3495996680721,
            "z": 10.0
        },
        {
            "x": 533.6106847240278,
            "y": 520.7206852166651,
            "z": 10.0
        },
        {
            "x": 525.5914192711467,
            "y": 509.29779112350417,
            "z": 10.0
        },
        {
            "x": 535.4686949553426,
            "y": 519.75980186321,
            "z": 10.0
        },
        {
            "x": 549.6446613634766,
            "y": 501.91859182761203,
            "z": 10.0
        },
        {
            "x": 534.3597597885367,
            "y": 490.1297267521526,
            "z": 10.0
        },
        {
            "x": 531.4342283955633,
            "y": 500.70088745746364,
            "z": 10.0
        },
        {
            "x": 527.0905768992606,
            "y": 515.5423815725188,
            "z": 10.0
        },
        {
            "x": 529.6055081894443,
            "y": 496.62168811354854,
            "z": 10.0
        },
        {
            "x": 551.7124067202972,
            "y": 509.90590392071454,
            "z": 10.0
        },
        {
            "x": 560.2551343498542,
            "y": 497.0512315540706,
            "z": 10.0
        },
        {
            "x": 539.4664921894023,
            "y": 502.5485182956849,
            "z": 10.0
        },
        {
            "x": 552.034089416173,
            "y": 508.1370232046681,
            "z": 10.0
        },
        {
            "x": 549.2673652895046,
            "y": 490.79801988554175,
            "z": 10.0
        },
        {
            "x": 528.1386898526674,
            "y": 489.6277908345352,
            "z": 10.0
        },
        {
            "x": 548.7811432014597,
            "y": 506.4594937943284,
            "z": 10.0
        },
        {
            "x": 532.8099633246934,
            "y": 490.3656389229982,
            "z": 10.0
        },
        {
            "x": 536.2514003315781,
            "y": 485.13722066805377,
            "z": 10.0
        },
        {
            "x": 554.4601089169679,
            "y": 510.43308806854105,
            "z": 10.0
        },
        {
            "x": 537.8391643663999,
            "y": 492.2393016047776,
            "z": 10.0
        },
        {
            "x": 539.0596701991049,
            "y": 520.1661810742182,
            "z": 10.0
        },
        {
            "x": 540.7575604765995,
            "y": 488.750629679712,
            "z": 10.0
        },
        {
            "x": 548.8764605478381,
            "y": 501.32144886305673,
            "z": 10.0
        },
        {
            "x": 533.6344148717134,
            "y": 495.1921605988359,
            "z": 10.0
        },
        {
            "x": 522.6706648378741,
            "y": 516.9662877572323,
            "z": 10.0
        },
        {
            "x": 546.3658861140175,
            "y": 496.5555013857568,
            "z": 10.0
        },
        {
            "x": 558.3129345294221,
            "y": 498.4481163158727,
            "z": 10.0
        },
        {
            "x": 555.9305979339239,
            "y": 514.4470774751273,
            "z": 10.0
        },
        {
            "x": 534.7397491214662,
            "y": 498.40137554330454,
            "z": 10.0
        },
        {
            "x": 541.2147887406657,
            "y": 499.8245345315662,
            "z": 10.0
        },
        {
            "x": 519.9092389923961,
            "y": 500.45981765147354,
            "z": 10.0
        },
        {
            "x": 543.2716088911328,
            "y": 514.4372949975541,
            "z": 10.0
        },
        {
            "x": 543.7595095612623,
            "y": 516.0469744258553,
            "z": 10.0
        },
        {
            "x": 526.8209589763856,
            "y": 483.88446674275053,
            "z": 10.0
        },
        {
            "x": 534.7691004239163,
            "y": 504.05604410753637,
            "z": 10.0
        },
        {
            "x": 543.368705286927,
            "y": 485.3314471149477,
            "z": 10.0
        },
        {
            "x": 550.4787368852041,
            "y": 502.5686511235255,
            "z": 10.0
        },
        {
            "x": 540.6831955933031,
            "y": 519.7882111047899,
            "z": 10.0
        },
        {
            "x": 546.466895991659,
            "y": 502.57542177760246,
            "z": 10.0
        },
        {
            "x": 529.3179818043689,
            "y": 506.96220077172893,
            "z": 10.0
        },
        {
            "x": 531.0886216413446,
            "y": 515.3052652826013,
            "z": 10.0
        },
        {
            "x": 546.1803331872752,
            "y": 496.9058429237296,
            "z": 10.0
        },
        {
            "x": 545.61073031945,
            "y": 522.4128024577034,
            "z": 10.0
        },
        {
            "x": 557.1736070221898,
            "y": 501.84023587828204,
            "z": 10.0
        },
        {
            "x": 536.940902282236,
            "y": 484.7513460463869,
            "z": 10.0
        },
        {
            "x": 542.0644048102107,
            "y": 508.943330488551,
            "z": 10.0
        },
        {
            "x": 551.6743111259993,
            "y": 498.23657580188114,
            "z": 10.0
        },
        {
            "x": 537.8774531112325,
            "y": 481.285604416848,
            "z": 10.0
        },
        {
            "x": 559.3167879475545,
            "y": 505.25013270882687,
            "z": 10.0
        },
        {
            "x": 544.4391212079303,
            "y": 504.6765727903478,
            "z": 10.0
        },
        {
            "x": 539.0378252191637,
            "y": 485.97023437433023,
            "z": 10.0
        },
        {
            "x": 551.7708596150669,
            "y": 511.371156010773,
            "z": 10.0
        },
        {
            "x": 528.8211521288891,
            "y": 490.4388255233104,
            "z": 10.0
        },
        {
            "x": 517.9126591861875,
            "y": 492.88902839190433,
            "z": 10.0
        },
        {
            "x": 552.5730089639549,
            "y": 519.6406569782469,
            "z": 10.0
        },
        {
            "x": 539.4524928480135,
            "y": 489.4325641707248,
            "z": 10.0
        },
        {
            "x": 557.4110559141595,
            "y": 502.4846983754782,
            "z": 10.0
        },
        {
            "x": 535.5673923115536,
            "y": 519.1997744669653,
            "z": 10.0
        },
        {
            "x": 553.922608736759,
            "y": 505.2721764199458,
            "z": 10.0
        },
        {
            "x": 554.8751782297917,
            "y": 510.2413892831833,
            "z": 10.0
        },
        {
            "x": 538.8271466571067,
            "y": 517.45549172807,
            "z": 10.0
        },
        {
            "x": 534.4587805837266,
            "y": 519.3135681634261,
            "z": 10.0
        },
        {
            "x": 536.1671028202849,
            "y": 510.8043024145239,
            "z": 10.0
        },
        {
            "x": 529.160902991489,
            "y": 519.3148647731426,
            "z": 10.0
        },
        {
            "x": 545.9964001702197,
            "y": 504.94904161627795,
            "z": 10.0
        },
        {
            "x": 546.0556192902151,
            "y": 517.4116550998547,
            "z": 10.0
        },
        {
            "x": 535.4662962264669,
            "y": 504.90744908141363,
            "z": 10.0
        },
        {
            "x": 535.6209931479473,
            "y": 515.3222830893584,
            "z": 10.0
        },
        {
            "x": 552.8549816618554,
            "y": 496.6052382458554,
            "z": 10.0
        },
        {
            "x": 525.5463093064939,
            "y": 497.4860373434818,
            "z": 10.0
        },
        {
            "x": 527.2415524399219,
            "y": 500.16835864023363,
            "z": 10.0
        },
        {
            "x": 527.5010925899419,
            "y": 491.3147256917039,
            "z": 10.0
        },
        {
            "x": 526.5801010404073,
            "y": 518.8995689015951,
            "z": 10.0
        },
        {
            "x": 522.516365564471,
            "y": 500.97082620661575,
            "z": 10.0
        },
        {
            "x": 532.233199811043,
            "y": 481.84245474296347,
            "z": 10.0
        },
        {
            "x": 519.4921215896783,
            "y": 507.8195359152642,
            "z": 10.0
        },
        {
            "x": 518.7115284545309,
            "y": 509.23573362661335,
            "z": 10.0
        },
        {
            "x": 535.6300720939635,
            "y": 483.04756798802663,
            "z": 10.0
        },
        {
            "x": 555.5430120371321,
            "y": 504.8803989521422,
            "z": 10.0
        },
        {
            "x": 543.6742506850451,
            "y": 518.8148007722557,
            "z": 10.0
        },
        {
            "x": 555.4596819236732,
            "y": 500.41282991884,
            "z": 10.0
        },
        {
            "x": 551.5495640435655,
            "y": 484.9840822525642,
            "z": 10.0
        },
        {
            "x": 548.7223402959644,
            "y": 514.9151510949841,
            "z": 10.0
        },
        {
            "x": 530.4758808834766,
            "y": 522.6222386724736,
            "z": 10.0
        },
        {
            "x": 536.8508860803695,
            "y": 501.2712625610763,
            "z": 10.0
        },
        {
            "x": 546.3743482355875,
            "y": 497.43945993660003,
            "z": 10.0
        },
        {
            "x": 554.1037854672458,
            "y": 508.27428677250253,
            "z": 10.0
        },
        {
            "x": 516.7899616053386,
            "y": 498.1240353603145,
            "z": 10.0
        },
        {
            "x": 532.1124722748177,
            "y": 494.0122874934261,
            "z": 10.0
        },
        {
            "x": 521.4687419250909,
            "y": 516.9479047155712,
            "z": 10.0
        },
        {
            "x": 550.8162684390352,
            "y": 515.0310317705186,
            "z": 10.0
        },
        {
            "x": 523.350921057771,
            "y": 493.0675815875503,
            "z": 10.0
        },
        {
            "x": 555.4986167240206,
            "y": 503.67992079261876,
            "z": 10.0
        },
        {
            "x": 541.103351222918,
            "y": 524.9780581776572,
            "z": 10.0
        },
        {
            "x": 526.8080666516722,
            "y": 499.3870767078771,
            "z": 10.0
        },
        {
            "x": 551.4731612222887,
            "y": 491.3083390198613,
            "z": 10.0
        },
        {
            "x": 539.4614138212495,
            "y": 493.5184704390335,
            "z": 10.0
        },
        {
            "x": 521.9390046568624,
            "y": 517.6827532592188,
            "z": 10.0
        },
        {
            "x": 557.1353877487284,
            "y": 495.9944367892201,
            "z": 10.0
        },
        {
            "x": 529.3536806762355,
            "y": 483.30178664889115,
            "z": 10.0
        },
        {
            "x": 522.9039418345594,
            "y": 518.3626482303041,
            "z": 10.0
        },
        {
            "x": 536.5130480830578,
            "y": 486.19247638546966,
            "z": 10.0
        },
        {
            "x": 527.3974350589555,
            "y": 496.11073288423245,
            "z": 10.0
        },
        {
            "x": 523.8505035799757,
            "y": 506.46870361615413,
            "z": 10.0
        },
        {
            "x": 545.2760225988023,
            "y": 515.3238920185213,
            "z": 10.0
        },
        {
            "x": 544.3112523230305,
            "y": 489.40327347992655,
            "z": 10.0
        },
        {
            "x": 554.1141712485521,
            "y": 500.69752388743126,
            "z": 10.0
        },
        {
            "x": 525.6760219253476,
            "y": 508.1473385742569,
            "z": 10.0
        },
        {
            "x": 537.8475309037254,
            "y": 506.1380983480085,
            "z": 10.0
        },
        {
            "x": 542.7628589743673,
            "y": 518.4607383487606,
            "z": 10.0
        },
        {
            "x": 526.3029291025975,
            "y": 514.1732316155233,
            "z": 10.0
        },
        {
            "x": 541.0934145409918,
            "y": 494.4226493808655,
            "z": 10.0
        },
        {
            "x": 547.1083255460601,
            "y": 522.0209353070611,
            "z": 10.0
        },
        {
            "x": 529.5461049572534,
            "y": 519.503585137803,
            "z": 10.0
        },
        {
            "x": 553.0799601430433,
            "y": 497.11675014747385,
            "z": 10.0
        },
        {
            "x": 538.6299731622892,
            "y": 498.4113983380746,
            "z": 10.0
        },
        {
            "x": 534.9255887823069,
            "y": 507.92685658170706,
            "z": 10.0
        },
        {
            "x": 546.7130596145935,
            "y": 502.1065021013185,
            "z": 10.0
        },
        {
            "x": 554.3134956218075,
            "y": 519.2025101585082,
            "z": 10.0
        },
        {
            "x": 522.3384912142144,
            "y": 495.1111598965913,
            "z": 10.0
        },
        {
            "x": 525.8929191524708,
            "y": 509.6092919465596,
            "z": 10.0
        },
        {
            "x": 546.9022076812774,
            "y": 507.047451867045,
            "z": 10.0
        },
        {
            "x": 546.0680159696446,
            "y": 504.1821206161077,
            "z": 10.0
        },
        {
            "x": 522.3151188787689,
            "y": 499.63783091076095,
            "z": 10.0
        },
        {
            "x": 531.758405561217,
            "y": 483.7211980955398,
            "z": 10.0
        },
        {
            "x": 542.2196708839881,
            "y": 515.7497875721756,
            "z": 10.0
        },
        {
            "x": 518.7398140067444,
            "y": 497.55795720385964,
            "z": 10.0
        },
        {
            "x": 539.7552715486672,
            "y": 519.7503029879988,
            "z": 10.0
        },
        {
            "x": 519.0011812152115,
            "y": 492.4740440331839,
            "z": 10.0
        },
        {
            "x": 556.4603968872658,
            "y": 495.54283941176726,
            "z": 10.0
        },
        {
            "x": 527.5559206160001,
            "y": 487.15535578028783,
            "z": 10.0
        },
        {
            "x": 523.0142493049051,
            "y": 491.18804445436774,
            "z": 10.0
        },
        {
            "x": 525.4111204522918,
            "y": 499.480412030161,
            "z": 10.0
        },
        {
            "x": 558.2644234634383,
            "y": 500.52506542170795,
            "z": 10.0
        },
        {
            "x": 536.7084489006885,
            "y": 511.4373039077199,
            "z": 10.0
        },
        {
            "x": 540.9128055164305,
            "y": 509.76782739057217,
            "z": 10.0
        },
        {
            "x": 531.4915863254581,
            "y": 492.0713787127419,
            "z": 10.0
        },
        {
            "x": 537.9895361161756,
            "y": 523.8076922362237,
            "z": 10.0
        },
        {
            "x": 552.9859367528553,
            "y": 496.195992004809,
            "z": 10.0
        },
        {
            "x": 540.0723404236703,
            "y": 496.2486739211601,
            "z": 10.0
        },
        {
            "x": 541.06517908424,
            "y": 496.0518518775502,
            "z": 10.0
        },
        {
            "x": 542.139235205855,
            "y": 494.1193335629116,
            "z": 10.0
        },
        {
            "x": 527.734287722533,
            "y": 521.6990574300556,
            "z": 10.0
        },
        {
            "x": 522.4089748571104,
            "y": 492.92650564214915,
            "z": 10.0
        },
        {
            "x": 531.5694331760922,
            "y": 524.1201062618029,
            "z": 10.0
        },
        {
            "x": 539.8828869839871,
            "y": 506.536685120818,
            "z": 10.0
        },
        {
            "x": 541.3080410074632,
            "y": 480.2068254864614,
            "z": 10.0
        },
        {
            "x": 533.2515782578546,
            "y": 517.6035590970333,
            "z": 10.0
        },
        {
            "x": 549.7626235609795,
            "y": 509.34302124441933,
            "z": 10.0
        },
        {
            "x": 518.0565255971782,
            "y": 507.07421175143895,
            "z": 10.0
        },
        {
            "x": 545.6703406067155,
            "y": 496.99599763684813,
            "z": 10.0
        },
        {
            "x": 547.3965904740372,
            "y": 517.8574490543705,
            "z": 10.0
        },
        {
            "x": 551.5223156938084,
            "y": 502.0805986883004,
            "z": 10.0
        },
        {
            "x": 518.7723074481739,
            "y": 501.13263739153905,
            "z": 10.0
        },
        {
            "x": 541.0982973815683,
            "y": 517.110597207935,
            "z": 10.0
        },
        {
            "x": 532.6778463771283,
            "y": 485.7963373334461,
            "z": 10.0
        },
        {
            "x": 537.4773172082681,
            "y": 489.6901603169031,
            "z": 10.0
        },
        {
            "x": 538.73891438145,
            "y": 496.45353078075743,
            "z": 10.0
        },
        {
            "x": 520.4323661391278,
            "y": 495.54605770018645,
            "z": 10.0
        },
        {
            "x": 555.8291080273564,
            "y": 507.32027435528875,
            "z": 10.0
        },
        {
            "x": 532.9448016325799,
            "y": 494.948835519987,
            "z": 10.0
        },
        {
            "x": 543.5624535935746,
            "y": 490.22432369370773,
            "z": 10.0
        },
        {
            "x": 551.2839340036011,
            "y": 486.3318416646543,
            "z": 10.0
        },
        {
            "x": 529.0284574883343,
            "y": 503.8315485285222,
            "z": 10.0
        },
        {
            "x": 545.40440470619,
            "y": 518.2010750043613,
            "z": 10.0
        },
        {
            "x": 518.367078346908,
            "y": 505.62230252918107,
            "z": 10.0
        },
        {
            "x": 539.518360861523,
            "y": 488.678170380497,
            "z": 10.0
        },
        {
            "x": 543.6334920186849,
            "y": 499.9171046090507,
            "z": 10.0
        },
        {
            "x": 529.8609027123307,
            "y": 519.7307226162987,
            "z": 10.0
        }
    ],
    "sensors": [
        {
            "x": 507.9742246264288,
            "y": 502.535402567977,
            "z": 7.815921081281935
        },
        {
            "x": 515.6471453471236,
            "y": 471.1554013400791,
            "z": -1.0
        },
        {
            "x": 505.78827498155044,
            "y": 477.6489586316202,
            "z": -1.0
        },
        {
            "x": 570.5893398882347,
            "y": 496.9056079472417,
            "z": -1.0
        },
        {
            "x": 531.7853738778674,
            "y": 468.3536325754049,
            "z": -1.0
        },
        {
            "x": 509.9916143577983,
            "y": 472.60363014226425,
            "z": -1.0
        },
        {
            "x": 501.2915247972016,
            "y": 514.5241909174947,
            "z": 4.8819471264598775
        },
        {
            "x": 574.8315398394118,
            "y": 481.9935613166914,
            "z": -1.0
        },
        {
            "x": 506.4872921300967,
            "y": 479.29999601800404,
            "z": -1.0
        },
        {
            "x": 574.916926248334,
            "y": 523.1160189478328,
            "z": -1.0
        },
        {
            "x": 561.4014024111686,
            "y": 526.8328079799344,
            "z": -1.0
        },
        {
            "x": 498.57627797806794,
            "y": 498.10437476287467,
            "z": 15.302243855816261
        },
        {
            "x": 523.9098503814841,
            "y": 534.8609556831129,
            "z": -1.0
        },
        {
            "x": 581.3031756109148,
            "y": 495.48689410529914,
            "z": -1.0
        },
        {
            "x": 577.4791425224472,
            "y": 495.0438061847565,
            "z": -1.0
        },
        {
            "x": 563.3606197217737,
            "y": 491.6110371980229,
            "z": -1.0
        },
        {
            "x": 517.4505306377076,
            "y": 474.2496582177952,
            "z": -1.0
        },
        {
            "x": 563.0631946371507,
            "y": 487.297393089997,
            "z": -1.0
        },
        {
            "x": 547.9344101302518,
            "y": 469.1957539233225,
            "z": -1.0
        },
        {
            "x": 496.82155828930723,
            "y": 516.6951661824071,
            "z": 13.803023501582823
        },
        {
            "x": 507.8396562834618,
            "y": 519.0602847708175,
            "z": -0.11365413592173312
        },
        {
            "x": 544.8525986886195,
            "y": 540.1496024177156,
            "z": -1.0
        },
        {
            "x": 508.2565779812408,
            "y": 475.05915227258276,
            "z": -1.0
        },
        {
            "x": 539.4653327420472,
            "y": 474.35526574177624,
            "z": -1.0
        },
        {
            "x": 525.9698596384991,
            "y": 533.0767096651505,
            "z": -1.0
        },
        {
            "x": 561.3322400618026,
            "y": 523.5559134591583,
            "z": -1.0
        },
        {
            "x": 570.0196974486846,
            "y": 505.3042542122292,
            "z": -1.0
        },
        {
            "x": 545.8676277156483,
            "y": 546.7550084195797,
            "z": -1.0
        },
        {
            "x": 518.8532779285524,
            "y": 478.27182856546636,
            "z": -1.0
        },
        {
            "x": 514.4126026151965,
            "y": 518.8087691785827,
            "z": -1.0
        },
        {
            "x": 561.2276179527552,
            "y": 470.1947548971296,
            "z": -1.0
        },
        {
            "x": 564.7292587396826,
            "y": 531.2955610137941,
            "z": -1.0
        },
        {
            "x": 573.409591406758,
            "y": 483.9863965210521,
            "z": -1.0
        },
        {
            "x": 509.53755173450463,
            "y": 518.6328125980309,
            "z": 0.24311373062513608
        },
        {
            "x": 553.672500964844,
            "y": 472.30931513201807,
            "z": -1.0
        },
        {
            "x": 511.7735311159258,
            "y": 486.1158015757641,
            "z": -1.0
        },
        {
            "x": 526.5563601636229,
            "y": 471.26411636566667,
            "z": -1.0
        },
        {
            "x": 561.5541268084157,
            "y": 535.9227274897491,
            "z": -1.0
        },
        {
            "x": 518.0884821429383,
            "y": 471.5832998528656,
            "z": -1.0
        },
        {
            "x": 509.23830384936076,
            "y": 525.1434630558786,
            "z": 3.8195448891636996
        },
        {
            "x": 507.6815361166244,
            "y": 522.0951721697714,
            "z": 6.721557251941683
        },
        {
            "x": 498.6566605268351,
            "y": 495.79294105715144,
            "z": 19.564011350389315
        },
        {
            "x": 576.4580703114871,
            "y": 501.0584274916487,
            "z": -1.0
        },
        {
            "x": 504.9523065234706,
            "y": 528.8250350395344,
            "z": 0.11565633080463256
        },
        {
            "x": 568.9021890727191,
            "y": 512.4456132202555,
            "z": -1.0
        },
        {
            "x": 530.1219458832926,
            "y": 476.81175678245063,
            "z": -1.0
        },
        {
            "x": 566.6870884341938,
            "y": 505.5230420404072,
            "z": -1.0
        },
        {
            "x": 572.6741517526027,
            "y": 519.542282362693,
            "z": -1.0
        },
        {
            "x": 514.0542532136649,
            "y": 524.4700523721197,
            "z": -1.0
        },
        {
            "x": 532.3225981564145,
            "y": 545.7790554131286,
            "z": -1.0
        },
        {
            "x": 527.5266574732345,
            "y": 477.36906123137794,
            "z": -1.0
        },
        {
            "x": 519.7920970883299,
            "y": 541.4805520266913,
            "z": -1.0
        },
        {
            "x": 500.1549263057773,
            "y": 512.5435602118721,
            "z": 7.178979793528194
        },
        {
            "x": 549.0669251437952,
            "y": 477.53343656739037,
            "z": -1.0
        },
        {
            "x": 505.84067344896795,
            "y": 506.2579103523151,
            "z": 3.738881525571718
        },
        {
            "x": 550.5228407636932,
            "y": 530.2758199735362,
            "z": -1.0
        },
        {
            "x": 571.133088604084,
            "y": 480.626735674376,
            "z": -1.0
        },
        {
            "x": 517.2311767931809,
            "y": 482.4461956171388,
            "z": -1.0
        },
        {
            "x": 541.762888928173,
            "y": 539.9910776201646,
            "z": -1.0
        },
        {
            "x": 497.49065585438507,
            "y": 517.1879454360106,
            "z": 12.861078928252963
        },
        {
            "x": 568.595924423635,
            "y": 511.4862262963043,
            "z": -1.0
        },
        {
            "x": 531.6476040473592,
            "y": 475.1560707485895,
            "z": -1.0
        },
        {
            "x": 507.0429847181831,
            "y": 527.6749420301791,
            "z": 1.256305650342226
        },
        {
            "x": 574.526776503695,
            "y": 491.981017475691,
            "z": -1.0
        },
        {
            "x": 545.3751471079516,
            "y": 470.8304618386444,
            "z": -1.0
        },
        {
            "x": 556.9900492897523,
            "y": 484.4072568383789,
            "z": -1.0
        },
        {
            "x": 503.6136097778386,
            "y": 481.6885914371684,
            "z": -1.0
        },
        {
            "x": 579.8579256136433,
            "y": 489.27924880694394,
            "z": -1.0
        },
        {
            "x": 525.3834922383675,
            "y": 476.3640335064222,
            "z": -1.0
        },
        {
            "x": 508.8568719569409,
            "y": 516.5279382122923,
            "z": 2.20423583287221
        },
        {
            "x": 578.1241316114839,
            "y": 486.6772939609697,
            "z": -1.0
        },
        {
            "x": 580.9892798366551,
            "y": 496.9659568349062,
            "z": -1.0
        },
        {
            "x": 559.060974290328,
            "y": 485.75074275435816,
            "z": -1.0
        },
        {
            "x": 511.2999918706545,
            "y": 517.9808017860533,
            "z": -1.0
        },
        {
            "x": 500.8676823230425,
            "y": 501.0247272155201,
            "z": 12.151401755136735
        },
        {
            "x": 578.2391219835619,
            "y": 488.55357802577004,
            "z": -1.0
        },
        {
            "x": 502.9219825614628,
            "y": 532.7990891032396,
            "z": 5.780092175420804
        },
        {
            "x": 537.3686763413597,
            "y": 471.2054222902245,
            "z": -1.0
        },
        {
            "x": 510.5384334289913,
            "y": 535.6634727000192,
            "z": -1.0
        },
        {
            "x": 576.5195610670338,
            "y": 495.5088935634531,
            "z": -1.0
        },
        {
            "x": 565.5846552046289,
            "y": 487.92601501851954,
            "z": -1.0
        },
        {
            "x": 517.9038972947117,
            "y": 521.1501455287021,
            "z": -1.0
        },
        {
            "x": 575.5079160351198,
            "y": 483.80555621096585,
            "z": -1.0
        },
        {
            "x": 540.7625993742115,
            "y": 469.23598217832387,
            "z": -1.0
        },
        {
            "x": 552.720992460895,
            "y": 462.89792104387925,
            "z": -1.0
        },
        {
            "x": 499.3492005397445,
            "y": 498.97594966009405,
            "z": 14.762249064739088
        },
        {
            "x": 511.17052960792796,
            "y": 502.27884784783106,
            "z": -1.0
        },
        {
            "x": 530.9076606491201,
            "y": 478.21021155616324,
            "z": -1.0
        },
        {
            "x": 535.915666431373,
            "y": 541.6764758214149,
            "z": -1.0
        },
        {
            "x": 502.9066966900369,
            "y": 491.2977986759445,
            "z": 2.7941989677000127
        },
        {
            "x": 561.064673339775,
            "y": 480.2348636376491,
            "z": -1.0
        },
        {
            "x": 578.4311412302892,
            "y": 507.3666960263182,
            "z": -1.0
        },
        {
            "x": 571.5306882956911,
            "y": 501.78403423898277,
            "z": -1.0
        },
        {
            "x": 550.4719732183415,
            "y": 540.601719879749,
            "z": -1.0
        },
        {
            "x": 551.9598872804348,
            "y": 477.49071870972614,
            "z": -1.0
        },
        {
            "x": 533.3489355753524,
            "y": 472.7581301578704,
            "z": -1.0
        },
        {
            "x": 526.627047799642,
            "y": 539.9877578835282,
            "z": -1.0
        },
        {
            "x": 526.9904989511261,
            "y": 529.0421339841173,
            "z": -1.0
        },
        {
            "x": 515.9511451192142,
            "y": 490.6471187202248,
            "z": -1.0
        },
        {
            "x": 518.0696318294816,
            "y": 467.1803138556901,
            "z": -1.0
        },
        {
            "x": 515.2459645048773,
            "y": 528.3348374166287,
            "z": -1.0
        },
        {
            "x": 509.70891017209755,
            "y": 507.60790802683033,
            "z": 1.6591537161185093
        },
        {
            "x": 544.281041780616,
            "y": 534.6674513356651,
            "z": -1.0
        },
        {
            "x": 562.566654875074,
            "y": 472.832301064405,
            "z": -1.0
        },
        {
            "x": 568.0852346516315,
            "y": 484.9900859328583,
            "z": -1.0
        },
        {
            "x": 505.5185612075261,
            "y": 489.3917905861436,
            "z": -1.0
        },
        {
            "x": 542.0219499216813,
            "y": 470.28791729782046,
            "z": -1.0
        },
        {
            "x": 573.6726184144243,
            "y": 524.1063057036823,
            "z": -1.0
        },
        {
            "x": 567.1530210887705,
            "y": 475.21976782797026,
            "z": -1.0
        },
        {
            "x": 501.008873921164,
            "y": 484.09428599413224,
            "z": -1.0
        },
        {
            "x": 549.6708011376722,
            "y": 470.65272156395605,
            "z": -1.0
        },
        {
            "x": 501.8182795833664,
            "y": 484.25352661913075,
            "z": -1.0
        },
        {
            "x": 572.9158831227278,
            "y": 528.733851321424,
            "z": -1.0
        },
        {
            "x": 513.4341553751409,
            "y": 528.0343636017806,
            "z": -1.0
        },
        {
            "x": 503.3602097322924,
            "y": 479.0123824881439,
            "z": -1.0
        },
        {
            "x": 561.2323569033535,
            "y": 536.6218801681697,
            "z": -1.0
        },
        {
            "x": 528.8364459289045,
            "y": 541.7444076233559,
            "z": -1.0
        },
        {
            "x": 565.1246809960919,
            "y": 525.332532103488,
            "z": -1.0
        },
        {
            "x": 566.0116065150603,
            "y": 503.18069097004394,
            "z": -1.0
        },
        {
            "x": 568.8199633615093,
            "y": 513.1317937736455,
            "z": -1.0
        },
        {
            "x": 507.17863913976186,
            "y": 474.5437071605754,
            "z": -1.0
        },
        {
            "x": 534.4198384274688,
            "y": 476.3137738737761,
            "z": -1.0
        },
        {
            "x": 576.3584149078179,
            "y": 505.45220651186924,
            "z": -1.0
        },
        {
            "x": 524.9344564094215,
            "y": 539.4518279172866,
            "z": -1.0
        },
        {
            "x": 560.1787923951781,
            "y": 540.6506300038172,
            "z": -1.0
        },
        {
            "x": 536.108007222951,
            "y": 539.3428725703191,
            "z": -1.0
        },
        {
            "x": 531.2889807385202,
            "y": 470.9859521525,
            "z": -1.0
        },
        {
            "x": 498.9351806261258,
            "y": 477.27712811318384,
            "z": 6.07946690572203
        },
        {
            "x": 539.1975494256387,
            "y": 535.5028288926527,
            "z": -1.0
        },
        {
            "x": 562.4058491338051,
            "y": 537.019990832532,
            "z": -1.0
        },
        {
            "x": 531.0460436403565,
            "y": 546.189439992789,
            "z": -1.0
        },
        {
            "x": 532.0984497389163,
            "y": 462.4779231703296,
            "z": -1.0
        },
        {
            "x": 577.7854513339034,
            "y": 515.1999474426387,
            "z": -1.0
        },
        {
            "x": 568.5861386127855,
            "y": 495.3777713833501,
            "z": -1.0
        },
        {
            "x": 512.1680737400217,
            "y": 493.4795861615478,
            "z": -1.0
        },
        {
            "x": 552.1132941084479,
            "y": 466.6252759372031,
            "z": -1.0
        },
        {
            "x": 545.352105580281,
            "y": 461.9863713275864,
            "z": -1.0
        },
        {
            "x": 561.5119566741292,
            "y": 491.4184023445148,
            "z": -1.0
        },
        {
            "x": 546.685132797015,
            "y": 529.2719458898741,
            "z": -1.0
        },
        {
            "x": 582.2497323412333,
            "y": 503.04783971320694,
            "z": -1.0
        },
        {
            "x": 526.1848327601205,
            "y": 530.9339024494074,
            "z": -1.0
        },
        {
            "x": 510.0279223931202,
            "y": 494.10194261673865,
            "z": -1.0
        },
        {
            "x": 560.5230996573313,
            "y": 520.5588938048653,
            "z": -1.0
        },
        {
            "x": 512.5998686054695,
            "y": 478.7397381782898,
            "z": -1.0
        },
        {
            "x": 495.82254745322786,
            "y": 495.4246515469188,
            "z": 17.92137386192576
        },
        {
            "x": 506.33093533488227,
            "y": 523.9983618394622,
            "z": 4.7814341754613086
        },
        {
            "x": 537.5065123428651,
            "y": 471.69888229824977,
            "z": -1.0
        },
        {
            "x": 559.6605546120328,
            "y": 534.3393555119767,
            "z": -1.0
        },
        {
            "x": 517.0437530508812,
            "y": 481.2273184401876,
            "z": -1.0
        },
        {
            "x": 564.016248019169,
            "y": 489.19847287083854,
            "z": -1.0
        },
        {
            "x": 522.8985381005308,
            "y": 524.2283337467525,
            "z": -1.0
        },
        {
            "x": 511.2452213331196,
            "y": 470.991915666279,
            "z": -1.0
        },
        {
            "x": 542.9432588487977,
            "y": 467.62791036223143,
            "z": -1.0
        },
        {
            "x": 506.66980098018354,
            "y": 485.9829844704274,
            "z": -1.0
        },
        {
            "x": 575.1794055491289,
            "y": 514.447282627251,
            "z": -1.0
        },
        {
            "x": 499.61511634685314,
            "y": 514.2183101206555,
            "z": 16.79401710808865
        },
        {
            "x": 567.9363876261139,
            "y": 501.1914756887687,
            "z": -1.0
        },
        {
            "x": 523.9001189284019,
            "y": 473.5300528558723,
            "z": -1.0
        },
        {
            "x": 565.9075234694744,
            "y": 526.4032314809701,
            "z": -1.0
        },
        {
            "x": 574.5795958996298,
            "y": 505.8006531660593,
            "z": -1.0
        },
        {
            "x": 549.6273414582932,
            "y": 463.66211909139565,
            "z": -1.0
        },
        {
            "x": 531.8866794637821,
            "y": 459.85440295249947,
            "z": -1.0
        },
        {
            "x": 560.9950929782354,
            "y": 484.7366825220955,
            "z": -1.0
        },
        {
            "x": 566.8016784509979,
            "y": 488.3897417747519,
            "z": -1.0
        },
        {
            "x": 498.03440210671357,
            "y": 508.96348051048705,
            "z": 12.527948484237225
        },
        {
            "x": 576.6364237767767,
            "y": 519.8441377863624,
            "z": -1.0
        },
        {
            "x": 531.7875365239431,
            "y": 533.0446496996306,
            "z": -1.0
        },
        {
            "x": 507.28576531846596,
            "y": 522.4323959793907,
            "z": 6.362201487720794
        },
        {
            "x": 526.7545492432428,
            "y": 534.5725045566944,
            "z": -1.0
        },
        {
            "x": 529.9015838409628,
            "y": 545.7992876443893,
            "z": -1.0
        },
        {
            "x": 568.8145683874922,
            "y": 507.3900103322542,
            "z": -1.0
        },
        {
            "x": 545.176122785298,
            "y": 538.1544326390145,
            "z": -1.0
        },
        {
            "x": 514.6160245113382,
            "y": 488.2234673064331,
            "z": -1.0
        },
        {
            "x": 552.9234420645778,
            "y": 529.0504793712415,
            "z": -1.0
        },
        {
            "x": 515.2494729383125,
            "y": 477.7329294562125,
            "z": -1.0
        },
        {
            "x": 504.8501403723999,
            "y": 518.8686855021823,
            "z": 0.1347052652045293
        },
        {
            "x": 571.3897465354275,
            "y": 502.5454191323443,
            "z": -1.0
        },
        {
            "x": 496.20304223227197,
            "y": 487.60874113031525,
            "z": 5.9589270490278174
        },
        {
            "x": 539.8394066357417,
            "y": 534.9298312569438,
            "z": -1.0
        },
        {
            "x": 563.6492808996717,
            "y": 489.38809125329635,
            "z": -1.0
        },
        {
            "x": 548.5094506332722,
            "y": 478.3059718462346,
            "z": -1.0
        },
        {
            "x": 563.3786986535281,
            "y": 534.3315781335052,
            "z": -1.0
        },
        {
            "x": 543.5529556382203,
            "y": 535.2900475191981,
            "z": -1.0
        },
        {
            "x": 564.8191850465312,
            "y": 511.4554903680604,
            "z": -1.0
        },
        {
            "x": 571.5590849892208,
            "y": 522.0321193936584,
            "z": -1.0
        },
        {
            "x": 553.5409114164437,
            "y": 539.0116037484148,
            "z": -1.0
        },
        {
            "x": 512.0536066940965,
            "y": 507.37008872664904,
            "z": -1.0
        },
        {
            "x": 512.9391074319428,
            "y": 476.06844919047387,
            "z": -1.0
        },
        {
            "x": 507.95588700269343,
            "y": 523.376467893247,
            "z": 5.48813962607812
        },
        {
            "x": 519.036689685168,
            "y": 464.6216698566824,
            "z": -1.0
        },
        {
            "x": 577.9870114288108,
            "y": 515.785432647906,
            "z": -1.0
        },
        {
            "x": 569.2975385419463,
            "y": 515.268279824038,
            "z": -1.0
        },
        {
            "x": 574.292419148478,
            "y": 482.00882464669576,
            "z": -1.0
        },
        {
            "x": 577.8952527643796,
            "y": 513.6224495759647,
            "z": -1.0
        },
        {
            "x": 518.0846124936261,
            "y": 527.5618468450463,
            "z": -1.0
        },
        {
            "x": 514.0334124367522,
            "y": 535.032557546148,
            "z": -1.0
        },
        {
            "x": 535.375185867284,
            "y": 538.8309162891882,
            "z": -1.0
        },
        {
            "x": 540.5711916147268,
            "y": 530.3239150531081,
            "z": -1.0
        },
        {
            "x": 521.2734587975957,
            "y": 468.9515076383779,
            "z": -1.0
        },
        {
            "x": 534.5183747954786,
            "y": 477.3371206330921,
            "z": -1.0
        },
        {
            "x": 492.2457523390772,
            "y": 479.21120674636234,
            "z": 1.0508624594579263
        },
        {
            "x": 566.5856762680883,
            "y": 454.7248114836597,
            "z": -1.0
        },
        {
            "x": 577.1501168723506,
            "y": 528.7709439989331,
            "z": -1.0
        },
        {
            "x": 496.82068676910797,
            "y": 532.5836780538984,
            "z": 14.580608382524057
        },
        {
            "x": 496.89749733071216,
            "y": 491.1686290748736,
            "z": 27.586342256571847
        },
        {
            "x": 581.6221616229175,
            "y": 438.32170251128196,
            "z": -1.0
        },
        {
            "x": 488.4273952110256,
            "y": 487.54483275423064,
            "z": 31.63025477359787
        },
        {
            "x": 580.8550160855684,
            "y": 466.1806945292348,
            "z": -1.0
        },
        {
            "x": 556.1790341488271,
            "y": 460.90745171617925,
            "z": -1.0
        },
        {
            "x": 529.3992880733474,
            "y": 558.5835645215569,
            "z": -1.0
        },
        {
            "x": 503.1728307544613,
            "y": 465.41858649283535,
            "z": -1.0
        },
        {
            "x": 599.9183759591645,
            "y": 533.1125753289946,
            "z": -1.0
        },
        {
            "x": 529.247356396093,
            "y": 562.887080462585,
            "z": -1.0
        },
        {
            "x": 560.2325082538058,
            "y": 558.1274138619864,
            "z": -1.0
        },
        {
            "x": 572.4272140915278,
            "y": 472.2984265701036,
            "z": -1.0
        },
        {
            "x": 506.8482749228096,
            "y": 537.2687091810762,
            "z": 1.357198210481041
        },
        {
            "x": 616.7495285238608,
            "y": 550.1799337577293,
            "z": -1.0
        },
        {
            "x": 599.6567388417135,
            "y": 443.3009160151042,
            "z": -1.0
        },
        {
            "x": 493.18984517625205,
            "y": 514.1826315256446,
            "z": 18.880427275825642
        },
        {
            "x": 506.39799575664,
            "y": 462.8706463750623,
            "z": -1.0
        },
        {
            "x": 553.6744661479919,
            "y": 558.3086652148583,
            "z": -1.0
        },
        {
            "x": 584.7090240085927,
            "y": 545.9927618843686,
            "z": -1.0
        },
        {
            "x": 555.412211510955,
            "y": 561.7331048381974,
            "z": -1.0
        },
        {
            "x": 515.9539221170833,
            "y": 558.994016812164,
            "z": -1.0
        },
        {
            "x": 542.6534234105559,
            "y": 448.4440296420918,
            "z": -1.0
        },
        {
            "x": 596.4581316720986,
            "y": 425.0046450456474,
            "z": -1.0
        },
        {
            "x": 546.1129746419211,
            "y": 581.4697601396964,
            "z": -1.0
        },
        {
            "x": 549.0808132902991,
            "y": 552.7997663807521,
            "z": -1.0
        },
        {
            "x": 498.63571309757805,
            "y": 464.79536777328946,
            "z": 12.46103767365917
        },
        {
            "x": 598.5634613714254,
            "y": 472.53575173536666,
            "z": -1.0
        },
        {
            "x": 600.6147253822384,
            "y": 441.43755842709305,
            "z": -1.0
        },
        {
            "x": 615.0228245549378,
            "y": 413.38157414167466,
            "z": -1.0
        },
        {
            "x": 627.9128206565907,
            "y": 547.9552201363388,
            "z": -1.0
        },
        {
            "x": 604.2561044826306,
            "y": 549.3746449775123,
            "z": -1.0
        },
        {
            "x": 560.8505015240149,
            "y": 564.8040129635353,
            "z": -1.0
        },
        {
            "x": 580.1632714366523,
            "y": 454.344222966163,
            "z": -1.0
        },
        {
            "x": 585.6932178929316,
            "y": 475.7804562741755,
            "z": -1.0
        },
        {
            "x": 537.0761707228938,
            "y": 436.46265212663457,
            "z": -1.0
        },
        {
            "x": 499.53276964617714,
            "y": 452.4931902750836,
            "z": 17.486431563182773
        },
        {
            "x": 495.95711792132323,
            "y": 511.4819032215404,
            "z": 22.27447479962614
        },
        {
            "x": 552.8253390699448,
            "y": 445.65844300558064,
            "z": -1.0
        },
        {
            "x": 584.2736185039377,
            "y": 407.67287183318075,
            "z": -1.0
        },
        {
            "x": 618.09227907194,
            "y": 565.816131740246,
            "z": -1.0
        },
        {
            "x": 612.3552765370242,
            "y": 422.9730183720633,
            "z": -1.0
        },
        {
            "x": 585.7543771255641,
            "y": 541.4991538215635,
            "z": -1.0
        },
        {
            "x": 617.5169077376144,
            "y": 570.088068083953,
            "z": -1.0
        },
        {
            "x": 619.409522677376,
            "y": 420.24847239371354,
            "z": -1.0
        },
        {
            "x": 638.1204830434755,
            "y": 557.3241614177845,
            "z": -1.0
        },
        {
            "x": 605.3121419590516,
            "y": 393.6233458564751,
            "z": -1.0
        },
        {
            "x": 555.9413978461129,
            "y": 577.4151492951397,
            "z": -1.0
        },
        {
            "x": 494.6558307637482,
            "y": 465.8378588380835,
            "z": 9.599135153438409
        },
        {
            "x": 506.815397596743,
            "y": 442.84977366891013,
            "z": -1.0
        },
        {
            "x": 552.5971699320078,
            "y": 436.69535339703026,
            "z": -1.0
        },
        {
            "x": 590.378914757023,
            "y": 451.9935208131436,
            "z": -1.0
        },
        {
            "x": 513.4210839074578,
            "y": 461.6223908488438,
            "z": -1.0
        },
        {
            "x": 611.7702800257462,
            "y": 482.7897857622187,
            "z": -1.0
        },
        {
            "x": 587.9702957932261,
            "y": 445.4050900826325,
            "z": -1.0
        },
        {
            "x": 544.9405125825895,
            "y": 578.989024355183,
            "z": -1.0
        },
        {
            "x": 644.9847589932745,
            "y": 571.0194440423663,
            "z": -1.0
        },
        {
            "x": 546.1905471821801,
            "y": 443.9537763229589,
            "z": -1.0
        },
        {
            "x": 483.3492322859219,
            "y": 541.6122854517912,
            "z": 25.94556195933011
        },
        {
            "x": 575.2542589642857,
            "y": 407.01794107695105,
            "z": -1.0
        },
        {
            "x": 481.3921321157847,
            "y": 537.7522650501292,
            "z": 18.89206228024129
        },
        {
            "x": 487.6096461496945,
            "y": 518.317377325213,
            "z": 24.325506987065314
        },
        {
            "x": 579.5587865141135,
            "y": 518.4137336480937,
            "z": -1.0
        },
        {
            "x": 611.9293810570676,
            "y": 557.0088488350106,
            "z": -1.0
        },
        {
            "x": 479.4102778825663,
            "y": 519.9507895090613,
            "z": 24.569537888142953
        },
        {
            "x": 581.4937154787433,
            "y": 385.54815744048926,
            "z": -1.0
        },
        {
            "x": 576.2481652836149,
            "y": 422.69572727298896,
            "z": -1.0
        },
        {
            "x": 558.1078068202355,
            "y": 450.93340682906427,
            "z": -1.0
        },
        {
            "x": 652.0135979949355,
            "y": 588.8393883013732,
            "z": -1.0
        },
        {
            "x": 527.2620834046909,
            "y": 592.6740031767964,
            "z": -1.0
        },
        {
            "x": 590.3459206311098,
            "y": 518.8435889136243,
            "z": -1.0
        },
        {
            "x": 518.1047802767135,
            "y": 569.3075348318549,
            "z": -0.7193860981453327
        },
        {
            "x": 627.7735387800637,
            "y": 432.1154616476937,
            "z": -1.0
        },
        {
            "x": 608.9243111370955,
            "y": 476.32591366761363,
            "z": -1.0
        },
        {
            "x": 672.9867132221832,
            "y": 591.1014210854752,
            "z": -1.0
        },
        {
            "x": 601.0026986129852,
            "y": 433.2547911262696,
            "z": -1.0
        },
        {
            "x": 689.6962931065812,
            "y": 589.3865067528075,
            "z": -1.0
        },
        {
            "x": 617.7599262218674,
            "y": 388.20416876694094,
            "z": -1.0
        },
        {
            "x": 486.97110939544376,
            "y": 499.0731858092176,
            "z": 30.862204959650477
        },
        {
            "x": 522.6071630408808,
            "y": 445.3618292413233,
            "z": -1.0
        },
        {
            "x": 564.1624248199093,
            "y": 423.2881224955773,
            "z": -1.0
        },
        {
            "x": 615.3621684691143,
            "y": 466.02525741109616,
            "z": -1.0
        },
        {
            "x": 625.5487005958014,
            "y": 531.810903712387,
            "z": -1.0
        },
        {
            "x": 647.8906308455654,
            "y": 584.4975421095886,
            "z": -1.0
        },
        {
            "x": 522.6183112238632,
            "y": 446.16296874252424,
            "z": -1.0
        },
        {
            "x": 597.7161404279443,
            "y": 381.8093758553264,
            "z": -1.0
        },
        {
            "x": 601.9780127508172,
            "y": 405.95757857276425,
            "z": -1.0
        },
        {
            "x": 513.9510255921416,
            "y": 586.8442220441414,
            "z": 0.7687811788480454
        },
        {
            "x": 581.5314815911222,
            "y": 413.70701156221145,
            "z": -1.0
        },
        {
            "x": 552.0808800906154,
            "y": 459.3766132878263,
            "z": -1.0
        },
        {
            "x": 605.1908852874085,
            "y": 377.0592167005467,
            "z": -1.0
        },
        {
            "x": 646.7288225499551,
            "y": 610.0471298437304,
            "z": -1.0
        },
        {
            "x": 498.7651574836075,
            "y": 424.1489185936912,
            "z": 2.077138998542262
        },
        {
            "x": 522.369179769844,
            "y": 580.5996104269836,
            "z": -1.0
        },
        {
            "x": 642.7828297805972,
            "y": 522.274010846063,
            "z": -1.0
        },
        {
            "x": 707.247497507683,
            "y": 584.6954141725186,
            "z": -1.0
        },
        {
            "x": 571.2263655757421,
            "y": 460.80497169640586,
            "z": -1.0
        },
        {
            "x": 480.78255135142416,
            "y": 470.7263815642123,
            "z": 33.34625659220892
        },
        {
            "x": 517.1059831409024,
            "y": 563.9281950434257,
            "z": 1.1573071828132147
        },
        {
            "x": 549.9433801621815,
            "y": 416.3030073902695,
            "z": -1.0
        },
        {
            "x": 708.3036059891651,
            "y": 559.9208765420916,
            "z": -1.0
        },
        {
            "x": 646.4456292639732,
            "y": 598.2846815867316,
            "z": -1.0
        },
        {
            "x": 614.2515720186167,
            "y": 543.9208073686837,
            "z": -1.0
        },
        {
            "x": 602.3403720851476,
            "y": 436.18074110905536,
            "z": -1.0
        },
        {
            "x": 470.42539525670236,
            "y": 553.3600736757787,
            "z": 36.295896853909795
        },
        {
            "x": 469.6308936003147,
            "y": 573.0268429749456,
            "z": 45.478800067979954
        },
        {
            "x": 587.8407035956297,
            "y": 531.3712046999059,
            "z": -1.0
        },
        {
            "x": 665.3003542110997,
            "y": 624.0363160682779,
            "z": -1.0
        },
        {
            "x": 460.0139214785348,
            "y": 552.9195974487794,
            "z": 43.12412076536617
        },
        {
            "x": 507.13835938718347,
            "y": 425.9617311141109,
            "z": -1.0
        },
        {
            "x": 470.9299770605013,
            "y": 527.3305242285937,
            "z": 26.278229347794586
        },
        {
            "x": 500.0885463160615,
            "y": 432.56884361982225,
            "z": -1.0
        },
        {
            "x": 538.0289244820793,
            "y": 549.8903817699393,
            "z": -1.0
        },
        {
            "x": 672.2194094112244,
            "y": 620.0898078557008,
            "z": -1.0
        },
        {
            "x": 597.1441411945232,
            "y": 570.4028746531972,
            "z": -1.0
        },
        {
            "x": 625.8988777735636,
            "y": 580.4810892382443,
            "z": -1.0
        },
        {
            "x": 709.525531598321,
            "y": 568.0980904356419,
            "z": -1.0
        },
        {
            "x": 476.1001815442584,
            "y": 445.71576675817164,
            "z": 20.52756813772111
        },
        {
            "x": 634.9819418490258,
            "y": 449.3345042941034,
            "z": -1.0
        },
        {
            "x": 704.3820074615749,
            "y": 578.859538430747,
            "z": -1.0
        },
        {
            "x": 644.471645572223,
            "y": 420.5032106667801,
            "z": -1.0
        },
        {
            "x": 709.1347780950814,
            "y": 567.9898313259241,
            "z": -1.0
        },
        {
            "x": 495.4360814766385,
            "y": 542.9955263940027,
            "z": 14.004473605997308
        },
        {
            "x": 573.7498132928969,
            "y": 434.5827329793837,
            "z": -1.0
        },
        {
            "x": 589.9445450947959,
            "y": 442.4107076941541,
            "z": -1.0
        },
        {
            "x": 616.2687735366999,
            "y": 372.2508168245346,
            "z": -1.0
        },
        {
            "x": 524.9411187062376,
            "y": 551.1840354555445,
            "z": -1.0
        },
        {
            "x": 602.604399494986,
            "y": 518.1231750428797,
            "z": -1.0
        },
        {
            "x": 497.6148713642378,
            "y": 453.0086835602766,
            "z": 15.144275975943728
        },
        {
            "x": 544.8028866806447,
            "y": 414.24157634848586,
            "z": -1.0
        },
        {
            "x": 493.29677508022974,
            "y": 531.5927648086455,
            "z": 15.620768406487429
        },
        {
            "x": 580.1853341519503,
            "y": 371.5148381427197,
            "z": -1.0
        },
        {
            "x": 639.5938182396737,
            "y": 545.8629291716288,
            "z": -1.0
        },
        {
            "x": 611.3978927959183,
            "y": 422.56064906653734,
            "z": -1.0
        },
        {
            "x": 470.9791723554234,
            "y": 586.9330812119821,
            "z": 30.89135661569115
        },
        {
            "x": 584.904456768769,
            "y": 495.2004235908462,
            "z": -1.0
        },
        {
            "x": 587.1127146652726,
            "y": 417.4000915748984,
            "z": -1.0
        },
        {
            "x": 596.9387705817029,
            "y": 407.6887272693763,
            "z": -1.0
        },
        {
            "x": 629.5704670900136,
            "y": 486.34373446992197,
            "z": -1.0
        },
        {
            "x": 668.7078007902476,
            "y": 588.7124255731372,
            "z": -1.0
        },
        {
            "x": 637.46800707535,
            "y": 506.57153050988234,
            "z": -1.0
        },
        {
            "x": 714.2118409767041,
            "y": 566.7246121415116,
            "z": -1.0
        },
        {
            "x": 556.8306120018772,
            "y": 398.55575953315133,
            "z": -1.0
        },
        {
            "x": 635.8577164746602,
            "y": 415.5709668297621,
            "z": -1.0
        },
        {
            "x": 514.988578115641,
            "y": 433.93247619106467,
            "z": -1.0
        },
        {
            "x": 654.417787770536,
            "y": 633.3556107701412,
            "z": -1.0
        },
        {
            "x": 555.0249943414683,
            "y": 568.722463449762,
            "z": -1.0
        },
        {
            "x": 591.0771942440484,
            "y": 479.2842488694568,
            "z": -1.0
        },
        {
            "x": 482.75499429025734,
            "y": 504.95969129482114,
            "z": 33.293198896466706
        },
        {
            "x": 587.3312937230712,
            "y": 462.85938418532845,
            "z": -1.0
        },
        {
            "x": 628.3832181192163,
            "y": 601.2174289753973,
            "z": -1.0
        },
        {
            "x": 521.4430357974339,
            "y": 417.77068817584643,
            "z": -1.0
        },
        {
            "x": 596.8929702516432,
            "y": 482.711323591242,
            "z": -1.0
        },
        {
            "x": 585.5371529076541,
            "y": 370.2206344311047,
            "z": -1.0
        },
        {
            "x": 579.8333428141627,
            "y": 517.2238173012967,
            "z": -1.0
        },
        {
            "x": 524.012330411069,
            "y": 593.5876285455826,
            "z": -1.0
        },
        {
            "x": 598.2090332909621,
            "y": 546.4367097312679,
            "z": -1.0
        },
        {
            "x": 648.0201868821765,
            "y": 625.7119986317864,
            "z": -1.0
        },
        {
            "x": 637.0102832542609,
            "y": 449.91432727278266,
            "z": -1.0
        },
        {
            "x": 585.5260329276904,
            "y": 386.29581265729905,
            "z": -1.0
        },
        {
            "x": 522.4275495185802,
            "y": 461.2399453597929,
            "z": -1.0
        },
        {
            "x": 592.5028172446357,
            "y": 379.88146142696564,
            "z": -1.0
        },
        {
            "x": 627.5114631661226,
            "y": 409.1236994990583,
            "z": -1.0
        },
        {
            "x": 561.1825079305873,
            "y": 400.5531389242335,
            "z": -1.0
        },
        {
            "x": 638.7274213759929,
            "y": 640.3483658963074,
            "z": -1.0
        },
        {
            "x": 586.3476429406132,
            "y": 352.72642245827876,
            "z": -1.0
        },
        {
            "x": 599.4317058211445,
            "y": 366.29892189767133,
            "z": -1.0
        },
        {
            "x": 633.3482986758888,
            "y": 590.416086058958,
            "z": -1.0
        },
        {
            "x": 547.6000999882712,
            "y": 552.4984179028702,
            "z": -1.0
        },
        {
            "x": 649.4319132391561,
            "y": 590.7768180183656,
            "z": -1.0
        },
        {
            "x": 530.4602831531798,
            "y": 417.4492860316457,
            "z": -1.0
        },
        {
            "x": 578.940046036105,
            "y": 343.10369978110623,
            "z": -1.0
        },
        {
            "x": 630.056080330571,
            "y": 566.1573043746056,
            "z": -1.0
        },
        {
            "x": 518.5537490765275,
            "y": 586.3540985810137,
            "z": 0.8756795924341565
        },
        {
            "x": 674.3670518603403,
            "y": 578.529709489149,
            "z": -1.0
        },
        {
            "x": 604.3511533154309,
            "y": 576.0333168593206,
            "z": -1.0
        },
        {
            "x": 634.2633926777884,
            "y": 383.61292277383944,
            "z": -1.0
        },
        {
            "x": 581.3765901564936,
            "y": 585.9123153537586,
            "z": -1.0
        },
        {
            "x": 729.1995544219175,
            "y": 548.0910221625134,
            "z": -1.0
        },
        {
            "x": 536.4040354175053,
            "y": 560.9578315363206,
            "z": -1.0
        },
        {
            "x": 589.4951326364741,
            "y": 364.1063401780756,
            "z": -1.0
        },
        {
            "x": 712.8855124436604,
            "y": 608.3433778866125,
            "z": -1.0
        },
        {
            "x": 489.5886644103184,
            "y": 551.8319330948668,
            "z": 24.114119405003134
        },
        {
            "x": 722.7126379771632,
            "y": 590.3990855706512,
            "z": -1.0
        },
        {
            "x": 626.1470551887472,
            "y": 364.8187276059666,
            "z": -1.0
        },
        {
            "x": 639.7092698225164,
            "y": 384.1747025060033,
            "z": -1.0
        },
        {
            "x": 482.6361701877476,
            "y": 584.0506162510316,
            "z": 22.74464813767652
        },
        {
            "x": 694.4453555269281,
            "y": 599.9418968562089,
            "z": -1.0
        },
        {
            "x": 636.3126586457726,
            "y": 499.8334862301589,
            "z": -1.0
        },
        {
            "x": 485.499224102238,
            "y": 537.767610926106,
            "z": 19.15420349313708
        },
        {
            "x": 644.5094219327286,
            "y": 528.0075091759822,
            "z": -1.0
        },
        {
            "x": 616.9238575176436,
            "y": 585.2849489957943,
            "z": -1.0
        },
        {
            "x": 600.0133605743385,
            "y": 529.3350385034605,
            "z": -1.0
        },
        {
            "x": 723.2277644256244,
            "y": 607.1976413798353,
            "z": -1.0
        },
        {
            "x": 725.4060773321924,
            "y": 536.9489106973798,
            "z": -1.0
        },
        {
            "x": 740.401739100429,
            "y": 530.4848554171656,
            "z": -1.0
        },
        {
            "x": 619.8488100203772,
            "y": 446.1815277655861,
            "z": -1.0
        },
        {
            "x": 610.5721526261121,
            "y": 363.9626116883405,
            "z": -1.0
        }
    ],
    "center": {
        "x": 538.6491376232366,
        "y": 502.6310058039847,
        "z": 0.0
    },
    "radius": 25
}