{
    "W": 1000,
    "H": 1000,
    "depth": 1.0,
    "height": 10.0,
    "num_of_relays": 200,
    "num_of_sensors": 400,
    "relays": [
        {
            "x": 476.49857134329733,
            "y": 301.5111019682448,
            "z": 10.0
        },
        {
            "x": 461.39338372328154,
            "y": 282.28032647603305,
            "z": 10.0
        },
        {
            "x": 481.44301303493955,
            "y": 286.6022046812191,
            "z": 10.0
        },
        {
            "x": 482.2779826811422,
            "y": 301.58200710170627,
            "z": 10.0
        },
        {
            "x": 471.60234045811546,
            "y": 298.0660834067083,
            "z": 10.0
        },
        {
            "x": 470.3984340417282,
            "y": 293.84797646889416,
            "z": 10.0
        },
        {
            "x": 475.9528416170251,
            "y": 299.0314687913188,
            "z": 10.0
        },
        {
            "x": 460.5862281839527,
            "y": 280.039776073736,
            "z": 10.0
        },
        {
            "x": 447.81167043759086,
            "y": 293.1509277911738,
            "z": 10.0
        },
        {
            "x": 482.01672176143853,
            "y": 298.8838378535943,
            "z": 10.0
        },
        {
            "x": 478.90887471084295,
            "y": 301.5288704360999,
            "z": 10.0
        },
        {
            "x": 449.67991597776427,
            "y": 295.7331348699177,
            "z": 10.0
        },
        {
            "x": 481.82946362651626,
            "y": 285.2831472836177,
            "z": 10.0
        },
        {
            "x": 488.41497873257845,
            "y": 288.4363439988421,
            "z": 10.0
        },
        {
            "x": 459.8131276426771,
            "y": 294.36161821289465,
            "z": 10.0
        },
        {
            "x": 484.62756442556076,
            "y": 313.3201931711976,
            "z": 10.0
        },
        {
            "x": 465.31037327086335,
            "y": 309.39961971818155,
            "z": 10.0
        },
        {
            "x": 453.7344672658601,
            "y": 301.2599694754912,
            "z": 10.0
        },
        {
            "x": 488.2508509182316,
            "y": 296.0988321801622,
            "z": 10.0
        },
        {
            "x": 473.1558313765227,
            "y": 300.17996054611626,
            "z": 10.0
        },
        {
            "x": 483.6399093049456,
            "y": 280.04893148126587,
            "z": 10.0
        },
        {
            "x": 480.05393374375694,
            "y": 307.042284995804,
            "z": 10.0
        },
        {
            "x": 457.58996425024424,
            "y": 301.87474767277166,
            "z": 10.0
        },
        {
            "x": 460.61988794163875,
            "y": 308.88753084230535,
            "z": 10.0
        },
        {
            "x": 453.2256129289502,
            "y": 284.1414146989727,
            "z": 10.0
        },
        {
            "x": 460.99002808518907,
            "y": 308.41768544728984,
            "z": 10.0
        },
        {
            "x": 462.65097420053394,
            "y": 285.68287748706047,
            "z": 10.0
        },
        {
            "x": 474.47270057702383,
            "y": 302.22263205846,
            "z": 10.0
        },
        {
            "x": 483.2646772371211,
            "y": 282.1443412128838,
            "z": 10.0
        },
        {
            "x": 489.2376391598957,
            "y": 284.7435849832997,
            "z": 10.0
        },
        {
            "x": 453.06306398111684,
            "y": 301.6015554783731,
            "z": 10.0
        },
        {
            "x": 483.49681838283055,
            "y": 300.44735266247744,
            "z": 10.0
        },
        {
            "x": 485.59195401695257,
            "y": 311.77519706755254,
            "z": 10.0
        },
        {
            "x": 466.98862615452975,
            "y": 288.1468838913126,
            "z": 10.0
        },
        {
            "x": 490.0828024216269,
            "y": 306.66571412747555,
            "z": 10.0
        },
        {
            "x": 468.82747372581,
            "y": 292.9692519053892,
            "z": 10.0
        },
        {
            "x": 471.76091320528934,
            "y": 298.53983831780226,
            "z": 10.0
        },
        {
            "x": 472.5009204020075,
            "y": 294.6441919513232,
            "z": 10.0
        },
        {
            "x": 457.40014808380414,
            "y": 308.4699853761872,
            "z": 10.0
        },
        {
            "x": 473.2455017022358,
            "y": 279.3255478465414,
            "z": 10.0
        },
        {
            "x": 467.59222919681145,
            "y": 316.634188835329,
            "z": 14.57013226644673
        },
        {
            "x": 464.53560469579014,
            "y": 295.09704300289764,
            "z": 10.0
        },
        {
            "x": 489.30162256986284,
            "y": 294.31297714720483,
            "z": 10.0
        },
        {
            "x": 452.57300235316444,
            "y": 308.7451413501059,
            "z": 10.0
        },
        {
            "x": 488.4087757678871,
            "y": 300.7645379976769,
            "z": 10.0
        },
        {
            "x": 450.8609437432665,
            "y": 299.925305275713,
            "z": 10.0
        },
        {
            "x": 480.8258953939775,
            "y": 296.5985151206285,
            "z": 10.0
        },
        {
            "x": 484.9299989850524,
            "y": 298.05947301016175,
            "z": 10.0
        },
        {
            "x": 453.0140610995371,
            "y": 304.0103305732481,
            "z": 10.0
        },
        {
            "x": 480.3837702775022,
            "y": 311.2093789695662,
            "z": 10.0
        },
        {
            "x": 465.16463054654946,
            "y": 307.7518813568737,
            "z": 10.0
        },
        {
            "x": 463.47010760842153,
            "y": 280.96424478476655,
            "z": 10.0
        },
        {
            "x": 455.328380539369,
            "y": 289.37145337918645,
            "z": 10.0
        },
        {
            "x": 469.3547478107114,
            "y": 313.4848043159207,
            "z": 17.398779878004376
        },
        {
            "x": 475.2352106275731,
            "y": 277.2099591520916,
            "z": 10.0
        },
        {
            "x": 475.3032994168518,
            "y": 314.7465009162178,
            "z": 11.114435145098142
        },
        {
            "x": 478.0032040696669,
            "y": 302.00252588032697,
            "z": 10.0
        },
        {
            "x": 451.76370021234123,
            "y": 294.9838266338217,
            "z": 10.0
        },
        {
            "x": 485.55336919539616,
            "y": 288.21483766501143,
            "z": 10.0
        },
        {
            "x": 477.33995942447007,
            "y": 306.07402830488553,
            "z": 10.0
        },
        {
            "x": 474.8907198721113,
            "y": 280.68451201709,
            "z": 10.0
        },
        {
            "x": 488.66221494138694,
            "y": 292.08401624181977,
            "z": 10.0
        },
        {
            "x": 488.3473021691449,
            "y": 308.09476330358723,
            "z": 10.0
        },
        {
            "x": 478.30760168640865,
            "y": 310.1409081939424,
            "z": 13.276216308578478
        },
        {
            "x": 464.93470141112306,
            "y": 304.4734020711515,
            "z": 10.0
        },
        {
            "x": 478.500615885188,
            "y": 276.81768716588874,
            "z": 10.0
        },
        {
            "x": 473.8911587025405,
            "y": 274.52513653389275,
            "z": 10.0
        },
        {
            "x": 471.3466558628634,
            "y": 277.16810205510956,
            "z": 10.0
        },
        {
            "x": 479.2452225144519,
            "y": 293.36516067000974,
            "z": 10.0
        },
        {
            "x": 460.6250332898451,
            "y": 307.12239479632007,
            "z": 10.0
        },
        {
            "x": 458.3321391371331,
            "y": 297.0562950994198,
            "z": 10.0
        },
        {
            "x": 450.0817570645633,
            "y": 292.3611334632974,
            "z": 10.0
        },
        {
            "x": 448.0290304857757,
            "y": 293.5802799429643,
            "z": 10.0
        },
        {
            "x": 465.0256521941284,
            "y": 289.6632625459623,
            "z": 10.0
        },
        {
            "x": 453.92291286311956,
            "y": 283.35259586913287,
            "z": 10.0
        },
        {
            "x": 474.25832060126396,
            "y": 299.88423850631926,
            "z": 10.0
        },
        {
            "x": 485.47654709151067,
            "y": 303.7751741699978,
            "z": 10.0
        },
        {
            "x": 469.34579630020124,
            "y": 314.7013312571745,
            "z": 16.70953524404193
        },
        {
            "x": 470.6461117452716,
            "y": 285.8520049738296,
            "z": 10.0
        },
        {
            "x": 467.5313221538737,
            "y": 282.4196080071648,
            "z": 10.0
        },
        {
            "x": 477.2128074286359,
            "y": 283.6995806229653,
            "z": 10.0
        },
        {
            "x": 469.33336327751726,
            "y": 291.37405214650533,
            "z": 10.0
        },
        {
            "x": 475.57839532790894,
            "y": 299.27741290593366,
            "z": 10.0
        },
        {
            "x": 474.3520468710134,
            "y": 313.4221632349561,
            "z": 11.145082156453848
        },
        {
            "x": 477.20421874679164,
            "y": 307.0939054393794,
            "z": 10.0
        },
        {
            "x": 465.13038052459376,
            "y": 285.27028830889003,
            "z": 10.0
        },
        {
            "x": 452.24518380356426,
            "y": 295.34229234489493,
            "z": 10.0
        },
        {
            "x": 478.29057854859246,
            "y": 280.9521181597755,
            "z": 10.0
        },
        {
            "x": 461.7405686536836,
            "y": 309.5533189601011,
            "z": 10.0
        },
        {
            "x": 476.01863953274557,
            "y": 309.0843980309845,
            "z": 10.0
        },
        {
            "x": 478.7914473785375,
            "y": 279.8853253380655,
            "z": 10.0
        },
        {
            "x": 484.5783764936623,
            "y": 309.21921335276903,
            "z": 10.0
        },
        {
            "x": 460.149535912014,
            "y": 311.0629887140658,
            "z": 10.139998612804911
        },
        {
            "x": 465.3485053363018,
            "y": 295.69279162238263,
            "z": 10.0
        },
        {
            "x": 468.30381772487493,
            "y": 291.88466962028815,
            "z": 10.0
        },
        {
            "x": 456.180802108058,
            "y": 296.1461101351667,
            "z": 10.0
        },
        {
            "x": 461.9174291444533,
            "y": 276.9780418742628,
            "z": 10.0
        },
        {
            "x": 480.73354636053836,
            "y": 308.37411481648877,
            "z": 10.0
        },
        {
            "x": 461.7013940740122,
            "y": 303.32870891718835,
            "z": 10.0
        },
        {
            "x": 466.965447976637,
            "y": 306.41795179592935,
            "z": 10.0
        },
        {
            "x": 490.5706863744201,
            "y": 288.51218110639866,
            "z": 10.0
        },
        {
            "x": 465.5442144816577,
            "y": 295.87892903915326,
            "z": 10.0
        },
        {
            "x": 463.3230030372878,
            "y": 284.9815394932914,
            "z": 10.0
        },
        {
            "x": 489.31414126966945,
            "y": 306.4322360953238,
            "z": 10.0
        },
        {
            "x": 463.9138149238888,
            "y": 281.04729064160216,
            "z": 10.0
        },
        {
            "x": 454.4148487772625,
            "y": 307.64436975105235,
            "z": 10.0
        },
        {
            "x": 468.2118364465422,
            "y": 287.3496054717951,
            "z": 10.0
        },
        {
            "x": 478.9925946912074,
            "y": 307.75879474943633,
            "z": 10.0
        },
        {
            "x": 486.64255043168305,
            "y": 303.48932290356123,
            "z": 10.0
        },
        {
            "x": 482.46525835388564,
            "y": 292.57824265195,
            "z": 10.0
        },
        {
            "x": 465.91648752773386,
            "y": 283.45770522945304,
            "z": 10.0
        },
        {
            "x": 483.10379579925313,
            "y": 285.60916729655196,
            "z": 10.0
        },
        {
            "x": 468.56851169684154,
            "y": 310.0154186254973,
            "z": 18.56058481646616
        },
        {
            "x": 466.1805205880092,
            "y": 286.21821036121906,
            "z": 10.0
        },
        {
            "x": 474.4729653286892,
            "y": 306.5598313485297,
            "z": 10.0
        },
        {
            "x": 473.4383142887313,
            "y": 276.80659654004955,
            "z": 10.0
        },
        {
            "x": 460.77463197752763,
            "y": 283.41439964901195,
            "z": 10.0
        },
        {
            "x": 456.47115639981126,
            "y": 301.167131565078,
            "z": 10.0
        },
        {
            "x": 456.994317892328,
            "y": 305.2987075947241,
            "z": 10.0
        },
        {
            "x": 471.53940330810883,
            "y": 299.8599636640099,
            "z": 10.0
        },
        {
            "x": 456.1627694214181,
            "y": 281.9091563171435,
            "z": 10.0
        },
        {
            "x": 487.29672162524116,
            "y": 290.20135641797617,
            "z": 10.0
        },
        {
            "x": 480.0182617748121,
            "y": 285.5354150813787,
            "z": 10.0
        },
        {
            "x": 466.86063119451813,
            "y": 287.94206051718595,
            "z": 10.0
        },
        {
            "x": 458.7869142861759,
            "y": 298.52063165436715,
            "z": 10.0
        },
        {
            "x": 482.04192855681447,
            "y": 280.7765597383519,
            "z": 10.0
        },
        {
            "x": 466.1908321041608,
            "y": 292.2723782839517,
            "z": 10.0
        },
        {
            "x": 451.71695281684134,
            "y": 306.25750296821184,
            "z": 10.0
        },
        {
            "x": 462.4255525120189,
            "y": 307.28121134036724,
            "z": 10.0
        },
        {
            "x": 486.43905754298544,
            "y": 294.05338074668805,
            "z": 10.0
        },
        {
            "x": 491.62434302324107,
            "y": 295.4271735291759,
            "z": 10.0
        },
        {
            "x": 479.96092048560666,
            "y": 294.91606025252946,
            "z": 10.0
        },
        {
            "x": 482.58871882149555,
            "y": 302.77964662333324,
            "z": 10.0
        },
        {
            "x": 455.0213638131971,
            "y": 291.29723377662486,
            "z": 10.0
        },
        {
            "x": 468.4121537338565,
            "y": 282.1192857654025,
            "z": 10.0
        },
        {
            "x": 456.49082807982757,
            "y": 301.7232584091687,
            "z": 10.0
        },
        {
            "x": 457.09625157514,
            "y": 297.69040610463713,
            "z": 10.0
        },
        {
            "x": 463.09463726877885,
            "y": 317.36784465308733,
            "z": 11.726588869537832
        },
        {
            "x": 464.5251105797481,
            "y": 284.4872768763672,
            "z": 10.0
        },
        {
            "x": 491.506923860328,
            "y": 290.2085435833244,
            "z": 10.0
        },
        {
            "x": 483.6741694482899,
            "y": 289.700197383128,
            "z": 10.0
        },
        {
            "x": 464.998564858226,
            "y": 282.55332302954395,
            "z": 10.0
        },
        {
            "x": 468.2141761139488,
            "y": 278.4929126475512,
            "z": 10.0
        },
        {
            "x": 459.14661556112947,
            "y": 308.267250324206,
            "z": 10.0
        },
        {
            "x": 456.59792794452756,
            "y": 307.6343122265051,
            "z": 10.0
        },
        {
            "x": 468.71509766206646,
            "y": 315.2494517907514,
            "z": 15.97012856034398
        },
        {
            "x": 462.9225930030843,
            "y": 301.205393431757,
            "z": 10.0
        },
        {
            "x": 457.4833306803686,
            "y": 309.41428620584753,
            "z": 10.0
        },
        {
            "x": 462.5682017321242,
            "y": 280.1407890371219,
            "z": 10.0
        },
        {
            "x": 475.47339999911844,
            "y": 284.328882879416,
            "z": 10.0
        },
        {
            "x": 469.6049480000226,
            "y": 307.2755732526642,
            "z": 10.0
        },
        {
            "x": 456.38221314414994,
            "y": 293.0368264817804,
            "z": 10.0
        },
        {
            "x": 465.9124097994699,
            "y": 278.5592117328384,
            "z": 10.0
        },
        {
            "x": 480.60103588547986,
            "y": 309.85891794618635,
            "z": 10.0
        },
        {
            "x": 487.74155945888486,
            "y": 292.334623892214,
            "z": 10.0
        },
        {
            "x": 468.2159247697807,
            "y": 293.0590653323428,
            "z": 10.0
        },
        {
            "x": 480.0926006600091,
            "y": 300.9607824212255,
            "z": 10.0
        },
        {
            "x": 455.128462046584,
            "y": 299.23507580047635,
            "z": 10.0
        },
        {
            "x": 456.8784191195635,
            "y": 300.0766730407193,
            "z": 10.0
        },
        {
            "x": 479.23599116894655,
            "y": 300.13619045394677,
            "z": 10.0
        },
        {
            "x": 459.72518265102315,
            "y": 308.1421705866134,
            "z": 10.0
        },
        {
            "x": 455.70925052190717,
            "y": 280.9754193772841,
            "z": 10.0
        },
        {
            "x": 473.4900200125847,
            "y": 290.38854043671245,
            "z": 10.0
        },
        {
            "x": 475.8659912351375,
            "y": 297.71815802785494,
            "z": 10.0
        },
        {
            "x": 475.99962419471643,
            "y": 303.1006990619691,
            "z": 10.0
        },
        {
            "x": 473.0189658738193,
            "y": 285.35965886292405,
            "z": 10.0
        },
        {
            "x": 464.2303101367837,
            "y": 314.5220407638648,
            "z": 13.082532043844123
        },
        {
            "x": 456.44793364719914,
            "y": 299.8631244903083,
            "z": 10.0
        },
        {
            "x": 468.5228818496352,
            "y": 294.4693101210377,
            "z": 10.0
        },
        {
            "x": 448.96710578466326,
            "y": 289.7938871541863,
            "z": 10.0
        },
        {
            "x": 467.652698804242,
            "y": 306.7301174075212,
            "z": 10.0
        },
        {
            "x": 475.92032469850176,
            "y": 285.13631284963304,
            "z": 10.0
        },
        {
            "x": 462.8770869390948,
            "y": 276.7636879805252,
            "z": 10.0
        },
        {
            "x": 462.7796168937945,
            "y": 276.1921581434985,
            "z": 10.0
        },
        {
            "x": 456.7193423384359,
            "y": 299.1032299858637,
            "z": 10.0
        },
        {
            "x": 455.3882297290733,
            "y": 294.2652141726013,
            "z": 10.0
        },
        {
            "x": 477.1292102555299,
            "y": 287.30189829121,
            "z": 10.0
        },
        {
            "x": 486.71160543020795,
            "y": 306.26404109463226,
            "z": 10.0
        },
        {
            "x": 471.52774187941424,
            "y": 279.20685130204515,
            "z": 10.0
        },
        {
            "x": 463.65397113346074,
            "y": 288.46377151278546,
            "z": 10.0
        },
        {
            "x": 469.9935271455008,
            "y": 293.3060124073117,
            "z": 10.0
        },
        {
            "x": 486.4263986912937,
            "y": 282.0059001240275,
            "z": 10.0
        },
        {
            "x": 468.93142041268896,
            "y": 275.61843286347175,
            "z": 10.0
        },
        {
            "x": 478.56467941382994,
            "y": 304.2493741423833,
            "z": 10.0
        },
        {
            "x": 462.18150335995557,
            "y": 299.73456591801374,
            "z": 10.0
        },
        {
            "x": 473.00154131118313,
            "y": 284.34528716358375,
            "z": 10.0
        },
        {
            "x": 466.8246866639519,
            "y": 300.9332718408622,
            "z": 10.0
        },
        {
            "x": 465.6406985166248,
            "y": 287.54671703990863,
            "z": 10.0
        },
        {
            "x": 459.67352373672963,
            "y": 277.9626683484088,
            "z": 10.0
        },
        {
            "x": 489.54952045631404,
            "y": 297.2661871115767,
            "z": 10.0
        },
        {
            "x": 467.0683584274309,
            "y": 302.6685484099115,
            "z": 10.0
        },
        {
            "x": 457.92141182673276,
            "y": 292.7587918498774,
            "z": 10.0
        },
        {
            "x": 479.2338984737563,
            "y": 297.3247044697822,
            "z": 10.0
        },
        {
            "x": 480.66072546495707,
            "y": 283.0452581023867,
            "z": 10.0
        },
        {
            "x": 448.7377280216046,
            "y": 291.10161820094527,
            "z": 10.0
        },
        {
            "x": 490.6659919194998,
            "y": 296.863848281351,
            "z": 10.0
        },
        {
            "x": 457.6870323932153,
            "y": 288.506236100191,
            "z": 10.0
        },
        {
            "x": 482.0943490861928,
            "y": 311.5871887769758,
            "z": 10.0
        },
        {
            "x": 482.10625567938416,
            "y": 281.67223342368044,
            "z": 10.0
        },
        {
            "x": 475.81573807347024,
            "y": 299.7403622379304,
            "z": 10.0
        }
    ],
    "sensors": [
        {
            "x": 498.68946441127514,
            "y": 294.2584726932743,
            "z": -1.0
        },
        {
            "x": 456.0958651789485,
            "y": 326.3464821915472,
            "z": 15.009780310318849
        },
        {
            "x": 494.1570189418455,
            "y": 276.0616946041394,
            "z": -1.0
        },
        {
            "x": 486.3108962983821,
            "y": 329.3507773211273,
            "z": -1.0
        },
        {
            "x": 504.65981714254906,
            "y": 315.3871934499798,
            "z": -1.0
        },
        {
            "x": 508.02351013588276,
            "y": 296.7787735885493,
            "z": -1.0
        },
        {
            "x": 446.07325860615464,
            "y": 316.3884425697584,
            "z": 8.275938470198692
        },
        {
            "x": 502.25745696825084,
            "y": 292.85113015709464,
            "z": -1.0
        },
        {
            "x": 496.52298346145983,
            "y": 288.60875733641365,
            "z": -1.0
        },
        {
            "x": 442.36948518612917,
            "y": 310.0620406383799,
            "z": 7.390023014697892
        },
        {
            "x": 447.725954457989,
            "y": 268.9963422638031,
            "z": -1.0
        },
        {
            "x": 480.4421109514383,
            "y": 321.67307035768124,
            "z": -1.0
        },
        {
            "x": 447.91547499480265,
            "y": 269.93666930124516,
            "z": -1.0
        },
        {
            "x": 432.4616215734336,
            "y": 306.1963011170323,
            "z": 3.2979308463197494
        },
        {
            "x": 476.29817729372746,
            "y": 328.94914006511544,
            "z": -0.4472859824306208
        },
        {
            "x": 440.59223190728693,
            "y": 291.7136389685654,
            "z": -1.0
        },
        {
            "x": 455.92301211296217,
            "y": 274.9303684861363,
            "z": -1.0
        },
        {
            "x": 472.940849940389,
            "y": 269.58997554333905,
            "z": -1.0
        },
        {
            "x": 459.509175643657,
            "y": 263.7630668567844,
            "z": -1.0
        },
        {
            "x": 463.57346677052004,
            "y": 253.89449832411347,
            "z": -1.0
        },
        {
            "x": 470.15713249123127,
            "y": 271.805823906097,
            "z": -1.0
        },
        {
            "x": 445.5085765440431,
            "y": 272.2325508887111,
            "z": -1.0
        },
        {
            "x": 454.89117321657744,
            "y": 316.93809270235704,
            "z": 4.490225975212413
        },
        {
            "x": 496.8946686513076,
            "y": 320.1973536026923,
            "z": -1.0
        },
        {
            "x": 485.5575170741394,
            "y": 255.37833638056784,
            "z": -1.0
        },
        {
            "x": 460.12867336229033,
            "y": 335.4044330589141,
            "z": 9.608434277314942
        },
        {
            "x": 484.03098318850766,
            "y": 264.2995501333113,
            "z": -1.0
        },
        {
            "x": 469.3268143907344,
            "y": 267.93623445661854,
            "z": -1.0
        },
        {
            "x": 456.59254480061117,
            "y": 268.92090625059274,
            "z": -1.0
        },
        {
            "x": 430.48817000722363,
            "y": 286.76095305078974,
            "z": 2.2390469492102625
        },
        {
            "x": 484.28048017042755,
            "y": 275.68361339849224,
            "z": -1.0
        },
        {
            "x": 501.6885066199983,
            "y": 314.93619145306684,
            "z": -1.0
        },
        {
            "x": 486.95139071402747,
            "y": 323.7021926508484,
            "z": -1.0
        },
        {
            "x": 478.7176889581144,
            "y": 269.22829629098834,
            "z": -1.0
        },
        {
            "x": 447.0532829243348,
            "y": 277.41062985335464,
            "z": -1.0
        },
        {
            "x": 473.33719699797547,
            "y": 268.9963012641707,
            "z": -1.0
        },
        {
            "x": 439.19610476528106,
            "y": 272.1096192907441,
            "z": 6.700089525687237
        },
        {
            "x": 504.645368246289,
            "y": 286.62533671206603,
            "z": -1.0
        },
        {
            "x": 460.02535556825484,
            "y": 265.86911678855796,
            "z": -1.0
        },
        {
            "x": 494.42284942933145,
            "y": 270.16771169879837,
            "z": -1.0
        },
        {
            "x": 469.44746926337456,
            "y": 261.9048263233656,
            "z": -1.0
        },
        {
            "x": 486.12411489334386,
            "y": 264.2951502338365,
            "z": -1.0
        },
        {
            "x": 440.9056084211497,
            "y": 317.2121871425226,
            "z": 2.017347445818046
        },
        {
            "x": 424.436614468919,
            "y": 299.64716748926645,
            "z": 8.073418240514
        },
        {
            "x": 444.14834955499913,
            "y": 268.78220216695917,
            "z": -1.0
        },
        {
            "x": 481.48650893158197,
            "y": 261.50761422136816,
            "z": -1.0
        },
        {
            "x": 437.6522452456355,
            "y": 298.8378173549731,
            "z": -0.015683487372430083
        },
        {
            "x": 434.36867902996147,
            "y": 284.5996728768314,
            "z": 4.4003271231686085
        },
        {
            "x": 455.08021604087145,
            "y": 332.94807216837273,
            "z": 22.940829713853997
        },
        {
            "x": 470.9712278983037,
            "y": 266.9579524656648,
            "z": -1.0
        },
        {
            "x": 497.03108142121755,
            "y": 329.5939798633939,
            "z": -1.0
        },
        {
            "x": 449.13823802866006,
            "y": 321.19514633310786,
            "z": 18.039318717347612
        },
        {
            "x": 462.24691008198437,
            "y": 264.67827582920967,
            "z": -1.0
        },
        {
            "x": 495.9501843043761,
            "y": 302.15511501300574,
            "z": -1.0
        },
        {
            "x": 447.1260390285454,
            "y": 314.7244069127496,
            "z": 9.66184322196118
        },
        {
            "x": 446.7508735881,
            "y": 320.240542581819,
            "z": 16.139533313538497
        },
        {
            "x": 428.2942306995626,
            "y": 279.16099653855633,
            "z": 8.250879634910595
        },
        {
            "x": 502.70140814739375,
            "y": 274.0782450984849,
            "z": -1.0
        },
        {
            "x": 505.3640012410992,
            "y": 320.9272499178338,
            "z": -1.0
        },
        {
            "x": 497.69828484635514,
            "y": 302.39795649685965,
            "z": -1.0
        },
        {
            "x": 439.5382921028352,
            "y": 281.2887078792572,
            "z": 7.711292120742826
        },
        {
            "x": 441.30470674051236,
            "y": 283.3646778046205,
            "z": -1.0
        },
        {
            "x": 458.19301084689033,
            "y": 256.32852119780836,
            "z": -1.0
        },
        {
            "x": 448.76810205890996,
            "y": 322.743808540097,
            "z": 18.497561821742853
        },
        {
            "x": 503.38066331236683,
            "y": 280.0790051230011,
            "z": -1.0
        },
        {
            "x": 466.3981069190708,
            "y": 322.25789305376674,
            "z": 10.906278672389373
        },
        {
            "x": 459.92938030501074,
            "y": 254.6400594350885,
            "z": -1.0
        },
        {
            "x": 495.3709563703963,
            "y": 292.55404962083173,
            "z": -1.0
        },
        {
            "x": 478.18486981897445,
            "y": 265.185185602124,
            "z": -1.0
        },
        {
            "x": 431.3840354618169,
            "y": 281.22550740674444,
            "z": 7.774492593255559
        },
        {
            "x": 459.6105595837479,
            "y": 321.6600556797009,
            "z": 21.308374750983333
        },
        {
            "x": 462.6614353673487,
            "y": 260.02309566885526,
            "z": -1.0
        },
        {
            "x": 492.6331303068149,
            "y": 326.4676981513256,
            "z": -1.0
        },
        {
            "x": 440.8254369232836,
            "y": 296.951849767168,
            "z": -1.0
        },
        {
            "x": 437.9803376533846,
            "y": 326.5502399764356,
            "z": 15.27234309298212
        },
        {
            "x": 447.07204830660805,
            "y": 326.4398104661399,
            "z": 18.708916058656474
        },
        {
            "x": 464.6740228536669,
            "y": 329.6274057152419,
            "z": 4.228021709672455
        },
        {
            "x": 493.36195144723115,
            "y": 325.6896552927553,
            "z": -1.0
        },
        {
            "x": 476.2081836511476,
            "y": 255.4977950823416,
            "z": -1.0
        },
        {
            "x": 481.74326662604693,
            "y": 273.36503956631606,
            "z": -1.0
        },
        {
            "x": 469.8315690129412,
            "y": 323.30518347508354,
            "z": 11.616025745285935
        },
        {
            "x": 496.6746939820179,
            "y": 329.26991531320306,
            "z": -1.0
        },
        {
            "x": 449.2932630683253,
            "y": 324.8379301549057,
            "z": 19.85815716191464
        },
        {
            "x": 502.65355525083464,
            "y": 322.008256083525,
            "z": -1.0
        },
        {
            "x": 509.3439561439723,
            "y": 299.9157147867968,
            "z": -1.0
        },
        {
            "x": 465.8285698216553,
            "y": 340.2103449068977,
            "z": 18.121083021764413
        },
        {
            "x": 501.375900229609,
            "y": 272.21290660552233,
            "z": -1.0
        },
        {
            "x": 495.9050281946188,
            "y": 289.74090674685226,
            "z": -1.0
        },
        {
            "x": 496.3335043202617,
            "y": 302.11949490938815,
            "z": -1.0
        },
        {
            "x": 495.4019299080538,
            "y": 312.89613651603855,
            "z": -1.0
        },
        {
            "x": 445.6758639232682,
            "y": 278.1207961807437,
            "z": -1.0
        },
        {
            "x": 476.6213622756047,
            "y": 256.45472255609957,
            "z": -1.0
        },
        {
            "x": 469.7557658570779,
            "y": 325.3792716909302,
            "z": 9.526739895755739
        },
        {
            "x": 480.8842896994259,
            "y": 255.64409006557665,
            "z": -1.0
        },
        {
            "x": 465.1433910980655,
            "y": 269.65865477533623,
            "z": -1.0
        },
        {
            "x": 457.51232570087797,
            "y": 337.1205855532143,
            "z": 19.136319085119723
        },
        {
            "x": 466.9388571563432,
            "y": 259.7272960569712,
            "z": -1.0
        },
        {
            "x": 508.8947699010529,
            "y": 283.8707947768255,
            "z": -1.0
        },
        {
            "x": 503.27534561519604,
            "y": 292.7355032706084,
            "z": -1.0
        },
        {
            "x": 458.3064760359754,
            "y": 329.3228073189561,
            "z": 14.479766085075944
        },
        {
            "x": 480.78676533028386,
            "y": 326.61699281877463,
            "z": -1.0
        },
        {
            "x": 456.13610901540017,
            "y": 338.2394845342911,
            "z": 17.56215901515155
        },
        {
            "x": 484.882861754897,
            "y": 263.60441673993296,
            "z": -1.0
        },
        {
            "x": 489.23091046421706,
            "y": 279.2125652670573,
            "z": -1.0
        },
        {
            "x": 474.575290009,
            "y": 336.92111386494616,
            "z": 0.9881996507579063
        },
        {
            "x": 440.5404029570176,
            "y": 270.0250643342166,
            "z": -1.0
        },
        {
            "x": 427.8326538396033,
            "y": 280.83745776140023,
            "z": 6.968907544877032
        },
        {
            "x": 470.83940713760876,
            "y": 326.3815365712646,
            "z": 0.5081326520793055
        },
        {
            "x": 497.89897153927865,
            "y": 318.54750738481266,
            "z": -1.0
        },
        {
            "x": 512.6084576834381,
            "y": 292.9825699948879,
            "z": -1.0
        },
        {
            "x": 465.493393137526,
            "y": 268.2208804700704,
            "z": -1.0
        },
        {
            "x": 475.31266982621935,
            "y": 271.51182256887876,
            "z": -1.0
        },
        {
            "x": 451.41917849790747,
            "y": 267.8381204828743,
            "z": -1.0
        },
        {
            "x": 462.2513216861387,
            "y": 325.1078329635466,
            "z": 6.8261182287549715
        },
        {
            "x": 434.0136741408456,
            "y": 270.4124209082452,
            "z": 6.865747912444982
        },
        {
            "x": 431.5449510691031,
            "y": 304.6358473814389,
            "z": 3.9584201770771337
        },
        {
            "x": 513.2468945859848,
            "y": 292.8626532683056,
            "z": -1.0
        },
        {
            "x": 503.66967968921904,
            "y": 294.9650455829238,
            "z": -1.0
        },
        {
            "x": 502.7593115714977,
            "y": 279.981042940352,
            "z": -1.0
        },
        {
            "x": 434.5414046128054,
            "y": 317.3584467147342,
            "z": 8.917490639529124
        },
        {
            "x": 478.5381982135813,
            "y": 267.8499133982415,
            "z": -1.0
        },
        {
            "x": 499.7683508726645,
            "y": 291.45610946266606,
            "z": -1.0
        },
        {
            "x": 455.48080234490874,
            "y": 317.9094994948205,
            "z": 4.939107147741562
        },
        {
            "x": 505.87063704298583,
            "y": 291.87591444444007,
            "z": -1.0
        },
        {
            "x": 497.67042445312904,
            "y": 276.6835662858151,
            "z": -1.0
        },
        {
            "x": 485.2335294751826,
            "y": 332.4327715587518,
            "z": -1.0
        },
        {
            "x": 467.42352179087897,
            "y": 253.76609682784533,
            "z": -1.0
        },
        {
            "x": 484.9822725790247,
            "y": 320.76791612857215,
            "z": -1.0
        },
        {
            "x": 498.7735194076105,
            "y": 281.7750675774886,
            "z": -1.0
        },
        {
            "x": 511.57939327702076,
            "y": 283.52519989588654,
            "z": -1.0
        },
        {
            "x": 470.3169143416157,
            "y": 333.20529302323564,
            "z": 3.0983575869387447
        },
        {
            "x": 455.3670282340823,
            "y": 332.63730409988636,
            "z": 23.40264938224273
        },
        {
            "x": 494.45505098495244,
            "y": 316.8777331047632,
            "z": -1.0
        },
        {
            "x": 504.80591852280685,
            "y": 317.54970174785467,
            "z": -1.0
        },
        {
            "x": 496.33080977148325,
            "y": 300.5318593264085,
            "z": -1.0
        },
        {
            "x": 488.0002175137029,
            "y": 269.24496139896615,
            "z": -1.0
        },
        {
            "x": 436.17182798184285,
            "y": 289.94838150739497,
            "z": -0.94838150739497
        },
        {
            "x": 436.71258680767465,
            "y": 325.70917591756086,
            "z": 14.305311394221953
        },
        {
            "x": 492.00657477110934,
            "y": 277.14165628762964,
            "z": -1.0
        },
        {
            "x": 449.02691962430396,
            "y": 270.4230508430584,
            "z": -1.0
        },
        {
            "x": 496.9574987134323,
            "y": 313.0295363608527,
            "z": -1.0
        },
        {
            "x": 490.65174260278985,
            "y": 264.0870862290895,
            "z": -1.0
        },
        {
            "x": 429.34997585417455,
            "y": 309.5473097661233,
            "z": 8.86999517083491
        },
        {
            "x": 460.1912364162807,
            "y": 333.1855158505237,
            "z": 11.833607791104368
        },
        {
            "x": 452.92135743300975,
            "y": 315.73456293755277,
            "z": 2.419792083706365
        },
        {
            "x": 497.6815685634777,
            "y": 295.08148796506015,
            "z": -1.0
        },
        {
            "x": 452.44442767403103,
            "y": 265.84177345798565,
            "z": -1.0
        },
        {
            "x": 483.5258543198865,
            "y": 330.33174989401516,
            "z": -1.0
        },
        {
            "x": 466.6459148725558,
            "y": 333.2318666389971,
            "z": 12.432724848258509
        },
        {
            "x": 478.3379422791063,
            "y": 334.5156657724575,
            "z": 2.747881158811257
        },
        {
            "x": 492.6207188283953,
            "y": 281.27361105092007,
            "z": -1.0
        },
        {
            "x": 496.6823136033157,
            "y": 325.70488695476485,
            "z": -1.0
        },
        {
            "x": 497.3034033635314,
            "y": 312.97276655066463,
            "z": -1.0
        },
        {
            "x": 466.84284395018227,
            "y": 331.95794659651034,
            "z": 13.726337798507892
        },
        {
            "x": 500.50996899790636,
            "y": 319.701419577395,
            "z": -1.0
        },
        {
            "x": 492.256260753916,
            "y": 259.5324537053232,
            "z": -1.0
        },
        {
            "x": 466.9622370509918,
            "y": 329.2916988974822,
            "z": 5.014682478877347
        },
        {
            "x": 473.0689516719774,
            "y": 328.06735774493836,
            "z": -0.10831938437523325
        },
        {
            "x": 492.51160702768124,
            "y": 268.9963808046443,
            "z": -1.0
        },
        {
            "x": 435.2600633662542,
            "y": 283.0486338993848,
            "z": 5.951366100615189
        },
        {
            "x": 495.94637400461585,
            "y": 286.8563254820361,
            "z": -1.0
        },
        {
            "x": 443.0845486293049,
            "y": 274.59912750842597,
            "z": -1.0
        },
        {
            "x": 493.936440311786,
            "y": 309.62577605747356,
            "z": -1.0
        },
        {
            "x": 433.51453967592255,
            "y": 295.0377688998317,
            "z": 3.6134319385155447
        },
        {
            "x": 439.3505381012384,
            "y": 266.3706047598745,
            "z": 1.3755758934072833
        },
        {
            "x": 495.89617402781573,
            "y": 281.9530374302813,
            "z": -1.0
        },
        {
            "x": 502.1362090493767,
            "y": 297.67107491740563,
            "z": -1.0
        },
        {
            "x": 431.7099472182726,
            "y": 317.72869047899974,
            "z": 7.513170217400111
        },
        {
            "x": 462.43833624989037,
            "y": 263.2846065704465,
            "z": -1.0
        },
        {
            "x": 490.91761585611505,
            "y": 318.9932054800914,
            "z": -1.0
        },
        {
            "x": 490.7509357719555,
            "y": 317.2572837748,
            "z": -1.0
        },
        {
            "x": 476.49385891974117,
            "y": 252.62600451166006,
            "z": -1.0
        },
        {
            "x": 505.1122625147609,
            "y": 310.67150643017806,
            "z": -1.0
        },
        {
            "x": 504.9563752384867,
            "y": 283.80508938527515,
            "z": -1.0
        },
        {
            "x": 496.3175406674132,
            "y": 310.30907235648107,
            "z": -1.0
        },
        {
            "x": 483.77805066131316,
            "y": 323.39668999636905,
            "z": -1.0
        },
        {
            "x": 444.3982547753107,
            "y": 263.60445432050227,
            "z": -1.0
        },
        {
            "x": 478.9952738884757,
            "y": 263.43455600327337,
            "z": -1.0
        },
        {
            "x": 440.1828224155386,
            "y": 293.92433890233906,
            "z": -1.0
        },
        {
            "x": 472.8644952862544,
            "y": 328.6268202541799,
            "z": -0.3720587634903282
        },
        {
            "x": 473.25019468908937,
            "y": 336.19888398966026,
            "z": 1.4042132768980324
        },
        {
            "x": 431.18179181741846,
            "y": 312.2566494622183,
            "z": 8.574528836537919
        },
        {
            "x": 439.4268979872361,
            "y": 295.50962202082707,
            "z": 2.6437712764970422
        },
        {
            "x": 496.8916701783621,
            "y": 329.05062534897445,
            "z": -1.0
        },
        {
            "x": 448.77002301936096,
            "y": 317.48380818959254,
            "z": 11.274001686518496
        },
        {
            "x": 440.371005449395,
            "y": 314.99934814952127,
            "z": 2.871442397523728
        },
        {
            "x": 435.2813630135264,
            "y": 271.75169426469745,
            "z": 6.080682919752325
        },
        {
            "x": 490.5459242999489,
            "y": 260.540671462959,
            "z": -1.0
        },
        {
            "x": 453.180900113502,
            "y": 330.84214544698676,
            "z": 24.10088468311652
        },
        {
            "x": 429.5643743242151,
            "y": 285.73624338407456,
            "z": 8.128674658242964
        },
        {
            "x": 457.19786912674556,
            "y": 273.5145983135175,
            "z": -1.0
        },
        {
            "x": 506.24030992615434,
            "y": 277.25173202056186,
            "z": -1.0
        },
        {
            "x": 484.65203889634176,
            "y": 328.3278425531082,
            "z": -1.0
        },
        {
            "x": 480.4420362973082,
            "y": 271.81585676008314,
            "z": -1.0
        },
        {
            "x": 436.61889918400055,
            "y": 304.96980625942706,
            "z": 5.9926671590165945
        },
        {
            "x": 495.9475107565935,
            "y": 313.42814468833416,
            "z": -1.0
        },
        {
            "x": 442.2642226261576,
            "y": 319.67415873447516,
            "z": 2.3389783892130813
        },
        {
            "x": 499.09299280113197,
            "y": 322.2434733360423,
            "z": -1.0
        },
        {
            "x": 507.1108832592931,
            "y": 308.514383503112,
            "z": -1.0
        },
        {
            "x": 455.1282044867836,
            "y": 319.37335070487615,
            "z": 4.25674791585936
        },
        {
            "x": 502.5537908901593,
            "y": 344.3166935645433,
            "z": -1.0
        },
        {
            "x": 408.1221800816407,
            "y": 325.3914172242953,
            "z": 6.530884281972336
        },
        {
            "x": 515.3845955480722,
            "y": 281.0117762134478,
            "z": -1.0
        },
        {
            "x": 413.87727578335307,
            "y": 277.80485047431756,
            "z": 4.86056715763829
        },
        {
            "x": 473.6044571303706,
            "y": 362.32618075895687,
            "z": 11.139055392834505
        },
        {
            "x": 508.1755525794176,
            "y": 368.51031489274186,
            "z": -1.0
        },
        {
            "x": 447.63145330792895,
            "y": 239.33755183951934,
            "z": -1.0
        },
        {
            "x": 463.2673702984348,
            "y": 353.9776768170525,
            "z": 16.805762673522565
        },
        {
            "x": 500.53811938028736,
            "y": 260.6907652780608,
            "z": -1.0
        },
        {
            "x": 427.51611438685387,
            "y": 349.0926441594567,
            "z": 13.455586495674027
        },
        {
            "x": 394.7661330291505,
            "y": 341.36096771230706,
            "z": 5.925311302851043
        },
        {
            "x": 505.0993952149998,
            "y": 268.3392632697472,
            "z": -1.0
        },
        {
            "x": 513.7038519081275,
            "y": 318.433057858456,
            "z": -1.0
        },
        {
            "x": 491.3611907476696,
            "y": 238.92913320283958,
            "z": -1.0
        },
        {
            "x": 394.9784736492404,
            "y": 262.6020739471425,
            "z": 1.304221980593403
        },
        {
            "x": 497.80164052394696,
            "y": 339.5960406942634,
            "z": -1.0
        },
        {
            "x": 381.19364106158247,
            "y": 248.5906050919907,
            "z": 3.1927615561789597
        },
        {
            "x": 413.0679761124048,
            "y": 274.5599086916158,
            "z": 4.7804959243151925
        },
        {
            "x": 391.41967329540006,
            "y": 240.7215195805278,
            "z": 4.002336586565554
        },
        {
            "x": 477.9074728408208,
            "y": 337.6733810941658,
            "z": 0.5799481015887678
        },
        {
            "x": 404.25102137444867,
            "y": 335.7621831986143,
            "z": 7.024154814286955
        },
        {
            "x": 422.03345485558265,
            "y": 299.4712251693802,
            "z": 8.509058857696186
        },
        {
            "x": 402.58304956672566,
            "y": 226.00949894049606,
            "z": 5.454724480508957
        },
        {
            "x": 440.2462434709601,
            "y": 357.6758488779607,
            "z": 32.16883693956832
        },
        {
            "x": 508.27808637288155,
            "y": 383.65137667337837,
            "z": -1.0
        },
        {
            "x": 523.7522648990051,
            "y": 288.555360974608,
            "z": -1.0
        },
        {
            "x": 456.68714682193655,
            "y": 217.5026938341328,
            "z": -1.0
        },
        {
            "x": 378.6965542960433,
            "y": 269.1550814380821,
            "z": -1.0
        },
        {
            "x": 406.854202630581,
            "y": 312.79410680694883,
            "z": 5.3443255212896785
        },
        {
            "x": 503.0468635598321,
            "y": 234.19446733907324,
            "z": -1.0
        },
        {
            "x": 516.9693315312553,
            "y": 361.92148592994334,
            "z": -1.0
        },
        {
            "x": 526.6005015242935,
            "y": 400.62969751293576,
            "z": -1.0
        },
        {
            "x": 389.6956130800233,
            "y": 281.75484624809445,
            "z": -0.14928448817728135
        },
        {
            "x": 418.0500768571095,
            "y": 234.73647518124275,
            "z": 6.092357625716318
        },
        {
            "x": 496.36939250536636,
            "y": 338.1784739110517,
            "z": -1.0
        },
        {
            "x": 397.6478091472576,
            "y": 330.78720924456326,
            "z": 6.101891857384974
        },
        {
            "x": 408.54871202217936,
            "y": 308.94749270730824,
            "z": 7.730072547606037
        },
        {
            "x": 503.2787128365539,
            "y": 388.87053606973166,
            "z": -1.0
        },
        {
            "x": 394.1158824377424,
            "y": 331.0620310912189,
            "z": 6.0249327443786385
        },
        {
            "x": 359.55905469878934,
            "y": 241.8015667597506,
            "z": 2.1347708715166642
        },
        {
            "x": 408.1656617447764,
            "y": 223.90232198556293,
            "z": 5.238109902581121
        },
        {
            "x": 494.5346170845635,
            "y": 367.33919643597966,
            "z": -1.0
        },
        {
            "x": 378.53024832872507,
            "y": 325.6721059891482,
            "z": 6.508019173359875
        },
        {
            "x": 415.4589221752906,
            "y": 302.9174139318114,
            "z": 8.0267773189562
        },
        {
            "x": 508.54749456544766,
            "y": 342.57722084221774,
            "z": -1.0
        },
        {
            "x": 406.4884822673313,
            "y": 316.9910295815145,
            "z": 6.902072362421679
        },
        {
            "x": 500.55239495705183,
            "y": 228.66409683113875,
            "z": -1.0
        },
        {
            "x": 461.38875006068525,
            "y": 239.07816647704638,
            "z": -1.0
        },
        {
            "x": 517.4576012675609,
            "y": 401.14850570295937,
            "z": -1.0
        },
        {
            "x": 389.16800032168754,
            "y": 264.4452591935544,
            "z": -0.9260309156189446
        },
        {
            "x": 381.36819669579313,
            "y": 341.32036974043365,
            "z": 7.9553696255893005
        },
        {
            "x": 396.54536558275765,
            "y": 216.82293123742124,
            "z": 3.373220007190594
        },
        {
            "x": 465.70873079329755,
            "y": 243.67864329042365,
            "z": -1.0
        },
        {
            "x": 346.07174401673933,
            "y": 255.89747188137457,
            "z": 4.266522219114164
        },
        {
            "x": 380.0451367281705,
            "y": 223.51675775316005,
            "z": 0.05820202472293423
        },
        {
            "x": 522.6975949835615,
            "y": 320.0761933290389,
            "z": -1.0
        },
        {
            "x": 540.1964236824709,
            "y": 315.4102517225236,
            "z": -1.0
        },
        {
            "x": 378.889878810079,
            "y": 254.922735931424,
            "z": -1.0
        },
        {
            "x": 533.1333374407511,
            "y": 371.94913928886706,
            "z": -1.0
        },
        {
            "x": 372.3081460054863,
            "y": 340.9527405115031,
            "z": 11.941672766714424
        },
        {
            "x": 361.02228997838415,
            "y": 219.3250306612775,
            "z": -1.0
        },
        {
            "x": 448.6706387077882,
            "y": 333.5556893232355,
            "z": 24.421464990301025
        },
        {
            "x": 451.1598157641298,
            "y": 248.89898621056227,
            "z": -1.0
        },
        {
            "x": 407.19328075797813,
            "y": 211.7922330409062,
            "z": 4.278237064766858
        },
        {
            "x": 401.84607151129256,
            "y": 291.45217491945397,
            "z": 6.724442215648177
        },
        {
            "x": 515.8596029060827,
            "y": 228.60875312842154,
            "z": -1.0
        },
        {
            "x": 482.2043860357532,
            "y": 377.3311898354742,
            "z": 0.8366096130657419
        },
        {
            "x": 363.6057316279479,
            "y": 242.6220895021649,
            "z": -1.0
        },
        {
            "x": 436.3590696532088,
            "y": 245.85992323355322,
            "z": -1.0
        },
        {
            "x": 524.2380470810098,
            "y": 297.20963290034194,
            "z": -1.0
        },
        {
            "x": 492.2166888773041,
            "y": 397.3998575885557,
            "z": -1.0
        },
        {
            "x": 379.2214701575013,
            "y": 252.81307212758142,
            "z": -1.0
        },
        {
            "x": 517.5614097346887,
            "y": 413.76499137103804,
            "z": -1.0
        },
        {
            "x": 375.49829142421453,
            "y": 222.23362073355423,
            "z": -1.0
        },
        {
            "x": 518.2491063978915,
            "y": 416.60170367977435,
            "z": -1.0
        },
        {
            "x": 345.7914999516052,
            "y": 232.49801293514528,
            "z": 0.18467628371596123
        },
        {
            "x": 520.188480944433,
            "y": 381.62319427480884,
            "z": -1.0
        },
        {
            "x": 526.4787336249402,
            "y": 392.5833749583557,
            "z": -1.0
        },
        {
            "x": 387.46413243781853,
            "y": 247.70297917357908,
            "z": 2.2765290196160186
        },
        {
            "x": 522.7817375107428,
            "y": 209.4672217574257,
            "z": -1.0
        },
        {
            "x": 409.2498168618244,
            "y": 220.66015106522607,
            "z": 4.9308355048209265
        },
        {
            "x": 430.70081901590686,
            "y": 356.40888673962945,
            "z": 23.893657715806928
        },
        {
            "x": 347.4062723308966,
            "y": 230.4679460746679,
            "z": 0.6591752649712261
        },
        {
            "x": 342.57344469706,
            "y": 206.81680803527303,
            "z": -1.0
        },
        {
            "x": 370.35516508694434,
            "y": 310.60506199092805,
            "z": 3.185598508736038
        },
        {
            "x": 534.7092519161016,
            "y": 328.30126911583193,
            "z": -1.0
        },
        {
            "x": 470.7773456582996,
            "y": 352.6031157246773,
            "z": 8.630863848550915
        },
        {
            "x": 431.04581885564244,
            "y": 244.25046813983232,
            "z": -1.0
        },
        {
            "x": 433.0670809714417,
            "y": 331.85647734145005,
            "z": 14.462705420984163
        },
        {
            "x": 493.2206163362937,
            "y": 252.49108425027157,
            "z": -1.0
        },
        {
            "x": 435.296751376652,
            "y": 367.9274252530207,
            "z": 29.891137879531076
        },
        {
            "x": 526.2043929459858,
            "y": 369.6960098856856,
            "z": -1.0
        },
        {
            "x": 382.80532044104797,
            "y": 291.8758482202324,
            "z": 1.1827136699445417
        },
        {
            "x": 501.7466240143612,
            "y": 237.16921998047536,
            "z": -1.0
        },
        {
            "x": 412.83110104601985,
            "y": 321.1510991613523,
            "z": 8.23021983227046
        },
        {
            "x": 527.6903841715794,
            "y": 424.8733245069823,
            "z": -1.0
        },
        {
            "x": 407.76397192599023,
            "y": 340.34029190492146,
            "z": 8.768788170071398
        },
        {
            "x": 509.9625186817261,
            "y": 437.46297020743805,
            "z": -1.0
        },
        {
            "x": 537.4230744681038,
            "y": 322.12110452467124,
            "z": -1.0
        },
        {
            "x": 519.2574260948903,
            "y": 237.1328324029256,
            "z": -1.0
        },
        {
            "x": 491.6630189479866,
            "y": 406.2079785713888,
            "z": -1.0
        },
        {
            "x": 398.2171970703623,
            "y": 335.1128377416617,
            "z": 6.74911208519444
        },
        {
            "x": 535.4262004603106,
            "y": 274.88451230748876,
            "z": -1.0
        },
        {
            "x": 397.33643008046937,
            "y": 264.96039231492216,
            "z": 2.2447023376774706
        },
        {
            "x": 364.09487321017565,
            "y": 280.1111433223935,
            "z": -1.0
        },
        {
            "x": 504.78436452409926,
            "y": 323.6841819928954,
            "z": -1.0
        },
        {
            "x": 481.35022534028235,
            "y": 349.57704162363825,
            "z": -0.9714455441175844
        },
        {
            "x": 418.15671691856846,
            "y": 219.48463487988445,
            "z": 8.56626891195734
        },
        {
            "x": 428.6317283447516,
            "y": 327.15096807535735,
            "z": 11.851756414854275
        },
        {
            "x": 527.2019224472733,
            "y": 418.60957082172825,
            "z": -1.0
        },
        {
            "x": 450.95950107867253,
            "y": 197.3596817986891,
            "z": -1.0
        },
        {
            "x": 328.03092742806126,
            "y": 212.2926458330846,
            "z": -0.6317585539250095
        },
        {
            "x": 439.6196873919479,
            "y": 176.78822311401098,
            "z": -1.0
        },
        {
            "x": 405.42187563907703,
            "y": 353.9822271280051,
            "z": 8.673723838638322
        },
        {
            "x": 423.486537728722,
            "y": 177.72747543960244,
            "z": -1.0
        },
        {
            "x": 398.2664355622435,
            "y": 338.25397878215267,
            "z": 7.221531633828434
        },
        {
            "x": 468.27220069083666,
            "y": 231.57988563836417,
            "z": -1.0
        },
        {
            "x": 533.9683620162812,
            "y": 344.36772014260407,
            "z": -1.0
        },
        {
            "x": 436.6553539591388,
            "y": 212.0355611285698,
            "z": -1.0
        },
        {
            "x": 361.0838236158027,
            "y": 284.6361656599619,
            "z": -1.0
        },
        {
            "x": 440.7193623954363,
            "y": 345.309820764966,
            "z": 26.541116188544905
        },
        {
            "x": 436.4150180725795,
            "y": 195.2027741109239,
            "z": -1.0
        },
        {
            "x": 360.2443436903562,
            "y": 283.2284983168004,
            "z": -1.0
        },
        {
            "x": 349.57728294611655,
            "y": 203.25539073297648,
            "z": -1.0
        },
        {
            "x": 420.03408546075957,
            "y": 287.90763347934455,
            "z": 8.373003236572712
        },
        {
            "x": 312.5242568721318,
            "y": 201.2870839419575,
            "z": -1.0
        },
        {
            "x": 465.5439682711723,
            "y": 378.4193395431544,
            "z": 16.26104752091768
        },
        {
            "x": 546.5904807987989,
            "y": 339.45412218251283,
            "z": -1.0
        },
        {
            "x": 505.5183827571288,
            "y": 216.1189390191135,
            "z": -1.0
        },
        {
            "x": 390.13551496324607,
            "y": 213.632510376099,
            "z": 4.3361480449606855
        },
        {
            "x": 463.5056788416578,
            "y": 360.18533880075944,
            "z": 21.833195079316507
        },
        {
            "x": 376.83569775370484,
            "y": 242.75453142164082,
            "z": -1.0
        },
        {
            "x": 373.76501878041614,
            "y": 340.61756572593396,
            "z": 13.455493910726737
        },
        {
            "x": 556.2021298348927,
            "y": 268.4601811911642,
            "z": -1.0
        },
        {
            "x": 394.85054212580064,
            "y": 352.32941627845685,
            "z": 6.934971877635705
        },
        {
            "x": 532.6887285308724,
            "y": 405.3251502373131,
            "z": -1.0
        },
        {
            "x": 376.10942711484876,
            "y": 346.8796873443727,
            "z": 11.371013773702817
        },
        {
            "x": 360.8576746904315,
            "y": 341.1002455838985,
            "z": 22.351024490225964
        },
        {
            "x": 302.80258993142695,
            "y": 199.7350992611554,
            "z": -0.6937610244006687
        },
        {
            "x": 516.5333545011454,
            "y": 315.954047692522,
            "z": -1.0
        },
        {
            "x": 563.5202451636484,
            "y": 261.914242029101,
            "z": -1.0
        },
        {
            "x": 370.3250415411359,
            "y": 368.6324053430055,
            "z": 11.735189313989054
        },
        {
            "x": 500.23675692964684,
            "y": 442.43046923457905,
            "z": -1.0
        },
        {
            "x": 457.4385000562846,
            "y": 246.24891665742732,
            "z": -1.0
        },
        {
            "x": 415.23007728055507,
            "y": 372.25786047110023,
            "z": 10.139319883491387
        },
        {
            "x": 329.34909216536454,
            "y": 241.41654867358554,
            "z": 12.403610225343627
        },
        {
            "x": 522.4734292745541,
            "y": 416.64159234749786,
            "z": -1.0
        },
        {
            "x": 510.2818703964812,
            "y": 230.8253404696029,
            "z": -1.0
        },
        {
            "x": 547.6755366764224,
            "y": 278.90240268963186,
            "z": -1.0
        },
        {
            "x": 508.0507052285129,
            "y": 320.32664170578363,
            "z": -1.0
        },
        {
            "x": 530.5569651049038,
            "y": 433.2508738719973,
            "z": -1.0
        },
        {
            "x": 342.3752924921457,
            "y": 210.00704517811542,
            "z": -0.762638094372262
        },
        {
            "x": 555.1828019445682,
            "y": 345.7668086189495,
            "z": -1.0
        },
        {
            "x": 420.0011144501995,
            "y": 298.9840724026447,
            "z": 8.79661423450331
        },
        {
            "x": 549.8609835617988,
            "y": 408.1642359524341,
            "z": -1.0
        },
        {
            "x": 372.6359922836136,
            "y": 315.8129413566826,
            "z": 4.230100671219827
        },
        {
            "x": 326.0335598729236,
            "y": 193.97999125129706,
            "z": -1.0
        },
        {
            "x": 412.9446069290861,
            "y": 179.13181166439009,
            "z": -1.0
        },
        {
            "x": 313.9578588947846,
            "y": 202.19310598820994,
            "z": -1.0
        },
        {
            "x": 473.9227315446912,
            "y": 230.87106005125725,
            "z": -1.0
        },
        {
            "x": 424.53741845583505,
            "y": 239.09308489595006,
            "z": -0.31561845006996303
        },
        {
            "x": 541.4928829758687,
            "y": 299.37239288931585,
            "z": -1.0
        },
        {
            "x": 508.99011121438787,
            "y": 401.7838531248017,
            "z": -1.0
        },
        {
            "x": 420.69676605416817,
            "y": 172.1090149235851,
            "z": -1.0
        },
        {
            "x": 376.3847486951586,
            "y": 271.4666579486038,
            "z": -1.0
        },
        {
            "x": 571.0204116389261,
            "y": 345.6155141454781,
            "z": -1.0
        },
        {
            "x": 440.04207580202416,
            "y": 385.4726363823755,
            "z": 35.532338241980554
        },
        {
            "x": 586.3226175353508,
            "y": 333.4734996699514,
            "z": -1.0
        },
        {
            "x": 507.1177262976334,
            "y": 224.17758124787701,
            "z": -1.0
        },
        {
            "x": 587.2572367641966,
            "y": 266.62026391969795,
            "z": -1.0
        },
        {
            "x": 337.8623134341119,
            "y": 174.513737086754,
            "z": -1.0
        },
        {
            "x": 391.7574004152407,
            "y": 223.34089465045827,
            "z": 2.6855695480939636
        },
        {
            "x": 412.57527233466084,
            "y": 225.9329419974514,
            "z": 7.776271752132356
        },
        {
            "x": 436.9525134213995,
            "y": 394.68921142575095,
            "z": 25.223293641800332
        },
        {
            "x": 455.6456778272706,
            "y": 212.94563618470696,
            "z": -1.0
        },
        {
            "x": 556.5755549483588,
            "y": 361.5598773030988,
            "z": -1.0
        },
        {
            "x": 315.9217156053311,
            "y": 172.8064066620154,
            "z": -1.0
        },
        {
            "x": 473.64862390259054,
            "y": 189.90241507833073,
            "z": -1.0
        },
        {
            "x": 480.80771074268335,
            "y": 395.82941588528985,
            "z": 4.004700937652184
        },
        {
            "x": 572.5214145315488,
            "y": 405.4610685123241,
            "z": -1.0
        },
        {
            "x": 326.11170541488156,
            "y": 234.0180290066396,
            "z": 2.8075647401602346
        },
        {
            "x": 593.2645130514552,
            "y": 273.2668586125,
            "z": -1.0
        },
        {
            "x": 449.9693184706125,
            "y": 383.7202152298319,
            "z": 32.010345877745266
        },
        {
            "x": 425.85608566739586,
            "y": 256.9529789741598,
            "z": 0.7760423949346049
        },
        {
            "x": 384.02571646289465,
            "y": 212.99788864199243,
            "z": 0.25757132779633984
        },
        {
            "x": 385.2359627495226,
            "y": 343.24691660924276,
            "z": 7.887787195551933
        },
        {
            "x": 517.8713763333976,
            "y": 338.14890609746715,
            "z": -1.0
        },
        {
            "x": 402.4962022465579,
            "y": 251.7102950020206,
            "z": 5.213721922465264
        },
        {
            "x": 345.9033317005863,
            "y": 220.02020535370116,
            "z": -0.002020535370115706
        },
        {
            "x": 566.9007995038312,
            "y": 411.5682932549176,
            "z": -1.0
        },
        {
            "x": 430.86372198141964,
            "y": 260.8328739291209,
            "z": -0.44575061942956506
        },
        {
            "x": 509.5070519320532,
            "y": 383.67418802385225,
            "z": -1.0
        },
        {
            "x": 340.45043887051065,
            "y": 252.88572749032312,
            "z": 3.7885165867563915
        },
        {
            "x": 323.1615992502275,
            "y": 229.48664419527586,
            "z": 0.9622498521478029
        },
        {
            "x": 540.9480892397585,
            "y": 354.93207088948543,
            "z": -1.0
        },
        {
            "x": 420.304968148298,
            "y": 401.99531380263045,
            "z": 18.968936266917733
        },
        {
            "x": 470.8868227955938,
            "y": 355.1433118512217,
            "z": 7.088835604054889
        },
        {
            "x": 551.1729999653803,
            "y": 369.457663715558,
            "z": -1.0
        },
        {
            "x": 576.166860071886,
            "y": 268.7035537453403,
            "z": -1.0
        },
        {
            "x": 538.4622926495555,
            "y": 327.76825412395203,
            "z": -1.0
        }
    ],
    "center": {
        "x": 470.3196914790207,
        "y": 296.90145487517066,
        "z": 0.0
    },
    "radius": 25
}