{
    "W": 1000,
    "H": 1000,
    "depth": 1.0,
    "height": 10.0,
    "num_of_relays": 200,
    "num_of_sensors": 400,
    "relays": [
        {
            "x": 700.0095235418407,
            "y": 525.2114414231447,
            "z": 10.0
        },
        {
            "x": 643.2963630231895,
            "y": 499.86907009583695,
            "z": 10.0
        },
        {
            "x": 666.6752018091443,
            "y": 476.23001830217027,
            "z": 10.0
        },
        {
            "x": 690.4102235965998,
            "y": 489.06706398407783,
            "z": 10.0
        },
        {
            "x": 696.1692613638143,
            "y": 508.7846781680747,
            "z": 10.0
        },
        {
            "x": 627.0802770688738,
            "y": 516.8949116444695,
            "z": 10.0
        },
        {
            "x": 679.2791404280058,
            "y": 553.9396230388236,
            "z": 10.0
        },
        {
            "x": 667.5565982561834,
            "y": 551.5224528714567,
            "z": 10.0
        },
        {
            "x": 668.5363231054813,
            "y": 506.6398631159607,
            "z": 10.0
        },
        {
            "x": 703.5444049362296,
            "y": 527.4161546785025,
            "z": 10.0
        },
        {
            "x": 639.085124641081,
            "y": 491.93377818872983,
            "z": 10.0
        },
        {
            "x": 684.9201699112363,
            "y": 516.1312792363997,
            "z": 10.0
        },
        {
            "x": 637.4683061634405,
            "y": 480.1531554047083,
            "z": 10.0
        },
        {
            "x": 667.4710337067883,
            "y": 501.5590949496982,
            "z": 10.0
        },
        {
            "x": 665.6842514529143,
            "y": 541.1728711091462,
            "z": 10.0
        },
        {
            "x": 624.0910210863353,
            "y": 507.17739622499715,
            "z": 10.0
        },
        {
            "x": 685.1816061133137,
            "y": 523.1450560358777,
            "z": 10.0
        },
        {
            "x": 659.260775243235,
            "y": 461.4370213160507,
            "z": 10.0
        },
        {
            "x": 671.6926548446625,
            "y": 513.8365983247204,
            "z": 10.0
        },
        {
            "x": 672.0417025166327,
            "y": 544.1700426716964,
            "z": 10.0
        },
        {
            "x": 635.42468372712,
            "y": 537.6620313582264,
            "z": 10.0
        },
        {
            "x": 673.6921881485247,
            "y": 548.5181443379686,
            "z": 10.0
        },
        {
            "x": 624.4832529476892,
            "y": 538.3805846157179,
            "z": 10.0
        },
        {
            "x": 678.4915896677917,
            "y": 539.3899166332908,
            "z": 10.0
        },
        {
            "x": 625.6951000505734,
            "y": 536.1146064537279,
            "z": 10.0
        },
        {
            "x": 655.0463768082508,
            "y": 554.3593158430477,
            "z": 10.0
        },
        {
            "x": 672.318782347614,
            "y": 538.5588252901298,
            "z": 10.0
        },
        {
            "x": 673.7763569770335,
            "y": 487.39088517680904,
            "z": 10.0
        },
        {
            "x": 670.6312086329352,
            "y": 519.663041756016,
            "z": 10.0
        },
        {
            "x": 646.0955382481309,
            "y": 506.0832291946638,
            "z": 10.0
        },
        {
            "x": 675.7979365875744,
            "y": 531.4891297958596,
            "z": 10.0
        },
        {
            "x": 633.9052322433505,
            "y": 531.5929711036491,
            "z": 10.0
        },
        {
            "x": 649.2732230214781,
            "y": 481.5229082067891,
            "z": 10.0
        },
        {
            "x": 663.224202012574,
            "y": 467.59396152826815,
            "z": 10.0
        },
        {
            "x": 644.50421400214,
            "y": 553.6964779126669,
            "z": 10.0
        },
        {
            "x": 641.319136318524,
            "y": 468.14486000342424,
            "z": 10.0
        },
        {
            "x": 642.2242065899371,
            "y": 479.6965264610784,
            "z": 10.0
        },
        {
            "x": 671.101595937563,
            "y": 523.6188498795916,
            "z": 10.0
        },
        {
            "x": 622.0948684735185,
            "y": 506.6248459938774,
            "z": 10.0
        },
        {
            "x": 662.3125234393308,
            "y": 480.3328067786028,
            "z": 10.0
        },
        {
            "x": 626.3726489095021,
            "y": 512.2221478875833,
            "z": 10.0
        },
        {
            "x": 672.9353178338733,
            "y": 510.27752635642196,
            "z": 10.0
        },
        {
            "x": 698.2223417266073,
            "y": 502.83756994103214,
            "z": 10.0
        },
        {
            "x": 698.0543618603696,
            "y": 496.0371660583428,
            "z": 10.0
        },
        {
            "x": 658.35887928927,
            "y": 492.3120329323877,
            "z": 10.0
        },
        {
            "x": 677.826518074839,
            "y": 509.4011664060475,
            "z": 10.0
        },
        {
            "x": 637.4426354832913,
            "y": 481.8129915647703,
            "z": 10.0
        },
        {
            "x": 663.6664885441882,
            "y": 553.9457904434689,
            "z": 10.0
        },
        {
            "x": 624.2398280613629,
            "y": 515.5777940212827,
            "z": 10.0
        },
        {
            "x": 653.4281801452488,
            "y": 501.8087068141065,
            "z": 10.0
        },
        {
            "x": 680.6623199066428,
            "y": 500.4279445755653,
            "z": 10.0
        },
        {
            "x": 650.5464665157442,
            "y": 522.7713749860669,
            "z": 10.0
        },
        {
            "x": 635.8312374748149,
            "y": 548.8937329668531,
            "z": 10.0
        },
        {
            "x": 639.2029272917837,
            "y": 482.06080074228794,
            "z": 10.0
        },
        {
            "x": 689.181136739534,
            "y": 531.7166849987741,
            "z": 10.0
        },
        {
            "x": 650.0740819431037,
            "y": 512.8055704288456,
            "z": 10.0
        },
        {
            "x": 619.2676246097017,
            "y": 503.27730932609296,
            "z": 10.0
        },
        {
            "x": 675.7029135105598,
            "y": 541.4775653893946,
            "z": 10.0
        },
        {
            "x": 628.0878888034944,
            "y": 496.6375348511001,
            "z": 10.0
        },
        {
            "x": 698.8715392007814,
            "y": 512.7135200128478,
            "z": 10.0
        },
        {
            "x": 709.4996256801551,
            "y": 504.7751643989047,
            "z": 10.0
        },
        {
            "x": 689.0034037964886,
            "y": 544.8528647118015,
            "z": 10.0
        },
        {
            "x": 654.701661825482,
            "y": 464.685531005265,
            "z": 10.0
        },
        {
            "x": 668.4783041676588,
            "y": 554.2324296717035,
            "z": 10.0
        },
        {
            "x": 632.1815891891453,
            "y": 485.1093632394359,
            "z": 10.0
        },
        {
            "x": 679.2878272733527,
            "y": 532.500886678912,
            "z": 10.0
        },
        {
            "x": 662.0873703659638,
            "y": 555.3060700220458,
            "z": 10.0
        },
        {
            "x": 630.5888736863981,
            "y": 482.28161541550406,
            "z": 10.0
        },
        {
            "x": 616.6599163195549,
            "y": 520.4672584327469,
            "z": 10.0
        },
        {
            "x": 666.6228780110949,
            "y": 478.8281973653248,
            "z": 10.0
        },
        {
            "x": 645.0714018988934,
            "y": 531.6139517986594,
            "z": 10.0
        },
        {
            "x": 680.7370293728515,
            "y": 491.20156950837656,
            "z": 10.0
        },
        {
            "x": 630.023544582659,
            "y": 532.732800781307,
            "z": 10.0
        },
        {
            "x": 685.9373503206451,
            "y": 470.1991644693693,
            "z": 10.0
        },
        {
            "x": 645.1271193464366,
            "y": 484.79350749661296,
            "z": 10.0
        },
        {
            "x": 657.1393064272909,
            "y": 522.9077412971851,
            "z": 10.0
        },
        {
            "x": 652.6889721409018,
            "y": 537.060453880834,
            "z": 10.0
        },
        {
            "x": 645.0539495183839,
            "y": 511.9945951478297,
            "z": 10.0
        },
        {
            "x": 672.826129460772,
            "y": 533.0458321636139,
            "z": 10.0
        },
        {
            "x": 683.6880717938121,
            "y": 542.9793582874778,
            "z": 10.0
        },
        {
            "x": 700.8541130069015,
            "y": 485.21111170368914,
            "z": 10.0
        },
        {
            "x": 670.4336917075387,
            "y": 524.2684748172945,
            "z": 10.0
        },
        {
            "x": 674.0147191809672,
            "y": 539.3490055899144,
            "z": 10.0
        },
        {
            "x": 652.3834181292569,
            "y": 463.48430961828666,
            "z": 10.0
        },
        {
            "x": 699.5314286356598,
            "y": 486.3372595844514,
            "z": 10.0
        },
        {
            "x": 627.727741132587,
            "y": 501.2890011854446,
            "z": 10.0
        },
        {
            "x": 673.9009334833031,
            "y": 522.5602314841185,
            "z": 10.0
        },
        {
            "x": 639.3421560438517,
            "y": 528.0718714387577,
            "z": 10.0
        },
        {
            "x": 669.0886165826269,
            "y": 492.0379254989851,
            "z": 10.0
        },
        {
            "x": 648.0121430694595,
            "y": 546.0217964310465,
            "z": 10.0
        },
        {
            "x": 648.0095707667421,
            "y": 539.4671515712741,
            "z": 10.0
        },
        {
            "x": 682.1286656632137,
            "y": 519.082218307062,
            "z": 10.0
        },
        {
            "x": 626.5383270048462,
            "y": 493.98502619216345,
            "z": 10.0
        },
        {
            "x": 662.4700310868302,
            "y": 551.2128440035921,
            "z": 10.0
        },
        {
            "x": 693.1932049288183,
            "y": 509.6438436494105,
            "z": 10.0
        },
        {
            "x": 702.6730292054551,
            "y": 509.12653871567693,
            "z": 10.0
        },
        {
            "x": 677.6381638417695,
            "y": 491.2847041215853,
            "z": 10.0
        },
        {
            "x": 672.4272322619881,
            "y": 480.44722261046525,
            "z": 10.0
        },
        {
            "x": 673.0153423223461,
            "y": 508.9195196685217,
            "z": 10.0
        },
        {
            "x": 698.9108086762071,
            "y": 516.3064602840961,
            "z": 10.0
        },
        {
            "x": 679.5505340107642,
            "y": 524.1107424514541,
            "z": 10.0
        },
        {
            "x": 681.5916716898049,
            "y": 495.6298038543056,
            "z": 10.0
        },
        {
            "x": 687.0389462321522,
            "y": 534.2851469602114,
            "z": 10.0
        },
        {
            "x": 671.4702958583028,
            "y": 549.1727847034689,
            "z": 10.0
        },
        {
            "x": 664.7796047058584,
            "y": 521.9710444873748,
            "z": 10.0
        },
        {
            "x": 700.4160524616861,
            "y": 483.9679986966826,
            "z": 10.0
        },
        {
            "x": 659.35353777569,
            "y": 490.21846053403294,
            "z": 10.0
        },
        {
            "x": 662.9537814963769,
            "y": 498.24458857196464,
            "z": 10.0
        },
        {
            "x": 676.389229972467,
            "y": 547.7288599076458,
            "z": 10.0
        },
        {
            "x": 695.4708600349784,
            "y": 476.94600621921404,
            "z": 10.0
        },
        {
            "x": 667.2152191779536,
            "y": 549.497724391836,
            "z": 10.0
        },
        {
            "x": 693.6207383641432,
            "y": 534.8769420212252,
            "z": 10.0
        },
        {
            "x": 681.4004392423911,
            "y": 531.0156807022731,
            "z": 10.0
        },
        {
            "x": 676.8528306958751,
            "y": 483.28796211741695,
            "z": 10.0
        },
        {
            "x": 619.9610334313932,
            "y": 487.853466923134,
            "z": 10.0
        },
        {
            "x": 707.3991258406567,
            "y": 523.1298221932616,
            "z": 10.0
        },
        {
            "x": 654.561025451122,
            "y": 553.4568166034527,
            "z": 10.0
        },
        {
            "x": 624.6274861108409,
            "y": 482.7362608934408,
            "z": 10.0
        },
        {
            "x": 697.6121379917981,
            "y": 481.96395973122577,
            "z": 10.0
        },
        {
            "x": 693.9410355851312,
            "y": 490.85328038752243,
            "z": 10.0
        },
        {
            "x": 652.6765168064497,
            "y": 526.290604048973,
            "z": 10.0
        },
        {
            "x": 641.6223485563544,
            "y": 537.7935423500297,
            "z": 10.0
        },
        {
            "x": 651.1377991756076,
            "y": 516.1537975555816,
            "z": 10.0
        },
        {
            "x": 648.2394458486566,
            "y": 523.3309882604074,
            "z": 10.0
        },
        {
            "x": 649.2487207518608,
            "y": 478.52899530184635,
            "z": 10.0
        },
        {
            "x": 701.2690356645843,
            "y": 479.4861135653001,
            "z": 10.0
        },
        {
            "x": 657.3805198769658,
            "y": 542.7271983236651,
            "z": 10.0
        },
        {
            "x": 661.5485889437164,
            "y": 497.0925316015324,
            "z": 10.0
        },
        {
            "x": 660.3742402593181,
            "y": 491.78614087941907,
            "z": 10.0
        },
        {
            "x": 700.7827079310495,
            "y": 481.0563516384103,
            "z": 10.0
        },
        {
            "x": 641.4531989561997,
            "y": 553.4715320675384,
            "z": 10.0
        },
        {
            "x": 687.3727024043209,
            "y": 546.4983148258259,
            "z": 10.0
        },
        {
            "x": 658.3689591129763,
            "y": 511.42940463537013,
            "z": 10.0
        },
        {
            "x": 704.7063131301285,
            "y": 506.52190477964274,
            "z": 10.0
        },
        {
            "x": 634.6794236624743,
            "y": 485.22538782782976,
            "z": 10.0
        },
        {
            "x": 650.0966096348121,
            "y": 546.2825433527909,
            "z": 10.0
        },
        {
            "x": 667.6664869802703,
            "y": 478.6171944789231,
            "z": 10.0
        },
        {
            "x": 640.1731034620898,
            "y": 488.32557852809435,
            "z": 10.0
        },
        {
            "x": 693.9975517136047,
            "y": 541.5330219467659,
            "z": 10.0
        },
        {
            "x": 665.1539700745935,
            "y": 494.27773011529416,
            "z": 10.0
        },
        {
            "x": 708.455948316521,
            "y": 497.3175274862633,
            "z": 10.0
        },
        {
            "x": 626.3888481856887,
            "y": 486.6180993821716,
            "z": 10.0
        },
        {
            "x": 674.3761908015566,
            "y": 464.8413694854123,
            "z": 10.0
        },
        {
            "x": 668.3410453695022,
            "y": 545.5673417918309,
            "z": 10.0
        },
        {
            "x": 625.4752248647072,
            "y": 540.3172665696273,
            "z": 10.0
        },
        {
            "x": 629.6774803174274,
            "y": 517.0727628344292,
            "z": 10.0
        },
        {
            "x": 665.3054697935759,
            "y": 557.405576175751,
            "z": 10.0
        },
        {
            "x": 694.3746517896851,
            "y": 540.8526235074864,
            "z": 10.0
        },
        {
            "x": 623.4948722191642,
            "y": 507.87587332358254,
            "z": 10.0
        },
        {
            "x": 700.667409848955,
            "y": 532.3373169736561,
            "z": 10.0
        },
        {
            "x": 641.9941524291944,
            "y": 527.5687399868317,
            "z": 10.0
        },
        {
            "x": 696.9813890144361,
            "y": 532.593311435429,
            "z": 10.0
        },
        {
            "x": 677.7211197257213,
            "y": 499.77748749314355,
            "z": 10.0
        },
        {
            "x": 679.2946177516266,
            "y": 502.9159152020957,
            "z": 10.0
        },
        {
            "x": 629.7015696511197,
            "y": 491.75316893204257,
            "z": 10.0
        },
        {
            "x": 626.6567306470218,
            "y": 502.144000752204,
            "z": 10.0
        },
        {
            "x": 633.1016379014375,
            "y": 529.8586343117767,
            "z": 10.0
        },
        {
            "x": 681.7039619217386,
            "y": 524.4335624351105,
            "z": 10.0
        },
        {
            "x": 648.6434208033896,
            "y": 494.9622425810709,
            "z": 10.0
        },
        {
            "x": 630.2509282983068,
            "y": 478.66360659300665,
            "z": 10.0
        },
        {
            "x": 654.6654175729274,
            "y": 476.72928051325346,
            "z": 10.0
        },
        {
            "x": 678.7174385778748,
            "y": 467.7960351836219,
            "z": 10.0
        },
        {
            "x": 650.3955599156576,
            "y": 485.71747209240635,
            "z": 10.0
        },
        {
            "x": 673.5733606568198,
            "y": 508.61763545005255,
            "z": 10.0
        },
        {
            "x": 620.7120257577534,
            "y": 511.85961449192854,
            "z": 10.0
        },
        {
            "x": 676.1832285943415,
            "y": 512.6721491896385,
            "z": 10.0
        },
        {
            "x": 676.8449389997421,
            "y": 525.0614452094618,
            "z": 10.0
        },
        {
            "x": 710.6204403218914,
            "y": 508.81017363272707,
            "z": 10.0
        },
        {
            "x": 646.6817357440785,
            "y": 464.16891382309444,
            "z": 10.0
        },
        {
            "x": 617.2951925805758,
            "y": 499.7449915473854,
            "z": 10.0
        },
        {
            "x": 683.4852626502391,
            "y": 528.3752682134727,
            "z": 10.0
        },
        {
            "x": 657.3864127984112,
            "y": 530.7918861594496,
            "z": 10.0
        },
        {
            "x": 640.0612847919482,
            "y": 538.4313642388231,
            "z": 10.0
        },
        {
            "x": 669.7379646051924,
            "y": 532.0161193123419,
            "z": 10.0
        },
        {
            "x": 644.8719976499111,
            "y": 510.4429929095513,
            "z": 10.0
        },
        {
            "x": 667.7853052711438,
            "y": 517.3343642007336,
            "z": 10.0
        },
        {
            "x": 622.2966970015633,
            "y": 531.6485407299791,
            "z": 10.0
        },
        {
            "x": 676.7103777604192,
            "y": 540.1349998763657,
            "z": 10.0
        },
        {
            "x": 625.6929331825802,
            "y": 513.9220510184157,
            "z": 10.0
        },
        {
            "x": 677.2800389684165,
            "y": 548.5924530850863,
            "z": 10.0
        },
        {
            "x": 651.9967710309877,
            "y": 521.8806975920263,
            "z": 10.0
        },
        {
            "x": 631.9151549469218,
            "y": 521.5248421808328,
            "z": 10.0
        },
        {
            "x": 680.5457589979324,
            "y": 467.4280745489855,
            "z": 10.0
        },
        {
            "x": 654.5178207833134,
            "y": 502.8904929503557,
            "z": 10.0
        },
        {
            "x": 672.4991543382768,
            "y": 528.6164238281084,
            "z": 10.0
        },
        {
            "x": 629.4357008716659,
            "y": 478.8165671978032,
            "z": 10.0
        },
        {
            "x": 637.9766114907707,
            "y": 531.605372466796,
            "z": 10.0
        },
        {
            "x": 704.2012794167442,
            "y": 485.384523376861,
            "z": 10.0
        },
        {
            "x": 685.3153037651488,
            "y": 473.5719910313416,
            "z": 10.0
        },
        {
            "x": 650.9027794939055,
            "y": 518.0168943383718,
            "z": 10.0
        },
        {
            "x": 685.9605906307179,
            "y": 474.8179707210849,
            "z": 10.0
        },
        {
            "x": 684.485451902523,
            "y": 492.7080942533014,
            "z": 10.0
        },
        {
            "x": 619.5355798046668,
            "y": 504.6984537375663,
            "z": 10.0
        },
        {
            "x": 685.7240593925626,
            "y": 493.72786816544743,
            "z": 10.0
        },
        {
            "x": 698.8945561939753,
            "y": 492.1684389396994,
            "z": 10.0
        },
        {
            "x": 625.2351836817168,
            "y": 514.8998631480788,
            "z": 10.0
        },
        {
            "x": 650.5701895474209,
            "y": 493.50196804471045,
            "z": 10.0
        },
        {
            "x": 663.1427365510403,
            "y": 510.5819630474596,
            "z": 10.0
        },
        {
            "x": 683.8419250377226,
            "y": 549.7277847641408,
            "z": 10.0
        },
        {
            "x": 683.5125962552141,
            "y": 541.6837671556954,
            "z": 10.0
        }
    ],
    "sensors": [
        {
            "x": 692.8980504390879,
            "y": 593.4147425274592,
            "z": -1.0
        },
        {
            "x": 658.1036129074353,
            "y": 419.1425869781119,
            "z": -1.0
        },
        {
            "x": 626.6666565957127,
            "y": 590.3498592828624,
            "z": -1.0
        },
        {
            "x": 646.7064004047181,
            "y": 561.7067586365571,
            "z": -1.0
        },
        {
            "x": 735.1521095535697,
            "y": 522.0884554276863,
            "z": -1.0
        },
        {
            "x": 732.780113637301,
            "y": 490.3602232324247,
            "z": -1.0
        },
        {
            "x": 613.7032201528955,
            "y": 482.85214728215806,
            "z": -1.0
        },
        {
            "x": 654.2531280551397,
            "y": 570.0311379846502,
            "z": -1.0
        },
        {
            "x": 662.8666485946112,
            "y": 447.44304115278663,
            "z": -1.0
        },
        {
            "x": 721.111774138689,
            "y": 545.9009362160612,
            "z": -1.0
        },
        {
            "x": 605.433281555445,
            "y": 547.3233205064672,
            "z": -1.0
        },
        {
            "x": 588.2373768572478,
            "y": 509.50469708000844,
            "z": -1.0
        },
        {
            "x": 694.8085942393838,
            "y": 573.2162960028035,
            "z": -1.0
        },
        {
            "x": 588.6902897173179,
            "y": 480.2257825662211,
            "z": -1.0
        },
        {
            "x": 679.4533931865875,
            "y": 578.2529164443836,
            "z": -1.0
        },
        {
            "x": 665.6769876767731,
            "y": 438.6469110768904,
            "z": -1.0
        },
        {
            "x": 683.4433748854873,
            "y": 430.44211962712274,
            "z": -1.0
        },
        {
            "x": 615.967773424581,
            "y": 443.12800551501886,
            "z": -1.0
        },
        {
            "x": 677.9681546906729,
            "y": 436.81408181725965,
            "z": -1.0
        },
        {
            "x": 581.5084435983316,
            "y": 528.4189185729093,
            "z": -1.0
        },
        {
            "x": 750.4448791326657,
            "y": 540.3909274550463,
            "z": -1.0
        },
        {
            "x": 708.4818927507969,
            "y": 533.3500061726515,
            "z": -1.0
        },
        {
            "x": 589.109735597663,
            "y": 526.9576717412319,
            "z": -1.0
        },
        {
            "x": 650.8119246738261,
            "y": 461.1730922221745,
            "z": -1.0
        },
        {
            "x": 596.5135672449918,
            "y": 474.20989773293144,
            "z": -1.0
        },
        {
            "x": 629.8537028581741,
            "y": 566.244243054251,
            "z": -1.0
        },
        {
            "x": 728.1315967081407,
            "y": 490.56504745588256,
            "z": -1.0
        },
        {
            "x": 591.3097139739237,
            "y": 471.84136666534727,
            "z": -1.0
        },
        {
            "x": 647.1504538228841,
            "y": 591.7690672057132,
            "z": -1.0
        },
        {
            "x": 597.5555936457789,
            "y": 534.4162577244214,
            "z": -1.0
        },
        {
            "x": 702.8029735157508,
            "y": 437.71018483985335,
            "z": -1.0
        },
        {
            "x": 629.118687853742,
            "y": 445.36562105173226,
            "z": -1.0
        },
        {
            "x": 705.070673007422,
            "y": 467.27767945368015,
            "z": -1.0
        },
        {
            "x": 750.3428452065377,
            "y": 532.9611465758502,
            "z": -1.0
        },
        {
            "x": 582.7898178371745,
            "y": 503.2576316053794,
            "z": -1.0
        },
        {
            "x": 673.949938404722,
            "y": 586.0350813693685,
            "z": -1.0
        },
        {
            "x": 724.4846687660831,
            "y": 512.7698933443755,
            "z": -1.0
        },
        {
            "x": 702.1188975658479,
            "y": 453.42127572830816,
            "z": -1.0
        },
        {
            "x": 607.15044442276,
            "y": 576.2464685545273,
            "z": -1.0
        },
        {
            "x": 730.7960776286327,
            "y": 517.572595890865,
            "z": -1.0
        },
        {
            "x": 638.3869800932729,
            "y": 466.06952573465367,
            "z": -1.0
        },
        {
            "x": 668.8566781400762,
            "y": 562.9330547334795,
            "z": -1.0
        },
        {
            "x": 715.3463321647531,
            "y": 528.8333200315851,
            "z": -1.0
        },
        {
            "x": 601.9351993198537,
            "y": 487.29769968223667,
            "z": -1.0
        },
        {
            "x": 699.6785763762002,
            "y": 426.1339384139354,
            "z": -1.0
        },
        {
            "x": 657.2999525132186,
            "y": 454.10409432970044,
            "z": -1.0
        },
        {
            "x": 597.2701045615183,
            "y": 493.04338631689524,
            "z": -1.0
        },
        {
            "x": 729.2523546556407,
            "y": 467.3455574470816,
            "z": -1.0
        },
        {
            "x": 674.4585706460236,
            "y": 567.0728691212289,
            "z": -1.0
        },
        {
            "x": 592.6521393379003,
            "y": 478.6980752135993,
            "z": -1.0
        },
        {
            "x": 601.1435638808114,
            "y": 570.6276037052055,
            "z": -1.0
        },
        {
            "x": 718.0949864000635,
            "y": 548.5336340369986,
            "z": -1.0
        },
        {
            "x": 729.1109033033816,
            "y": 500.24112943171417,
            "z": -1.0
        },
        {
            "x": 736.251160169436,
            "y": 485.1185658963879,
            "z": -1.0
        },
        {
            "x": 754.1313616509033,
            "y": 517.8646636307395,
            "z": -1.0
        },
        {
            "x": 749.2078968485282,
            "y": 509.1180517183923,
            "z": -1.0
        },
        {
            "x": 601.9116568590993,
            "y": 556.4022135311368,
            "z": -1.0
        },
        {
            "x": 725.2199527801234,
            "y": 499.2894770444474,
            "z": -1.0
        },
        {
            "x": 606.4238641105645,
            "y": 435.10608986539836,
            "z": -1.0
        },
        {
            "x": 727.0858847051601,
            "y": 485.32245982707946,
            "z": -1.0
        },
        {
            "x": 706.5053706045746,
            "y": 578.303980985489,
            "z": -1.0
        },
        {
            "x": 673.8827429577734,
            "y": 574.0631572716588,
            "z": -1.0
        },
        {
            "x": 726.221335506973,
            "y": 524.6896454594756,
            "z": -1.0
        },
        {
            "x": 713.0656504904279,
            "y": 574.5185460796298,
            "z": -1.0
        },
        {
            "x": 642.346341445887,
            "y": 453.365556700841,
            "z": -1.0
        },
        {
            "x": 722.6936611362968,
            "y": 480.7653046624374,
            "z": -1.0
        },
        {
            "x": 651.4498605691231,
            "y": 601.3639765842806,
            "z": -1.0
        },
        {
            "x": 570.6391303083392,
            "y": 502.16273723435125,
            "z": -1.0
        },
        {
            "x": 625.8548666869042,
            "y": 576.6339314408629,
            "z": -1.0
        },
        {
            "x": 612.7960718504718,
            "y": 537.7166433777418,
            "z": -1.0
        },
        {
            "x": 727.1795944148446,
            "y": 471.8522625514109,
            "z": -1.0
        },
        {
            "x": 705.3300962495337,
            "y": 458.9888197307334,
            "z": -1.0
        },
        {
            "x": 658.7530134007118,
            "y": 456.3808406339683,
            "z": -1.0
        },
        {
            "x": 725.0675949897744,
            "y": 453.7975404560285,
            "z": -1.0
        },
        {
            "x": 750.0608997146336,
            "y": 469.81807045095655,
            "z": -1.0
        },
        {
            "x": 631.076540820922,
            "y": 446.68513060434776,
            "z": -1.0
        },
        {
            "x": 724.2010236994512,
            "y": 557.7572985647893,
            "z": -1.0
        },
        {
            "x": 753.4243439925937,
            "y": 504.09812652667387,
            "z": -1.0
        },
        {
            "x": 589.2606081555026,
            "y": 460.5077339782174,
            "z": -1.0
        },
        {
            "x": 654.2003197393437,
            "y": 425.42516738158986,
            "z": -1.0
        },
        {
            "x": 688.2729915740292,
            "y": 578.0825328487135,
            "z": -1.0
        },
        {
            "x": 701.4851364339216,
            "y": 570.6077123466678,
            "z": -1.0
        },
        {
            "x": 691.4679635122691,
            "y": 419.2981936470018,
            "z": -1.0
        },
        {
            "x": 584.302479941992,
            "y": 486.0006536926871,
            "z": -1.0
        },
        {
            "x": 610.4025045463546,
            "y": 562.197435618159,
            "z": -1.0
        },
        {
            "x": 718.2183862926655,
            "y": 567.392715049028,
            "z": -1.0
        },
        {
            "x": 729.2315447677387,
            "y": 522.3852173068934,
            "z": -1.0
        },
        {
            "x": 596.7768892926691,
            "y": 558.3287160643841,
            "z": -1.0
        },
        {
            "x": 601.4693758882592,
            "y": 512.7540859628657,
            "z": -1.0
        },
        {
            "x": 630.4769799116104,
            "y": 566.8355249908991,
            "z": -1.0
        },
        {
            "x": 623.370154097286,
            "y": 444.00254719237876,
            "z": -1.0
        },
        {
            "x": 667.7197832487285,
            "y": 566.06526196039,
            "z": -1.0
        },
        {
            "x": 599.6783060992545,
            "y": 545.6825936841103,
            "z": -1.0
        },
        {
            "x": 601.0020920080332,
            "y": 473.4634482533102,
            "z": -1.0
        },
        {
            "x": 650.5957492921192,
            "y": 447.40356513055247,
            "z": -1.0
        },
        {
            "x": 695.5620814842242,
            "y": 429.3209439010548,
            "z": -1.0
        },
        {
            "x": 713.0168033321063,
            "y": 524.681392829396,
            "z": -1.0
        },
        {
            "x": 605.6322901989091,
            "y": 545.1945722137079,
            "z": -1.0
        },
        {
            "x": 665.0958682236962,
            "y": 415.0268470005063,
            "z": -1.0
        },
        {
            "x": 742.3372246735714,
            "y": 547.7375745277889,
            "z": -1.0
        },
        {
            "x": 610.7813512801754,
            "y": 460.4939567024467,
            "z": -1.0
        },
        {
            "x": 684.1701492528765,
            "y": 449.74142914243487,
            "z": -1.0
        },
        {
            "x": 635.977741051527,
            "y": 427.87316979721845,
            "z": -1.0
        },
        {
            "x": 705.2660888449537,
            "y": 435.7133304410908,
            "z": -1.0
        },
        {
            "x": 723.6734985441957,
            "y": 523.3589344945287,
            "z": -1.0
        },
        {
            "x": 709.7477105329884,
            "y": 469.31992848937654,
            "z": -1.0
        },
        {
            "x": 679.4336482367994,
            "y": 598.4322815857984,
            "z": -1.0
        },
        {
            "x": 615.1398629438551,
            "y": 541.327370785612,
            "z": -1.0
        },
        {
            "x": 719.887040399975,
            "y": 453.92753934906807,
            "z": -1.0
        },
        {
            "x": 739.7873669725512,
            "y": 497.9068776835979,
            "z": -1.0
        },
        {
            "x": 684.1380862720029,
            "y": 461.8730465836818,
            "z": -1.0
        },
        {
            "x": 717.7861461324923,
            "y": 501.36339108372584,
            "z": -1.0
        },
        {
            "x": 577.5478795820555,
            "y": 506.556735596337,
            "z": -1.0
        },
        {
            "x": 735.1023838699234,
            "y": 489.5614837116079,
            "z": -1.0
        },
        {
            "x": 749.6302532302427,
            "y": 475.00209921556893,
            "z": -1.0
        },
        {
            "x": 610.0706685344815,
            "y": 458.0188584664476,
            "z": -1.0
        },
        {
            "x": 596.0090153883407,
            "y": 517.9645815418829,
            "z": -1.0
        },
        {
            "x": 595.2949663960771,
            "y": 485.0523692799922,
            "z": -1.0
        },
        {
            "x": 633.5432306606501,
            "y": 556.0543856226643,
            "z": -1.0
        },
        {
            "x": 597.5407762684175,
            "y": 449.553041876937,
            "z": -1.0
        },
        {
            "x": 636.7967988542738,
            "y": 586.4348298230711,
            "z": -1.0
        },
        {
            "x": 717.2605208143149,
            "y": 457.5041852542322,
            "z": -1.0
        },
        {
            "x": 747.3172557155074,
            "y": 522.1979681585233,
            "z": -1.0
        },
        {
            "x": 672.5918640794846,
            "y": 419.65092922634017,
            "z": -1.0
        },
        {
            "x": 716.1589237270091,
            "y": 554.140755631094,
            "z": -1.0
        },
        {
            "x": 583.6840840842007,
            "y": 473.70419325961575,
            "z": -1.0
        },
        {
            "x": 670.0393559772891,
            "y": 597.0794549885394,
            "z": -1.0
        },
        {
            "x": 730.5837520334693,
            "y": 468.1094588580137,
            "z": -1.0
        },
        {
            "x": 715.8449607171118,
            "y": 527.110802975478,
            "z": -1.0
        },
        {
            "x": 609.7902745747097,
            "y": 449.22457389756534,
            "z": -1.0
        },
        {
            "x": 586.9944344854528,
            "y": 490.677369437867,
            "z": -1.0
        },
        {
            "x": 599.8332652821923,
            "y": 562.8538955618209,
            "z": -1.0
        },
        {
            "x": 704.9269217314622,
            "y": 459.2233241878025,
            "z": -1.0
        },
        {
            "x": 744.1141526016631,
            "y": 458.35295171821025,
            "z": -1.0
        },
        {
            "x": 727.7801430629626,
            "y": 489.6693780157544,
            "z": -1.0
        },
        {
            "x": 614.9425988230895,
            "y": 541.4933075254808,
            "z": -1.0
        },
        {
            "x": 736.6242213592818,
            "y": 550.4100575955072,
            "z": -1.0
        },
        {
            "x": 628.7356758312037,
            "y": 472.5116053134342,
            "z": -1.0
        },
        {
            "x": 712.0146409466098,
            "y": 431.2522187156176,
            "z": -1.0
        },
        {
            "x": 714.3768453454104,
            "y": 499.60642628683337,
            "z": -1.0
        },
        {
            "x": 593.8727970122185,
            "y": 513.7573398443106,
            "z": -1.0
        },
        {
            "x": 626.9765324718026,
            "y": 453.3187282634865,
            "z": -1.0
        },
        {
            "x": 643.6452083040564,
            "y": 572.8136930593632,
            "z": -1.0
        },
        {
            "x": 687.7760924331001,
            "y": 439.9460902666612,
            "z": -1.0
        },
        {
            "x": 580.6567221162582,
            "y": 458.996605130282,
            "z": -1.0
        },
        {
            "x": 624.8013722392288,
            "y": 594.5393109018963,
            "z": -1.0
        },
        {
            "x": 643.9323606395678,
            "y": 560.1276820486893,
            "z": -1.0
        },
        {
            "x": 696.5566850153534,
            "y": 457.3891575508651,
            "z": -1.0
        },
        {
            "x": 696.6547740041134,
            "y": 580.2777233235988,
            "z": -1.0
        },
        {
            "x": 696.768985809464,
            "y": 587.446276569513,
            "z": -1.0
        },
        {
            "x": 602.8857742476291,
            "y": 492.2062196562035,
            "z": -1.0
        },
        {
            "x": 632.4079962909017,
            "y": 556.9508972022262,
            "z": -1.0
        },
        {
            "x": 655.3695679323982,
            "y": 413.35009168519923,
            "z": -1.0
        },
        {
            "x": 681.6160822356113,
            "y": 582.1286044391197,
            "z": -1.0
        },
        {
            "x": 582.2394723439506,
            "y": 503.48218042661074,
            "z": -1.0
        },
        {
            "x": 731.9551712263448,
            "y": 561.9275642676628,
            "z": -1.0
        },
        {
            "x": 652.9080469314702,
            "y": 458.8645155452966,
            "z": -1.0
        },
        {
            "x": 751.3416671255053,
            "y": 512.6229284353604,
            "z": -1.0
        },
        {
            "x": 743.2196780979575,
            "y": 509.1191937945675,
            "z": -1.0
        },
        {
            "x": 742.8281890070132,
            "y": 515.250099891129,
            "z": -1.0
        },
        {
            "x": 631.6787745546447,
            "y": 581.0767951562948,
            "z": -1.0
        },
        {
            "x": 731.6923262238696,
            "y": 509.1022908824963,
            "z": -1.0
        },
        {
            "x": 652.7952482686891,
            "y": 576.8405306444762,
            "z": -1.0
        },
        {
            "x": 726.0193230313664,
            "y": 468.0574267039719,
            "z": -1.0
        },
        {
            "x": 756.4710359036217,
            "y": 498.6981312140493,
            "z": -1.0
        },
        {
            "x": 738.0752189784391,
            "y": 452.1862467800821,
            "z": -1.0
        },
        {
            "x": 596.0521241216965,
            "y": 525.2364044740267,
            "z": -1.0
        },
        {
            "x": 601.162956894607,
            "y": 578.9226244726812,
            "z": -1.0
        },
        {
            "x": 708.6985382116827,
            "y": 476.0675254754362,
            "z": -1.0
        },
        {
            "x": 615.4359175277696,
            "y": 537.9306452298775,
            "z": -1.0
        },
        {
            "x": 635.2194395217356,
            "y": 574.1879880834408,
            "z": -1.0
        },
        {
            "x": 609.6032979644972,
            "y": 568.1930641110991,
            "z": -1.0
        },
        {
            "x": 609.2448765642567,
            "y": 560.8113871207302,
            "z": -1.0
        },
        {
            "x": 659.356875299954,
            "y": 414.8284757036517,
            "z": -1.0
        },
        {
            "x": 622.8317001603665,
            "y": 556.0912629112956,
            "z": -1.0
        },
        {
            "x": 619.9772638977308,
            "y": 536.5229183311034,
            "z": -1.0
        },
        {
            "x": 608.4060633904592,
            "y": 482.0474336367391,
            "z": -1.0
        },
        {
            "x": 695.8031834450404,
            "y": 553.9397463341222,
            "z": -1.0
        },
        {
            "x": 625.147428778256,
            "y": 430.3222742598188,
            "z": -1.0
        },
        {
            "x": 576.8828035569343,
            "y": 486.910275053534,
            "z": -1.0
        },
        {
            "x": 656.6362311903366,
            "y": 458.982367211719,
            "z": -1.0
        },
        {
            "x": 679.095103187673,
            "y": 427.96165033441144,
            "z": -1.0
        },
        {
            "x": 613.5713579625556,
            "y": 528.663926505377,
            "z": -1.0
        },
        {
            "x": 608.7250198392088,
            "y": 466.8188769597901,
            "z": -1.0
        },
        {
            "x": 585.521317695002,
            "y": 553.0566930936751,
            "z": -1.0
        },
        {
            "x": 621.5228098758618,
            "y": 560.8358443342885,
            "z": -1.0
        },
        {
            "x": 722.0289184594168,
            "y": 528.211657256947,
            "z": -1.0
        },
        {
            "x": 742.2527790157428,
            "y": 512.3441661252924,
            "z": -1.0
        },
        {
            "x": 644.6274599529509,
            "y": 593.0803612988847,
            "z": -1.0
        },
        {
            "x": 599.2450288939592,
            "y": 463.38925185889946,
            "z": -1.0
        },
        {
            "x": 592.7420081161551,
            "y": 560.2937830521142,
            "z": -1.0
        },
        {
            "x": 593.678140906494,
            "y": 545.308595616639,
            "z": -1.0
        },
        {
            "x": 594.1043337341514,
            "y": 533.8532663468706,
            "z": -1.0
        },
        {
            "x": 605.086760156309,
            "y": 575.1085307863848,
            "z": -1.0
        },
        {
            "x": 643.9972843277629,
            "y": 462.59724820936543,
            "z": -1.0
        },
        {
            "x": 696.384463110071,
            "y": 431.94865687847425,
            "z": -1.0
        },
        {
            "x": 589.1660898263877,
            "y": 476.48518904545614,
            "z": -1.0
        },
        {
            "x": 659.4433113884423,
            "y": 579.7726972657565,
            "z": -1.0
        },
        {
            "x": 591.788134942345,
            "y": 478.1147738898366,
            "z": -1.0
        },
        {
            "x": 710.2386482401313,
            "y": 556.7622845350894,
            "z": -1.0
        },
        {
            "x": 792.6746523923017,
            "y": 522.0300083592774,
            "z": -1.0
        },
        {
            "x": 767.4092996104181,
            "y": 477.7244052728246,
            "z": -1.0
        },
        {
            "x": 807.4905464997792,
            "y": 466.5804468182478,
            "z": -1.0
        },
        {
            "x": 551.7544773546269,
            "y": 473.5599642009156,
            "z": -1.0
        },
        {
            "x": 622.9838512202573,
            "y": 414.14148697730093,
            "z": -1.0
        },
        {
            "x": 624.9545423485889,
            "y": 399.59229041643397,
            "z": -1.0
        },
        {
            "x": 739.0847224995906,
            "y": 405.78166273754215,
            "z": -1.0
        },
        {
            "x": 568.4558761766831,
            "y": 549.3447362327422,
            "z": -1.0
        },
        {
            "x": 531.2874580541986,
            "y": 545.3489935091973,
            "z": -1.0
        },
        {
            "x": 661.8675638424642,
            "y": 394.4846730022045,
            "z": -1.0
        },
        {
            "x": 784.6290336913977,
            "y": 439.7345407618469,
            "z": -1.0
        },
        {
            "x": 664.9599284120453,
            "y": 409.50317121730995,
            "z": -1.0
        },
        {
            "x": 671.0388537667326,
            "y": 630.7654634512696,
            "z": -1.0
        },
        {
            "x": 506.5122137008323,
            "y": 528.7505799080774,
            "z": -1.0
        },
        {
            "x": 606.2700166591837,
            "y": 430.009455715464,
            "z": -1.0
        },
        {
            "x": 527.5503576157997,
            "y": 531.2186430162506,
            "z": -1.0
        },
        {
            "x": 476.12421079400946,
            "y": 503.0629696614104,
            "z": -1.0
        },
        {
            "x": 731.7746354761274,
            "y": 607.1649156317442,
            "z": -1.0
        },
        {
            "x": 791.4070360654321,
            "y": 448.67449902168187,
            "z": -1.0
        },
        {
            "x": 770.0194551149538,
            "y": 506.0530615823432,
            "z": -1.0
        },
        {
            "x": 833.1781086463877,
            "y": 519.9718973337615,
            "z": -1.0
        },
        {
            "x": 811.3509992668841,
            "y": 501.5902822195889,
            "z": -1.0
        },
        {
            "x": 809.7280570644756,
            "y": 440.0851261355346,
            "z": -1.0
        },
        {
            "x": 451.7243160585175,
            "y": 481.52847989040714,
            "z": -1.0
        },
        {
            "x": 725.3141353455126,
            "y": 382.43614726860307,
            "z": -1.0
        },
        {
            "x": 794.9060061051755,
            "y": 391.21382008968686,
            "z": -1.0
        },
        {
            "x": 790.3502441859694,
            "y": 409.66924271606075,
            "z": -1.0
        },
        {
            "x": 837.6004165119651,
            "y": 520.2758231486026,
            "z": -1.0
        },
        {
            "x": 771.8374404016564,
            "y": 539.0510232303129,
            "z": -1.0
        },
        {
            "x": 705.4870143069493,
            "y": 355.91301914976236,
            "z": -1.0
        },
        {
            "x": 437.40116630481793,
            "y": 483.862232408146,
            "z": -1.0
        },
        {
            "x": 719.0062561085256,
            "y": 320.8022637738724,
            "z": -1.0
        },
        {
            "x": 569.971858760746,
            "y": 430.18850045456014,
            "z": -1.0
        },
        {
            "x": 549.1483756001533,
            "y": 467.8761418296814,
            "z": -1.0
        },
        {
            "x": 784.6301867380106,
            "y": 431.11077639014985,
            "z": -1.0
        },
        {
            "x": 506.4100404534597,
            "y": 459.8484643865755,
            "z": -1.0
        },
        {
            "x": 700.8578858622994,
            "y": 598.9800706510758,
            "z": -1.0
        },
        {
            "x": 790.7170366868355,
            "y": 426.51536241774744,
            "z": -1.0
        },
        {
            "x": 801.3335197461423,
            "y": 355.40951599161673,
            "z": -1.0
        },
        {
            "x": 550.0593563141985,
            "y": 587.9414518131027,
            "z": -1.0
        },
        {
            "x": 553.4704937912422,
            "y": 440.9074491134566,
            "z": -1.0
        },
        {
            "x": 545.9718062025537,
            "y": 576.0824571439969,
            "z": -1.0
        },
        {
            "x": 621.9677526136652,
            "y": 391.49215740235843,
            "z": -1.0
        },
        {
            "x": 537.8939486525802,
            "y": 595.4990566550755,
            "z": -1.0
        },
        {
            "x": 706.2170742590125,
            "y": 301.417515998625,
            "z": -1.0
        },
        {
            "x": 633.723590073386,
            "y": 358.1307529907904,
            "z": -1.0
        },
        {
            "x": 550.9359634570319,
            "y": 421.24612132409686,
            "z": -1.0
        },
        {
            "x": 670.5246701689993,
            "y": 348.97582932342095,
            "z": -1.0
        },
        {
            "x": 508.4778110013028,
            "y": 525.2060409357664,
            "z": -1.0
        },
        {
            "x": 832.980513032605,
            "y": 317.90194845499167,
            "z": -1.0
        },
        {
            "x": 628.9281670101412,
            "y": 327.50207202900594,
            "z": -1.0
        },
        {
            "x": 664.4614103005775,
            "y": 354.82626301794164,
            "z": -1.0
        },
        {
            "x": 812.7196449291442,
            "y": 373.08576824910176,
            "z": -1.0
        },
        {
            "x": 846.1852835058372,
            "y": 329.5414977977878,
            "z": -1.0
        },
        {
            "x": 420.0676062709778,
            "y": 528.3004877343463,
            "z": -1.0
        },
        {
            "x": 664.9190886716273,
            "y": 375.77777972109817,
            "z": -1.0
        },
        {
            "x": 820.4654856686003,
            "y": 550.6785062959309,
            "z": -1.0
        },
        {
            "x": 753.221684506521,
            "y": 343.1472106359832,
            "z": -1.0
        },
        {
            "x": 877.9392138859567,
            "y": 540.196522374003,
            "z": -1.0
        },
        {
            "x": 734.3947906156617,
            "y": 405.77838075229454,
            "z": -1.0
        },
        {
            "x": 780.0780922566562,
            "y": 481.12048745146365,
            "z": -1.0
        },
        {
            "x": 559.1156553578228,
            "y": 442.6635291769268,
            "z": -1.0
        },
        {
            "x": 509.9494430030356,
            "y": 611.3079129538866,
            "z": -1.0
        },
        {
            "x": 521.650796804136,
            "y": 620.9614198822647,
            "z": -1.0
        },
        {
            "x": 756.8662888421737,
            "y": 406.25278328360815,
            "z": -1.0
        },
        {
            "x": 728.0325772884041,
            "y": 319.5553368341403,
            "z": -1.0
        },
        {
            "x": 673.8751398179562,
            "y": 625.0954643757858,
            "z": -1.0
        },
        {
            "x": 900.7950237994648,
            "y": 548.5520465315735,
            "z": -1.0
        },
        {
            "x": 785.3426157042188,
            "y": 538.8572135004284,
            "z": -1.0
        },
        {
            "x": 502.3403937077027,
            "y": 492.81905337522534,
            "z": -1.0
        },
        {
            "x": 845.7092604851545,
            "y": 373.0320648775072,
            "z": -1.0
        },
        {
            "x": 502.24442121128345,
            "y": 415.04374515283536,
            "z": -1.0
        },
        {
            "x": 688.9317472422052,
            "y": 606.2807994251671,
            "z": -1.0
        },
        {
            "x": 763.0328322188969,
            "y": 417.27104995289744,
            "z": -1.0
        },
        {
            "x": 685.1052218943541,
            "y": 390.85766224112604,
            "z": -1.0
        },
        {
            "x": 845.8029127856737,
            "y": 512.8548266000806,
            "z": -1.0
        },
        {
            "x": 787.2082903558812,
            "y": 486.9007952138714,
            "z": -1.0
        },
        {
            "x": 654.8987863788144,
            "y": 379.8500554152139,
            "z": -1.0
        },
        {
            "x": 392.10396628536216,
            "y": 487.7608108881524,
            "z": -1.0
        },
        {
            "x": 801.4160136458268,
            "y": 578.8946975011536,
            "z": -1.0
        },
        {
            "x": 560.7530384843403,
            "y": 641.8836666536807,
            "z": -1.0
        },
        {
            "x": 473.5766290902119,
            "y": 394.0332900928558,
            "z": -1.0
        },
        {
            "x": 613.8997629806577,
            "y": 309.1625898795556,
            "z": -1.0
        },
        {
            "x": 698.6167768761703,
            "y": 252.60390847877946,
            "z": -1.0
        },
        {
            "x": 512.224271356832,
            "y": 584.809918555169,
            "z": -1.0
        },
        {
            "x": 815.6741003710451,
            "y": 469.6067462520087,
            "z": -1.0
        },
        {
            "x": 706.7917478370991,
            "y": 332.7951611184251,
            "z": -1.0
        },
        {
            "x": 854.7947400557459,
            "y": 374.7943731157022,
            "z": -1.0
        },
        {
            "x": 761.3636879634302,
            "y": 474.93098637113195,
            "z": -1.0
        },
        {
            "x": 511.5802805012481,
            "y": 409.0116732897262,
            "z": -1.0
        },
        {
            "x": 512.6488492415501,
            "y": 573.2896584583308,
            "z": -1.0
        },
        {
            "x": 514.7069122864139,
            "y": 625.9471273753624,
            "z": -1.0
        },
        {
            "x": 748.3381632690873,
            "y": 606.5134062751789,
            "z": -1.0
        },
        {
            "x": 752.1876846148645,
            "y": 417.08541101981587,
            "z": -1.0
        },
        {
            "x": 680.5977138386204,
            "y": 663.4444126788408,
            "z": -1.0
        },
        {
            "x": 413.9811929964227,
            "y": 499.0830038966898,
            "z": -1.0
        },
        {
            "x": 550.7888991190225,
            "y": 472.40043118222866,
            "z": -1.0
        },
        {
            "x": 478.1413882060703,
            "y": 454.94310539659364,
            "z": -1.0
        },
        {
            "x": 503.76551084243727,
            "y": 517.0550351258343,
            "z": -1.0
        },
        {
            "x": 684.2385034291499,
            "y": 410.42864946505273,
            "z": -1.0
        },
        {
            "x": 873.166194604222,
            "y": 545.7515453545227,
            "z": -1.0
        },
        {
            "x": 514.699279335379,
            "y": 595.1324167937992,
            "z": -1.0
        },
        {
            "x": 916.1932655692434,
            "y": 595.0515323944309,
            "z": -1.0
        },
        {
            "x": 801.5140100343152,
            "y": 358.0199235313931,
            "z": -1.0
        },
        {
            "x": 409.82389959530707,
            "y": 562.8095364206332,
            "z": -1.0
        },
        {
            "x": 903.1236606730768,
            "y": 608.3712140062601,
            "z": -1.0
        },
        {
            "x": 488.2583740784426,
            "y": 575.9234470409097,
            "z": -1.0
        },
        {
            "x": 474.0419031261434,
            "y": 578.2640660389189,
            "z": -1.0
        },
        {
            "x": 744.8198777460419,
            "y": 376.2015081847061,
            "z": -1.0
        },
        {
            "x": 836.2196721931463,
            "y": 380.69612383192197,
            "z": -1.0
        },
        {
            "x": 758.0777771829232,
            "y": 435.98258766129175,
            "z": -1.0
        },
        {
            "x": 678.7330825720182,
            "y": 609.5804033551447,
            "z": -1.0
        },
        {
            "x": 602.9907708316825,
            "y": 606.416436664039,
            "z": -1.0
        },
        {
            "x": 535.7026613615573,
            "y": 458.65566142139335,
            "z": -1.0
        },
        {
            "x": 501.2176030931528,
            "y": 576.0394393230887,
            "z": -1.0
        },
        {
            "x": 784.8553665489962,
            "y": 493.483708924199,
            "z": -1.0
        },
        {
            "x": 691.7869337552214,
            "y": 628.4340874324786,
            "z": -1.0
        },
        {
            "x": 841.4890472549407,
            "y": 445.66963336976164,
            "z": -1.0
        },
        {
            "x": 518.2350004154696,
            "y": 540.1118021340081,
            "z": -1.0
        },
        {
            "x": 559.7550764437866,
            "y": 540.823200214603,
            "z": -1.0
        },
        {
            "x": 906.3191372158717,
            "y": 554.6764793890145,
            "z": -1.0
        },
        {
            "x": 656.5958375258647,
            "y": 227.45095948164905,
            "z": -1.0
        },
        {
            "x": 435.7709036700675,
            "y": 424.58837904723856,
            "z": -1.0
        },
        {
            "x": 539.7996027232674,
            "y": 656.4106272158047,
            "z": -1.0
        },
        {
            "x": 787.2143424179328,
            "y": 425.22190097678515,
            "z": -1.0
        },
        {
            "x": 882.7569253404843,
            "y": 408.2521987325725,
            "z": -1.0
        },
        {
            "x": 875.0212418817038,
            "y": 549.0110451417275,
            "z": -1.0
        },
        {
            "x": 789.4651883210305,
            "y": 516.4668716506991,
            "z": -1.0
        },
        {
            "x": 665.7279032057203,
            "y": 290.434738970482,
            "z": -1.0
        },
        {
            "x": 485.7274863833345,
            "y": 546.1911603497359,
            "z": -1.0
        },
        {
            "x": 519.484890126693,
            "y": 396.5685591607101,
            "z": -1.0
        },
        {
            "x": 411.7175206845122,
            "y": 540.7990505058788,
            "z": -1.0
        },
        {
            "x": 562.1054338964545,
            "y": 430.54237064571265,
            "z": -1.0
        },
        {
            "x": 716.6798634125448,
            "y": 297.17012111043783,
            "z": -1.0
        },
        {
            "x": 559.4014229241438,
            "y": 637.731005545942,
            "z": -1.0
        },
        {
            "x": 372.95860814564566,
            "y": 587.1393379180538,
            "z": -1.0
        },
        {
            "x": 524.3358459999541,
            "y": 618.3854433216078,
            "z": -1.0
        },
        {
            "x": 672.5362451298099,
            "y": 614.255096078042,
            "z": -1.0
        },
        {
            "x": 365.34931515654637,
            "y": 446.50465223921344,
            "z": -1.0
        },
        {
            "x": 719.3952329289326,
            "y": 657.8053301786478,
            "z": -1.0
        },
        {
            "x": 534.4750704481951,
            "y": 420.007146108478,
            "z": -1.0
        },
        {
            "x": 915.1851113336121,
            "y": 386.3819234974717,
            "z": -1.0
        },
        {
            "x": 709.1658861655619,
            "y": 327.3315989811263,
            "z": -1.0
        },
        {
            "x": 364.28783491484853,
            "y": 568.9603465417185,
            "z": -1.0
        },
        {
            "x": 579.9961494854533,
            "y": 671.7454961894049,
            "z": -1.0
        },
        {
            "x": 818.1819990529945,
            "y": 450.6247058562537,
            "z": -1.0
        },
        {
            "x": 863.4271341453066,
            "y": 391.6553680814189,
            "z": -1.0
        },
        {
            "x": 592.7294615232487,
            "y": 425.74824230525945,
            "z": -1.0
        },
        {
            "x": 619.3609332522599,
            "y": 273.81085268064976,
            "z": -1.0
        },
        {
            "x": 497.02117434554447,
            "y": 468.91448605248473,
            "z": -1.0
        },
        {
            "x": 583.1365169228519,
            "y": 450.39374779144146,
            "z": -1.0
        },
        {
            "x": 860.6708961304962,
            "y": 325.513909236144,
            "z": -1.0
        },
        {
            "x": 958.1233182298305,
            "y": 398.3506698959095,
            "z": -1.0
        },
        {
            "x": 863.5044503602619,
            "y": 495.1418620661705,
            "z": -1.0
        },
        {
            "x": 703.1416160348173,
            "y": 659.3604412100608,
            "z": -1.0
        },
        {
            "x": 566.5197003746016,
            "y": 548.2235837740393,
            "z": -1.0
        },
        {
            "x": 735.6168575439428,
            "y": 632.4285745629729,
            "z": -1.0
        },
        {
            "x": 674.1481900249447,
            "y": 317.1003414512773,
            "z": -1.0
        },
        {
            "x": 675.4324600177268,
            "y": 231.40957335317313,
            "z": -1.0
        },
        {
            "x": 494.83313405833087,
            "y": 550.2320268607824,
            "z": -1.0
        },
        {
            "x": 531.2249163946265,
            "y": 572.6634327240865,
            "z": -1.0
        },
        {
            "x": 975.9455448539991,
            "y": 410.1207522183478,
            "z": -1.0
        },
        {
            "x": 477.86956172702475,
            "y": 415.8515836966965,
            "z": -1.0
        },
        {
            "x": 591.106222136289,
            "y": 694.5857425721367,
            "z": -1.0
        },
        {
            "x": 465.49282224620714,
            "y": 409.0839357078244,
            "z": -1.0
        },
        {
            "x": 520.4153677476643,
            "y": 533.7524808531577,
            "z": -1.0
        },
        {
            "x": 763.972671352048,
            "y": 614.5808412470363,
            "z": -1.0
        },
        {
            "x": 881.7550914668074,
            "y": 536.3433804691352,
            "z": -1.0
        },
        {
            "x": 699.5932328454776,
            "y": 262.64222478081854,
            "z": -1.0
        },
        {
            "x": 446.4855358255361,
            "y": 382.87986509955493,
            "z": -1.0
        },
        {
            "x": 799.4908814424109,
            "y": 560.2816101363194,
            "z": -1.0
        },
        {
            "x": 590.7660428503419,
            "y": 319.6570726849279,
            "z": -1.0
        },
        {
            "x": 732.1988340174323,
            "y": 415.3559684696797,
            "z": -1.0
        },
        {
            "x": 462.4136290524773,
            "y": 407.62405747537997,
            "z": -1.0
        },
        {
            "x": 733.7084686795254,
            "y": 571.1312148779944,
            "z": -1.0
        },
        {
            "x": 596.3208263067245,
            "y": 428.6924654473323,
            "z": -1.0
        },
        {
            "x": 508.2583219876979,
            "y": 503.55602682357227,
            "z": -1.0
        },
        {
            "x": 875.6936805363736,
            "y": 588.2031405662245,
            "z": -1.0
        },
        {
            "x": 677.566576483094,
            "y": 234.32609384046455,
            "z": -1.0
        },
        {
            "x": 415.24803052606575,
            "y": 548.9935623324664,
            "z": -1.0
        },
        {
            "x": 455.6808059785351,
            "y": 586.4521509563546,
            "z": -1.0
        },
        {
            "x": 502.9064511774096,
            "y": 682.3749470269845,
            "z": -1.0
        },
        {
            "x": 574.0830964564568,
            "y": 283.73084369202684,
            "z": -1.0
        },
        {
            "x": 909.2410607572417,
            "y": 320.0394806751441,
            "z": -1.0
        },
        {
            "x": 475.69762955321613,
            "y": 685.6763986579584,
            "z": -1.0
        },
        {
            "x": 604.1460373965514,
            "y": 652.0710485579003,
            "z": -1.0
        },
        {
            "x": 422.7278146654425,
            "y": 558.2575084236321,
            "z": -1.0
        },
        {
            "x": 856.7915098326324,
            "y": 278.9511569551131,
            "z": -1.0
        },
        {
            "x": 875.0751269829246,
            "y": 305.9337656950503,
            "z": -1.0
        },
        {
            "x": 486.74938798706944,
            "y": 355.44911643702125,
            "z": -1.0
        },
        {
            "x": 820.4780422966031,
            "y": 383.41012395984853,
            "z": -1.0
        },
        {
            "x": 842.0508686863235,
            "y": 424.94174020038656,
            "z": -1.0
        },
        {
            "x": 520.0178304408142,
            "y": 511.31546691009277,
            "z": -1.0
        },
        {
            "x": 870.4144879671035,
            "y": 435.3057177140378,
            "z": -1.0
        },
        {
            "x": 696.8248579308237,
            "y": 256.0468799391219,
            "z": -1.0
        },
        {
            "x": 509.05303489795193,
            "y": 716.434213975089,
            "z": -1.0
        },
        {
            "x": 942.9601859894839,
            "y": 291.9347358304559,
            "z": -1.0
        },
        {
            "x": 738.2028973450094,
            "y": 678.738583245281,
            "z": -1.0
        },
        {
            "x": 727.8977880797346,
            "y": 718.7063958966926,
            "z": -1.0
        },
        {
            "x": 570.7627032699231,
            "y": 712.6097013432619,
            "z": -1.0
        }
    ],
    "center": {
        "x": 663.2359293334092,
        "y": 509.9583982456766,
        "z": 0.0
    },
    "radius": 50
}