{
    "W": 1000,
    "H": 1000,
    "depth": 1.0,
    "height": 10.0,
    "num_of_relays": 200,
    "num_of_sensors": 400,
    "relays": [
        {
            "x": 449.0508545933279,
            "y": 455.6554543170943,
            "z": 10.0
        },
        {
            "x": 445.03721674234276,
            "y": 456.29773181719025,
            "z": 10.0
        },
        {
            "x": 448.726539269997,
            "y": 440.20443966734126,
            "z": 10.0
        },
        {
            "x": 436.57821434163657,
            "y": 465.8092772965069,
            "z": 10.0
        },
        {
            "x": 451.6118011520166,
            "y": 446.683389001113,
            "z": 10.0
        },
        {
            "x": 459.48437635382675,
            "y": 450.07698396014496,
            "z": 10.0
        },
        {
            "x": 462.62142792675667,
            "y": 461.07103231056055,
            "z": 10.0
        },
        {
            "x": 445.3823800716582,
            "y": 473.6376873236388,
            "z": 10.0
        },
        {
            "x": 463.97074339513466,
            "y": 456.97358162849764,
            "z": 10.0
        },
        {
            "x": 446.75464692436384,
            "y": 481.9495897245992,
            "z": 10.0
        },
        {
            "x": 460.5430132415125,
            "y": 463.82716737041227,
            "z": 10.0
        },
        {
            "x": 433.65577682036604,
            "y": 455.02900276688496,
            "z": 10.0
        },
        {
            "x": 431.9500092343327,
            "y": 478.77960027360535,
            "z": 10.0
        },
        {
            "x": 441.383814597677,
            "y": 472.55897543415404,
            "z": 10.0
        },
        {
            "x": 434.3094262231219,
            "y": 465.2293358449483,
            "z": 10.0
        },
        {
            "x": 432.43668561715907,
            "y": 469.22805536291446,
            "z": 10.0
        },
        {
            "x": 424.0043396148641,
            "y": 455.8532394600573,
            "z": 10.0
        },
        {
            "x": 451.1549193092198,
            "y": 443.0601669984367,
            "z": 10.0
        },
        {
            "x": 453.99297869856724,
            "y": 466.95327850136835,
            "z": 10.0
        },
        {
            "x": 450.3225321617128,
            "y": 458.63902145207226,
            "z": 10.0
        },
        {
            "x": 436.1214063677709,
            "y": 451.3173213082292,
            "z": 10.0
        },
        {
            "x": 441.5860823955297,
            "y": 477.85317324194443,
            "z": 10.0
        },
        {
            "x": 436.5375533896585,
            "y": 442.55946070530706,
            "z": 10.0
        },
        {
            "x": 448.09740380465865,
            "y": 468.24300040739865,
            "z": 10.0
        },
        {
            "x": 457.2400834036874,
            "y": 455.58946078276887,
            "z": 10.0
        },
        {
            "x": 444.7837503757742,
            "y": 473.9289589662854,
            "z": 10.0
        },
        {
            "x": 426.8927647360206,
            "y": 470.52611958697975,
            "z": 10.0
        },
        {
            "x": 451.7599483828858,
            "y": 476.17347192838554,
            "z": 10.0
        },
        {
            "x": 432.8382158846695,
            "y": 468.7796189917175,
            "z": 10.0
        },
        {
            "x": 422.77144498536876,
            "y": 462.1168075546684,
            "z": 10.0
        },
        {
            "x": 436.715505856361,
            "y": 459.037064357218,
            "z": 10.0
        },
        {
            "x": 448.69579078834056,
            "y": 473.0232420827273,
            "z": 10.0
        },
        {
            "x": 458.40336608616883,
            "y": 445.9965998384311,
            "z": 10.0
        },
        {
            "x": 453.56189270023106,
            "y": 461.63618510159085,
            "z": 10.0
        },
        {
            "x": 464.7494424266131,
            "y": 460.63804179560555,
            "z": 10.0
        },
        {
            "x": 444.40409908036713,
            "y": 449.48272570186566,
            "z": 10.0
        },
        {
            "x": 448.2925712106415,
            "y": 467.33503499690164,
            "z": 10.0
        },
        {
            "x": 433.3297021895146,
            "y": 441.53019729162446,
            "z": 10.0
        },
        {
            "x": 445.98022305447125,
            "y": 454.5362384550765,
            "z": 10.0
        },
        {
            "x": 449.88416397185335,
            "y": 457.5892095508941,
            "z": 10.0
        },
        {
            "x": 459.2712102701809,
            "y": 450.9973599703387,
            "z": 10.0
        },
        {
            "x": 462.63410997689726,
            "y": 470.25982976579417,
            "z": 10.0
        },
        {
            "x": 443.31038137085744,
            "y": 441.72124163504947,
            "z": 10.0
        },
        {
            "x": 437.2623566328814,
            "y": 472.9930810561719,
            "z": 10.0
        },
        {
            "x": 425.01414347508216,
            "y": 470.9802000890481,
            "z": 10.0
        },
        {
            "x": 461.91126162513564,
            "y": 462.12117890006056,
            "z": 10.0
        },
        {
            "x": 437.0674232712173,
            "y": 461.23993419521383,
            "z": 10.0
        },
        {
            "x": 453.7705273088497,
            "y": 472.94485386841365,
            "z": 10.0
        },
        {
            "x": 459.4089858723276,
            "y": 448.05356047929826,
            "z": 10.0
        },
        {
            "x": 453.4438000707578,
            "y": 459.11583049455,
            "z": 10.0
        },
        {
            "x": 425.70591080675234,
            "y": 469.3219545049732,
            "z": 10.0
        },
        {
            "x": 430.90399813395175,
            "y": 463.75355228311156,
            "z": 10.0
        },
        {
            "x": 456.012206754799,
            "y": 463.8384041021776,
            "z": 10.0
        },
        {
            "x": 466.01354759752144,
            "y": 465.1576016612788,
            "z": 10.0
        },
        {
            "x": 439.7810855787315,
            "y": 471.67647411034494,
            "z": 10.0
        },
        {
            "x": 440.93120811808626,
            "y": 450.4032147641191,
            "z": 10.0
        },
        {
            "x": 457.42394665289055,
            "y": 457.4845208498919,
            "z": 10.0
        },
        {
            "x": 442.9285570205376,
            "y": 459.2035207390562,
            "z": 10.0
        },
        {
            "x": 445.35760202384444,
            "y": 461.424796428043,
            "z": 10.0
        },
        {
            "x": 429.2466631674674,
            "y": 461.6631583848537,
            "z": 10.0
        },
        {
            "x": 432.39356261060357,
            "y": 472.8450177843591,
            "z": 10.0
        },
        {
            "x": 454.48295776365046,
            "y": 451.329195782328,
            "z": 10.0
        },
        {
            "x": 428.6882748663715,
            "y": 459.1740128558744,
            "z": 10.0
        },
        {
            "x": 449.66186097569795,
            "y": 477.07154960811226,
            "z": 10.0
        },
        {
            "x": 445.4179075232505,
            "y": 444.9205999172647,
            "z": 10.0
        },
        {
            "x": 432.6637160510395,
            "y": 449.49055717210416,
            "z": 10.0
        },
        {
            "x": 451.5722637027154,
            "y": 472.675308105945,
            "z": 10.0
        },
        {
            "x": 463.2878215569127,
            "y": 468.13145588915125,
            "z": 10.0
        },
        {
            "x": 431.28954450467705,
            "y": 477.3318608070054,
            "z": 10.0
        },
        {
            "x": 438.2853599156272,
            "y": 453.84916086774996,
            "z": 10.0
        },
        {
            "x": 458.86871599853805,
            "y": 442.8305312229275,
            "z": 10.0
        },
        {
            "x": 457.2458251117753,
            "y": 448.88148965942366,
            "z": 10.0
        },
        {
            "x": 458.1783589088682,
            "y": 463.0985356306099,
            "z": 10.0
        },
        {
            "x": 430.12139295142924,
            "y": 470.7333115591483,
            "z": 10.0
        },
        {
            "x": 433.16132609990774,
            "y": 476.04535198640775,
            "z": 10.0
        },
        {
            "x": 440.89512986160815,
            "y": 446.19516659471157,
            "z": 10.0
        },
        {
            "x": 434.0594981454244,
            "y": 467.9297501523307,
            "z": 10.0
        },
        {
            "x": 439.5784862853891,
            "y": 441.55907606203414,
            "z": 10.0
        },
        {
            "x": 448.6612851284361,
            "y": 439.17098426951975,
            "z": 10.0
        },
        {
            "x": 449.30474482941753,
            "y": 449.60227598252266,
            "z": 10.0
        },
        {
            "x": 430.1583862950071,
            "y": 470.57055850389264,
            "z": 10.0
        },
        {
            "x": 459.1939125189678,
            "y": 473.4045744985257,
            "z": 10.0
        },
        {
            "x": 445.6369324704533,
            "y": 449.7655146191029,
            "z": 10.0
        },
        {
            "x": 445.17898566933377,
            "y": 464.9813209665934,
            "z": 10.0
        },
        {
            "x": 446.3360312804603,
            "y": 439.9671995078809,
            "z": 10.0
        },
        {
            "x": 449.02704505462407,
            "y": 471.7154834305732,
            "z": 10.0
        },
        {
            "x": 435.07045430815015,
            "y": 470.0755071783289,
            "z": 10.0
        },
        {
            "x": 429.51282748798326,
            "y": 456.12979933252484,
            "z": 10.0
        },
        {
            "x": 447.12158695663993,
            "y": 439.5566489119819,
            "z": 10.0
        },
        {
            "x": 437.54185881034414,
            "y": 456.0087143538809,
            "z": 10.0
        },
        {
            "x": 452.7970569959135,
            "y": 453.05213300500236,
            "z": 10.0
        },
        {
            "x": 424.3669519132619,
            "y": 452.02501601106684,
            "z": 10.0
        },
        {
            "x": 459.3697669303868,
            "y": 451.22323637449904,
            "z": 10.0
        },
        {
            "x": 448.4082026127707,
            "y": 447.77387821938106,
            "z": 10.0
        },
        {
            "x": 455.94694509809597,
            "y": 463.290830608342,
            "z": 10.0
        },
        {
            "x": 449.4930056778601,
            "y": 453.61687512811176,
            "z": 10.0
        },
        {
            "x": 454.7007379775626,
            "y": 464.42017239479003,
            "z": 10.0
        },
        {
            "x": 439.2128485844965,
            "y": 478.0779074552304,
            "z": 10.0
        },
        {
            "x": 453.7533008503538,
            "y": 461.325409040496,
            "z": 10.0
        },
        {
            "x": 431.1143606249793,
            "y": 469.6299506934718,
            "z": 10.0
        },
        {
            "x": 456.78545112727755,
            "y": 473.91600063112713,
            "z": 10.0
        },
        {
            "x": 447.3991865331292,
            "y": 439.32724965272484,
            "z": 10.0
        },
        {
            "x": 454.29843445004036,
            "y": 450.5504682624647,
            "z": 10.0
        },
        {
            "x": 460.82526814365707,
            "y": 468.80340322517924,
            "z": 10.0
        },
        {
            "x": 441.67964342397846,
            "y": 440.3116248543625,
            "z": 10.0
        },
        {
            "x": 443.53932473969195,
            "y": 470.6318165913951,
            "z": 10.0
        },
        {
            "x": 447.79887414943477,
            "y": 479.2240527906747,
            "z": 10.0
        },
        {
            "x": 456.44789386840546,
            "y": 449.5261762275114,
            "z": 10.0
        },
        {
            "x": 450.93169797031095,
            "y": 465.1443875595266,
            "z": 10.0
        },
        {
            "x": 429.96762799521014,
            "y": 467.16174135040944,
            "z": 10.0
        },
        {
            "x": 465.90670887173246,
            "y": 456.724589030576,
            "z": 10.0
        },
        {
            "x": 463.1410916334419,
            "y": 463.0794338459935,
            "z": 10.0
        },
        {
            "x": 456.69133696954134,
            "y": 463.468090401452,
            "z": 10.0
        },
        {
            "x": 456.97058336091857,
            "y": 454.16563888617213,
            "z": 10.0
        },
        {
            "x": 452.1567668281351,
            "y": 444.88401418951054,
            "z": 10.0
        },
        {
            "x": 462.4988230179571,
            "y": 457.0876652731193,
            "z": 10.0
        },
        {
            "x": 440.47184772999105,
            "y": 477.65721801565655,
            "z": 10.0
        },
        {
            "x": 444.6647257669275,
            "y": 455.72537943197244,
            "z": 10.0
        },
        {
            "x": 451.5702329568608,
            "y": 453.0920117066777,
            "z": 10.0
        },
        {
            "x": 432.2527903403631,
            "y": 466.8970417965746,
            "z": 10.0
        },
        {
            "x": 424.1207251709573,
            "y": 461.4015379405548,
            "z": 10.0
        },
        {
            "x": 463.1572631640617,
            "y": 453.11212423998194,
            "z": 10.0
        },
        {
            "x": 438.63777592685636,
            "y": 458.31477981632327,
            "z": 10.0
        },
        {
            "x": 461.9078437663552,
            "y": 471.3829238570183,
            "z": 10.0
        },
        {
            "x": 441.82704380470983,
            "y": 441.09197696897974,
            "z": 10.0
        },
        {
            "x": 438.5577886263289,
            "y": 473.0475428437457,
            "z": 10.0
        },
        {
            "x": 423.16182608563093,
            "y": 465.5528459204851,
            "z": 10.0
        },
        {
            "x": 460.4091434956651,
            "y": 455.9361623585009,
            "z": 10.0
        },
        {
            "x": 433.6860482482303,
            "y": 447.582399722655,
            "z": 10.0
        },
        {
            "x": 445.43641981646323,
            "y": 452.17547610124353,
            "z": 10.0
        },
        {
            "x": 440.6312651702052,
            "y": 480.5477489084449,
            "z": 10.0
        },
        {
            "x": 428.808083588327,
            "y": 468.7465968566039,
            "z": 10.0
        },
        {
            "x": 446.024380195281,
            "y": 471.00268941666155,
            "z": 10.0
        },
        {
            "x": 451.35154940782763,
            "y": 454.1132783630575,
            "z": 10.0
        },
        {
            "x": 447.864940768978,
            "y": 464.0518513470956,
            "z": 10.0
        },
        {
            "x": 434.0633310612944,
            "y": 443.9524367252416,
            "z": 10.0
        },
        {
            "x": 434.2492765192062,
            "y": 441.14723806853294,
            "z": 10.0
        },
        {
            "x": 437.9168709271991,
            "y": 450.12505849865016,
            "z": 10.0
        },
        {
            "x": 429.91936091818997,
            "y": 446.8294279452485,
            "z": 10.0
        },
        {
            "x": 437.39503649357215,
            "y": 469.20941109189397,
            "z": 10.0
        },
        {
            "x": 452.1462138726606,
            "y": 440.2460258752329,
            "z": 10.0
        },
        {
            "x": 423.3755995102543,
            "y": 455.49672810401,
            "z": 10.0
        },
        {
            "x": 451.49496752389564,
            "y": 455.3590575809875,
            "z": 10.0
        },
        {
            "x": 459.71220877451344,
            "y": 456.20586132387064,
            "z": 10.0
        },
        {
            "x": 427.5065826021427,
            "y": 458.98036062417344,
            "z": 10.0
        },
        {
            "x": 440.592936289515,
            "y": 460.6870038182742,
            "z": 10.0
        },
        {
            "x": 434.82422816443176,
            "y": 461.13895245577766,
            "z": 10.0
        },
        {
            "x": 425.94069750862826,
            "y": 445.7059242847253,
            "z": 10.0
        },
        {
            "x": 434.9710710873914,
            "y": 476.6234851949977,
            "z": 10.0
        },
        {
            "x": 440.44280464762187,
            "y": 475.95321977300284,
            "z": 10.0
        },
        {
            "x": 450.4368125761721,
            "y": 447.12579651449556,
            "z": 10.0
        },
        {
            "x": 460.75104206319486,
            "y": 473.24659355010465,
            "z": 10.0
        },
        {
            "x": 454.75081683953323,
            "y": 465.6367139485382,
            "z": 10.0
        },
        {
            "x": 454.85579518546103,
            "y": 460.1897016597305,
            "z": 10.0
        },
        {
            "x": 435.88117753177636,
            "y": 479.91138981050875,
            "z": 10.0
        },
        {
            "x": 438.2222191585371,
            "y": 450.5096605275346,
            "z": 10.0
        },
        {
            "x": 458.81407178861286,
            "y": 449.0651442847864,
            "z": 10.0
        },
        {
            "x": 431.7014635072033,
            "y": 459.43438051259164,
            "z": 10.0
        },
        {
            "x": 434.9620337123612,
            "y": 474.5479320820501,
            "z": 10.0
        },
        {
            "x": 457.04587528206974,
            "y": 446.32454120464917,
            "z": 10.0
        },
        {
            "x": 441.3586803851731,
            "y": 472.80151142092495,
            "z": 10.0
        },
        {
            "x": 462.325348469358,
            "y": 471.70736460575193,
            "z": 10.0
        },
        {
            "x": 443.9680865320035,
            "y": 446.07730611108866,
            "z": 10.0
        },
        {
            "x": 453.9306651003174,
            "y": 469.906213353963,
            "z": 10.0
        },
        {
            "x": 436.9965833273979,
            "y": 472.14913973469385,
            "z": 10.0
        },
        {
            "x": 450.3840884616399,
            "y": 474.1503829032486,
            "z": 10.0
        },
        {
            "x": 425.0315609743551,
            "y": 471.07736509237884,
            "z": 10.0
        },
        {
            "x": 457.453660700909,
            "y": 449.97125037763806,
            "z": 10.0
        },
        {
            "x": 425.79601538630374,
            "y": 460.55003738780465,
            "z": 10.0
        },
        {
            "x": 445.5740221582349,
            "y": 452.392719179985,
            "z": 10.0
        },
        {
            "x": 426.85771463792986,
            "y": 462.7842352596587,
            "z": 10.0
        },
        {
            "x": 435.8170199110911,
            "y": 440.5950907024814,
            "z": 10.0
        },
        {
            "x": 446.65829805574595,
            "y": 471.4429937943103,
            "z": 10.0
        },
        {
            "x": 445.9209730650553,
            "y": 444.0747891225229,
            "z": 10.0
        },
        {
            "x": 444.52070156252154,
            "y": 458.69782943918756,
            "z": 10.0
        },
        {
            "x": 461.5890159036362,
            "y": 448.4499034720195,
            "z": 10.0
        },
        {
            "x": 443.1813161751882,
            "y": 439.02018899938935,
            "z": 10.0
        },
        {
            "x": 430.4147013079188,
            "y": 443.43926370517363,
            "z": 10.0
        },
        {
            "x": 459.82829887865006,
            "y": 460.1092547210386,
            "z": 10.0
        },
        {
            "x": 442.3383319502025,
            "y": 446.818564845612,
            "z": 10.0
        },
        {
            "x": 440.64932215238537,
            "y": 479.53745342371644,
            "z": 10.0
        },
        {
            "x": 443.02198438248917,
            "y": 482.62775144061163,
            "z": 10.0
        },
        {
            "x": 449.2661243109337,
            "y": 467.54106435624357,
            "z": 10.0
        },
        {
            "x": 446.02716708784675,
            "y": 452.4483778335827,
            "z": 10.0
        },
        {
            "x": 443.7958165735992,
            "y": 439.3121121094021,
            "z": 10.0
        },
        {
            "x": 429.61084636403115,
            "y": 460.9611091646616,
            "z": 10.0
        },
        {
            "x": 454.05875341812754,
            "y": 464.23236849834535,
            "z": 10.0
        },
        {
            "x": 461.25865675312804,
            "y": 445.3073663526462,
            "z": 10.0
        },
        {
            "x": 442.1885318811788,
            "y": 463.43600471794423,
            "z": 10.0
        },
        {
            "x": 445.76411891469246,
            "y": 461.796276811097,
            "z": 10.0
        },
        {
            "x": 423.4774013489302,
            "y": 468.70046626745363,
            "z": 10.0
        },
        {
            "x": 448.5748911087069,
            "y": 466.341812035586,
            "z": 10.0
        },
        {
            "x": 450.89738318394535,
            "y": 441.2500692958098,
            "z": 10.0
        },
        {
            "x": 440.47482704051976,
            "y": 444.56118073834193,
            "z": 10.0
        },
        {
            "x": 443.6347289548917,
            "y": 473.79894996078275,
            "z": 10.0
        },
        {
            "x": 464.86807483274595,
            "y": 455.58860472509656,
            "z": 10.0
        },
        {
            "x": 458.37045063017047,
            "y": 451.4990423549257,
            "z": 10.0
        },
        {
            "x": 440.57086708587747,
            "y": 439.78895398060126,
            "z": 10.0
        },
        {
            "x": 452.8854496726813,
            "y": 446.3087259200551,
            "z": 10.0
        },
        {
            "x": 459.2359926241757,
            "y": 448.44347588349353,
            "z": 10.0
        }
    ],
    "sensors": [
        {
            "x": 467.4714694676032,
            "y": 428.3587754813063,
            "z": -1.0
        },
        {
            "x": 440.4198796145542,
            "y": 500.9117750035278,
            "z": -1.0
        },
        {
            "x": 468.6612751053716,
            "y": 491.78425241409576,
            "z": -1.0
        },
        {
            "x": 423.86024723785806,
            "y": 423.1665607335209,
            "z": -1.0
        },
        {
            "x": 432.18015109747944,
            "y": 430.52477396184184,
            "z": -1.0
        },
        {
            "x": 409.82505746694454,
            "y": 451.16693688923016,
            "z": -1.0
        },
        {
            "x": 438.67224629595313,
            "y": 491.88145254398165,
            "z": -1.0
        },
        {
            "x": 469.7475969263244,
            "y": 487.7092371682555,
            "z": -1.0
        },
        {
            "x": 411.0277165565623,
            "y": 469.3254528436519,
            "z": -1.0
        },
        {
            "x": 470.55417208294494,
            "y": 468.0897649137357,
            "z": -1.0
        },
        {
            "x": 404.21834319835847,
            "y": 465.8803932208884,
            "z": -1.0
        },
        {
            "x": 426.23164574153594,
            "y": 487.2408009493615,
            "z": -1.0
        },
        {
            "x": 473.50440051072997,
            "y": 488.2360982930543,
            "z": -1.0
        },
        {
            "x": 407.1446651621819,
            "y": 462.6500199092739,
            "z": -1.0
        },
        {
            "x": 427.4584746550625,
            "y": 433.397079276982,
            "z": -1.0
        },
        {
            "x": 476.85834483258736,
            "y": 441.4228363184739,
            "z": -1.0
        },
        {
            "x": 414.9260995644892,
            "y": 453.93975053795475,
            "z": -1.0
        },
        {
            "x": 444.8161334391454,
            "y": 496.61794109834136,
            "z": -1.0
        },
        {
            "x": 450.41092466764553,
            "y": 421.74492331216175,
            "z": -1.0
        },
        {
            "x": 459.61962095587296,
            "y": 428.07262844946115,
            "z": -1.0
        },
        {
            "x": 427.4366135383604,
            "y": 435.7925399419678,
            "z": -1.0
        },
        {
            "x": 419.0795632583658,
            "y": 436.2382887794455,
            "z": -1.0
        },
        {
            "x": 464.0580787534303,
            "y": 492.64729889839856,
            "z": -1.0
        },
        {
            "x": 422.1663235834302,
            "y": 491.3158919428682,
            "z": -1.0
        },
        {
            "x": 420.255868155458,
            "y": 432.35800241309306,
            "z": -1.0
        },
        {
            "x": 459.04839330212997,
            "y": 426.4484313840424,
            "z": -1.0
        },
        {
            "x": 478.0155421057858,
            "y": 440.0291361117223,
            "z": -1.0
        },
        {
            "x": 424.11760692796344,
            "y": 495.2135747667603,
            "z": -1.0
        },
        {
            "x": 414.3345050210958,
            "y": 488.35189343632976,
            "z": -1.0
        },
        {
            "x": 412.0807171435665,
            "y": 468.5260990474004,
            "z": -1.0
        },
        {
            "x": 455.8525404009386,
            "y": 424.05153343856625,
            "z": -1.0
        },
        {
            "x": 487.48662386580844,
            "y": 464.97103399095874,
            "z": -1.0
        },
        {
            "x": 480.4200100556726,
            "y": 448.16505097846846,
            "z": -1.0
        },
        {
            "x": 469.33380400236456,
            "y": 492.13976459089827,
            "z": -1.0
        },
        {
            "x": 419.86406739517855,
            "y": 444.1376672353511,
            "z": -1.0
        },
        {
            "x": 419.59666899327596,
            "y": 432.05267173324603,
            "z": -1.0
        },
        {
            "x": 409.16098019613156,
            "y": 482.10363422692484,
            "z": -1.0
        },
        {
            "x": 470.41676836224354,
            "y": 437.7934086643419,
            "z": -1.0
        },
        {
            "x": 449.84723560096984,
            "y": 427.7525125062062,
            "z": -1.0
        },
        {
            "x": 439.2460037510205,
            "y": 429.7917760153588,
            "z": -1.0
        },
        {
            "x": 440.740973878079,
            "y": 419.600168746863,
            "z": -1.0
        },
        {
            "x": 431.23189853651047,
            "y": 485.80803135547865,
            "z": -1.0
        },
        {
            "x": 403.1118736139474,
            "y": 452.53884262536417,
            "z": -1.0
        },
        {
            "x": 425.3996420350915,
            "y": 482.0484179519695,
            "z": -1.0
        },
        {
            "x": 429.1642673429947,
            "y": 428.07454617101035,
            "z": -1.0
        },
        {
            "x": 472.317727481794,
            "y": 425.3287395409462,
            "z": -1.0
        },
        {
            "x": 409.75503824555204,
            "y": 440.6119922027588,
            "z": -1.0
        },
        {
            "x": 443.3373297562584,
            "y": 431.33668329506645,
            "z": -1.0
        },
        {
            "x": 462.693989642306,
            "y": 425.3186087952168,
            "z": -1.0
        },
        {
            "x": 449.9458836971982,
            "y": 417.1961272149011,
            "z": -1.0
        },
        {
            "x": 419.6704959562629,
            "y": 484.7368898538915,
            "z": -1.0
        },
        {
            "x": 461.77451282180624,
            "y": 425.1631729047134,
            "z": -1.0
        },
        {
            "x": 486.2097328006316,
            "y": 468.4000935318491,
            "z": -1.0
        },
        {
            "x": 426.3847136746194,
            "y": 490.7978700814658,
            "z": -1.0
        },
        {
            "x": 457.71504317939036,
            "y": 500.02448685531175,
            "z": -1.0
        },
        {
            "x": 479.77862568511597,
            "y": 441.899409808856,
            "z": -1.0
        },
        {
            "x": 467.5372695231297,
            "y": 425.4577939856632,
            "z": -1.0
        },
        {
            "x": 468.7946354388439,
            "y": 488.01953375197127,
            "z": -1.0
        },
        {
            "x": 404.3450589643359,
            "y": 444.81030023048663,
            "z": -1.0
        },
        {
            "x": 420.590122641168,
            "y": 470.0452213609403,
            "z": -1.0
        },
        {
            "x": 435.7637845912018,
            "y": 423.96401924334305,
            "z": -1.0
        },
        {
            "x": 435.6510813385348,
            "y": 497.5282520667047,
            "z": -1.0
        },
        {
            "x": 418.766780011273,
            "y": 471.32837835817156,
            "z": -1.0
        },
        {
            "x": 415.6767597622501,
            "y": 490.3600571210017,
            "z": -1.0
        },
        {
            "x": 406.03129570532013,
            "y": 439.5337727300603,
            "z": -1.0
        },
        {
            "x": 405.29655931468255,
            "y": 466.794369041042,
            "z": -1.0
        },
        {
            "x": 455.93564147349855,
            "y": 499.40035286025176,
            "z": -1.0
        },
        {
            "x": 423.64472959888025,
            "y": 499.5074372009397,
            "z": -1.0
        },
        {
            "x": 453.2978131346358,
            "y": 421.0600772105919,
            "z": -1.0
        },
        {
            "x": 444.4459468011841,
            "y": 501.69933735632566,
            "z": -1.0
        },
        {
            "x": 457.05266894115573,
            "y": 496.94187861531304,
            "z": -1.0
        },
        {
            "x": 426.12442923436436,
            "y": 439.3622093655044,
            "z": -1.0
        },
        {
            "x": 464.40026283331713,
            "y": 442.8294739325436,
            "z": -1.0
        },
        {
            "x": 486.5770627009405,
            "y": 466.52920425796907,
            "z": -1.0
        },
        {
            "x": 438.26049875792216,
            "y": 424.29768311836256,
            "z": -1.0
        },
        {
            "x": 449.55796192014077,
            "y": 500.0585005785917,
            "z": -1.0
        },
        {
            "x": 426.0125997205907,
            "y": 494.44854911275684,
            "z": -1.0
        },
        {
            "x": 410.90983440883554,
            "y": 435.98572729065756,
            "z": -1.0
        },
        {
            "x": 443.2717656335683,
            "y": 428.92117007269616,
            "z": -1.0
        },
        {
            "x": 422.1300883106979,
            "y": 427.78203631729474,
            "z": -1.0
        },
        {
            "x": 422.0320614173624,
            "y": 473.0750098294574,
            "z": -1.0
        },
        {
            "x": 470.1544117115993,
            "y": 491.29303951497826,
            "z": -1.0
        },
        {
            "x": 462.06420384227164,
            "y": 420.8400636798036,
            "z": -1.0
        },
        {
            "x": 470.37827114368935,
            "y": 460.99268592350904,
            "z": -1.0
        },
        {
            "x": 421.00278882865825,
            "y": 494.0261575069329,
            "z": -1.0
        },
        {
            "x": 417.3103975853273,
            "y": 440.5175499338898,
            "z": -1.0
        },
        {
            "x": 407.79271654020556,
            "y": 475.7710865719517,
            "z": -1.0
        },
        {
            "x": 465.6665151883692,
            "y": 440.83119518865976,
            "z": -1.0
        },
        {
            "x": 421.1008269098615,
            "y": 430.83552737997877,
            "z": -1.0
        },
        {
            "x": 475.37631829091873,
            "y": 463.9530098359992,
            "z": -1.0
        },
        {
            "x": 433.2231230691589,
            "y": 423.3327155498011,
            "z": -1.0
        },
        {
            "x": 434.7935816125771,
            "y": 429.9760727922675,
            "z": -1.0
        },
        {
            "x": 420.71867602632074,
            "y": 425.32302011745713,
            "z": -1.0
        },
        {
            "x": 408.6052053828696,
            "y": 478.89013264642585,
            "z": -1.0
        },
        {
            "x": 426.3941242672614,
            "y": 491.0287785788874,
            "z": -1.0
        },
        {
            "x": 424.4794773332221,
            "y": 440.7533524366164,
            "z": -1.0
        },
        {
            "x": 444.2300850668544,
            "y": 424.8213197370832,
            "z": -1.0
        },
        {
            "x": 482.94398621051585,
            "y": 466.9029351848427,
            "z": -1.0
        },
        {
            "x": 474.18798731623843,
            "y": 429.6398320075211,
            "z": -1.0
        },
        {
            "x": 471.6118740515383,
            "y": 491.9105749985027,
            "z": -1.0
        },
        {
            "x": 458.8225526061148,
            "y": 500.4995666911307,
            "z": -1.0
        },
        {
            "x": 430.121626019675,
            "y": 489.51393418778923,
            "z": -1.0
        },
        {
            "x": 413.874205867423,
            "y": 461.0789303584962,
            "z": -1.0
        },
        {
            "x": 402.4118337334124,
            "y": 464.82662443695347,
            "z": -1.0
        },
        {
            "x": 422.380329621264,
            "y": 495.39565717000323,
            "z": -1.0
        },
        {
            "x": 465.20075304796313,
            "y": 480.45760498523424,
            "z": -1.0
        },
        {
            "x": 424.5386718744909,
            "y": 486.7556167477584,
            "z": -1.0
        },
        {
            "x": 487.3427745057043,
            "y": 455.03098765172234,
            "z": -1.0
        },
        {
            "x": 420.0707683386767,
            "y": 488.9867984850844,
            "z": -1.0
        },
        {
            "x": 428.9924783344705,
            "y": 496.65177343147826,
            "z": -1.0
        },
        {
            "x": 420.97549491657327,
            "y": 438.5525176010582,
            "z": -1.0
        },
        {
            "x": 482.31991752417446,
            "y": 443.2033723447145,
            "z": -1.0
        },
        {
            "x": 435.04797471157895,
            "y": 424.0386541799606,
            "z": -1.0
        },
        {
            "x": 437.6567493300195,
            "y": 502.01840228859027,
            "z": -1.0
        },
        {
            "x": 472.83291241159685,
            "y": 439.26429818591873,
            "z": -1.0
        },
        {
            "x": 483.2353694598754,
            "y": 478.53424216959496,
            "z": -1.0
        },
        {
            "x": 481.09865105046543,
            "y": 457.8130870045923,
            "z": -1.0
        },
        {
            "x": 437.21125631714995,
            "y": 486.3202199198504,
            "z": -1.0
        },
        {
            "x": 414.699851922226,
            "y": 441.5989087270209,
            "z": -1.0
        },
        {
            "x": 456.18721571971776,
            "y": 423.5743709011005,
            "z": -1.0
        },
        {
            "x": 442.1228727330099,
            "y": 501.3138726312801,
            "z": -1.0
        },
        {
            "x": 423.82346617270696,
            "y": 483.5029606890997,
            "z": -1.0
        },
        {
            "x": 482.22294343065033,
            "y": 472.50585341699434,
            "z": -1.0
        },
        {
            "x": 452.15679163309443,
            "y": 421.8577352597256,
            "z": -1.0
        },
        {
            "x": 453.54193698438286,
            "y": 488.24609064606096,
            "z": -1.0
        },
        {
            "x": 423.0060984613079,
            "y": 489.7595369026383,
            "z": -1.0
        },
        {
            "x": 439.10642862233374,
            "y": 492.0487968821684,
            "z": -1.0
        },
        {
            "x": 467.2943750847309,
            "y": 490.51186123009296,
            "z": -1.0
        },
        {
            "x": 417.373069191227,
            "y": 466.36377944709517,
            "z": -1.0
        },
        {
            "x": 405.45819880111054,
            "y": 475.92716981504657,
            "z": -1.0
        },
        {
            "x": 459.1962122629003,
            "y": 492.5026545745338,
            "z": -1.0
        },
        {
            "x": 413.72042029947,
            "y": 455.35661927097624,
            "z": -1.0
        },
        {
            "x": 414.9383440622665,
            "y": 431.4150592167737,
            "z": -1.0
        },
        {
            "x": 401.0823765076641,
            "y": 465.33230993040684,
            "z": -1.0
        },
        {
            "x": 418.4435722477475,
            "y": 488.1718223919884,
            "z": -1.0
        },
        {
            "x": 455.7967481308367,
            "y": 425.4655882233137,
            "z": -1.0
        },
        {
            "x": 401.6994165393065,
            "y": 455.73664664229153,
            "z": -1.0
        },
        {
            "x": 458.2515360800221,
            "y": 434.64404315283224,
            "z": -1.0
        },
        {
            "x": 418.85782248226633,
            "y": 443.9300594585985,
            "z": -1.0
        },
        {
            "x": 433.9767012894594,
            "y": 497.28686917814935,
            "z": -1.0
        },
        {
            "x": 468.51974667045516,
            "y": 489.7803526017346,
            "z": -1.0
        },
        {
            "x": 432.86626744843403,
            "y": 486.46339378058514,
            "z": -1.0
        },
        {
            "x": 456.99322730614375,
            "y": 430.3664479538478,
            "z": -1.0
        },
        {
            "x": 415.42337485325254,
            "y": 475.456079921814,
            "z": -1.0
        },
        {
            "x": 413.68727520707637,
            "y": 442.90061138467684,
            "z": -1.0
        },
        {
            "x": 446.34045086821703,
            "y": 433.3543961582461,
            "z": -1.0
        },
        {
            "x": 459.08290326975475,
            "y": 482.9212407529966,
            "z": -1.0
        },
        {
            "x": 417.4791924285599,
            "y": 427.3486853212517,
            "z": -1.0
        },
        {
            "x": 480.84993535247787,
            "y": 453.4890651781579,
            "z": -1.0
        },
        {
            "x": 404.41397304274153,
            "y": 464.27360700858134,
            "z": -1.0
        },
        {
            "x": 432.5691624414787,
            "y": 500.9728806335515,
            "z": -1.0
        },
        {
            "x": 459.95690755997686,
            "y": 428.38521082686765,
            "z": -1.0
        },
        {
            "x": 473.08652320903053,
            "y": 436.06503010214914,
            "z": -1.0
        },
        {
            "x": 482.1840235078075,
            "y": 452.7388260454279,
            "z": -1.0
        },
        {
            "x": 403.3908285368165,
            "y": 469.8849901032642,
            "z": -1.0
        },
        {
            "x": 468.0150067846972,
            "y": 485.76605897759964,
            "z": -1.0
        },
        {
            "x": 485.97629907828633,
            "y": 447.8508872011506,
            "z": -1.0
        },
        {
            "x": 459.8360485634092,
            "y": 426.95208611330395,
            "z": -1.0
        },
        {
            "x": 428.1590887165879,
            "y": 435.513641709209,
            "z": -1.0
        },
        {
            "x": 452.88024555378024,
            "y": 491.4911786682801,
            "z": -1.0
        },
        {
            "x": 475.35552619152145,
            "y": 462.1984260608529,
            "z": -1.0
        },
        {
            "x": 480.6471172872886,
            "y": 479.3735525581196,
            "z": -1.0
        },
        {
            "x": 470.53855424510147,
            "y": 477.566425031082,
            "z": -1.0
        },
        {
            "x": 475.571805066893,
            "y": 447.16693524643625,
            "z": -1.0
        },
        {
            "x": 407.4723620530648,
            "y": 446.31482666792556,
            "z": -1.0
        },
        {
            "x": 428.92378730035995,
            "y": 420.4059082904964,
            "z": -1.0
        },
        {
            "x": 446.93132103599254,
            "y": 417.28371856762334,
            "z": -1.0
        },
        {
            "x": 464.82924842127926,
            "y": 489.8064937664941,
            "z": -1.0
        },
        {
            "x": 471.6677031768713,
            "y": 458.0852644024215,
            "z": -1.0
        },
        {
            "x": 417.308077258715,
            "y": 426.12511790454033,
            "z": -1.0
        },
        {
            "x": 486.4735298428902,
            "y": 470.6388772853971,
            "z": -1.0
        },
        {
            "x": 420.62527980954576,
            "y": 497.4556530211191,
            "z": -1.0
        },
        {
            "x": 470.0195646287364,
            "y": 450.7128009636213,
            "z": -1.0
        },
        {
            "x": 468.90739393319114,
            "y": 430.5634137038845,
            "z": -1.0
        },
        {
            "x": 458.90049719964856,
            "y": 428.7082354138257,
            "z": -1.0
        },
        {
            "x": 433.787602430888,
            "y": 429.74698231651564,
            "z": -1.0
        },
        {
            "x": 459.4428388736388,
            "y": 419.2577778860804,
            "z": -1.0
        },
        {
            "x": 472.7458785530068,
            "y": 443.844887981566,
            "z": -1.0
        },
        {
            "x": 410.29562881371385,
            "y": 481.6115332167733,
            "z": -1.0
        },
        {
            "x": 444.655035820883,
            "y": 493.4647531211014,
            "z": -1.0
        },
        {
            "x": 466.3345702439977,
            "y": 473.436851858406,
            "z": -1.0
        },
        {
            "x": 453.24334370713206,
            "y": 434.74534405631715,
            "z": -1.0
        },
        {
            "x": 471.1323255309744,
            "y": 441.0639883072113,
            "z": -1.0
        },
        {
            "x": 471.7380358243256,
            "y": 469.577000257029,
            "z": -1.0
        },
        {
            "x": 408.7327401303953,
            "y": 474.94639175875886,
            "z": -1.0
        },
        {
            "x": 421.01544419589396,
            "y": 440.8430973991038,
            "z": -1.0
        },
        {
            "x": 432.85933715809267,
            "y": 426.64265232211295,
            "z": -1.0
        },
        {
            "x": 462.8658694870722,
            "y": 485.46062058777784,
            "z": -1.0
        },
        {
            "x": 478.8912453979721,
            "y": 467.47405426977673,
            "z": -1.0
        },
        {
            "x": 435.79906890393414,
            "y": 424.47085730695267,
            "z": -1.0
        },
        {
            "x": 440.01884809425894,
            "y": 429.16346093775525,
            "z": -1.0
        },
        {
            "x": 482.0280413962091,
            "y": 441.19244055141303,
            "z": -1.0
        },
        {
            "x": 424.0234289628205,
            "y": 492.6442160102248,
            "z": -1.0
        },
        {
            "x": 481.24019293486907,
            "y": 458.9126068715239,
            "z": -1.0
        },
        {
            "x": 447.17828099001764,
            "y": 493.0900182129844,
            "z": -1.0
        },
        {
            "x": 469.4806063402196,
            "y": 471.7729923833691,
            "z": -1.0
        },
        {
            "x": 469.26438002027993,
            "y": 431.6388544832573,
            "z": -1.0
        },
        {
            "x": 413.34760738897455,
            "y": 442.7640069949956,
            "z": -1.0
        },
        {
            "x": 462.21556083542856,
            "y": 423.9277168517711,
            "z": -1.0
        },
        {
            "x": 445.1924430875073,
            "y": 420.57286366322563,
            "z": -1.0
        },
        {
            "x": 493.67707045115117,
            "y": 479.99235268701,
            "z": -1.0
        },
        {
            "x": 412.55216393081804,
            "y": 501.15542810505633,
            "z": -1.0
        },
        {
            "x": 499.8113688452175,
            "y": 447.3894781851526,
            "z": -1.0
        },
        {
            "x": 467.9002268548871,
            "y": 512.849292745028,
            "z": -1.0
        },
        {
            "x": 491.2894998242546,
            "y": 455.2447989541985,
            "z": -1.0
        },
        {
            "x": 389.16387997615,
            "y": 454.51487355580366,
            "z": -1.0
        },
        {
            "x": 429.51169218496767,
            "y": 400.79111926809264,
            "z": -1.0
        },
        {
            "x": 441.1820349257899,
            "y": 413.4860811359086,
            "z": -1.0
        },
        {
            "x": 390.77367313381114,
            "y": 460.8359881044748,
            "z": -1.0
        },
        {
            "x": 468.52526416722105,
            "y": 495.1150580252397,
            "z": -1.0
        },
        {
            "x": 478.41188664336477,
            "y": 535.3431618660094,
            "z": -1.0
        },
        {
            "x": 412.2058464486339,
            "y": 518.4152095120181,
            "z": -1.0
        },
        {
            "x": 496.89959362009364,
            "y": 545.0481358244854,
            "z": -1.0
        },
        {
            "x": 454.94778280188876,
            "y": 517.9122612052718,
            "z": -1.0
        },
        {
            "x": 400.3154826639751,
            "y": 504.3115042150047,
            "z": -1.0
        },
        {
            "x": 456.7988671355403,
            "y": 395.57700704804313,
            "z": -1.0
        },
        {
            "x": 454.3240204225374,
            "y": 526.1708098664052,
            "z": -1.0
        },
        {
            "x": 475.0987881940745,
            "y": 522.3125737667687,
            "z": -1.0
        },
        {
            "x": 412.9316881237355,
            "y": 393.1485328576685,
            "z": -1.0
        },
        {
            "x": 490.3531833355863,
            "y": 524.1304986334942,
            "z": -1.0
        },
        {
            "x": 444.47757460444336,
            "y": 386.6506733507757,
            "z": -1.0
        },
        {
            "x": 506.4187247628374,
            "y": 462.83660981224415,
            "z": -1.0
        },
        {
            "x": 394.326746039263,
            "y": 444.81706539596246,
            "z": -1.0
        },
        {
            "x": 487.2053065569926,
            "y": 517.3512859883664,
            "z": -1.0
        },
        {
            "x": 503.09646335692105,
            "y": 509.42715658888517,
            "z": -1.0
        },
        {
            "x": 399.46927493913955,
            "y": 463.34945162057505,
            "z": -1.0
        },
        {
            "x": 479.13287750363884,
            "y": 551.3463150674781,
            "z": -1.0
        },
        {
            "x": 492.63819022856245,
            "y": 516.9864388673582,
            "z": -1.0
        },
        {
            "x": 436.52826019332167,
            "y": 402.7536584000132,
            "z": -1.0
        },
        {
            "x": 481.957217008525,
            "y": 412.2667566567111,
            "z": -1.0
        },
        {
            "x": 466.7748941030642,
            "y": 495.9506914862436,
            "z": -1.0
        },
        {
            "x": 463.42123644630493,
            "y": 497.70292490475566,
            "z": -1.0
        },
        {
            "x": 369.14500019848487,
            "y": 439.6793841314462,
            "z": -1.0
        },
        {
            "x": 500.86817415130537,
            "y": 453.4665140800408,
            "z": -1.0
        },
        {
            "x": 509.6161053489732,
            "y": 510.56424659859977,
            "z": -1.0
        },
        {
            "x": 423.0041866504907,
            "y": 376.72268846824517,
            "z": -1.0
        },
        {
            "x": 445.76536566791805,
            "y": 510.1391686872943,
            "z": -1.0
        },
        {
            "x": 515.9214405526116,
            "y": 488.9601452826501,
            "z": -1.0
        },
        {
            "x": 504.74403793902513,
            "y": 500.63260694888226,
            "z": -1.0
        },
        {
            "x": 470.54481916204395,
            "y": 515.9248877492228,
            "z": -1.0
        },
        {
            "x": 388.2545329068272,
            "y": 487.8504975811381,
            "z": -1.0
        },
        {
            "x": 440.354448002974,
            "y": 517.3771183174554,
            "z": -1.0
        },
        {
            "x": 500.2831445742403,
            "y": 522.6618427441749,
            "z": -1.0
        },
        {
            "x": 403.9455099817466,
            "y": 430.75673063863206,
            "z": -1.0
        },
        {
            "x": 500.65083963525944,
            "y": 471.902184381819,
            "z": -1.0
        },
        {
            "x": 404.14744347495576,
            "y": 538.5602851166421,
            "z": -1.0
        },
        {
            "x": 492.7673638137503,
            "y": 468.47099878553354,
            "z": -1.0
        },
        {
            "x": 514.4629735285544,
            "y": 441.4686787204418,
            "z": -1.0
        },
        {
            "x": 521.2277542602935,
            "y": 543.082744627183,
            "z": -1.0
        },
        {
            "x": 497.84538713165347,
            "y": 551.8024046014475,
            "z": -1.0
        },
        {
            "x": 402.02001769792315,
            "y": 530.5594701271829,
            "z": -1.0
        },
        {
            "x": 525.8224897588685,
            "y": 526.7974331561206,
            "z": -1.0
        },
        {
            "x": 537.7065161447969,
            "y": 436.0381597889319,
            "z": -1.0
        },
        {
            "x": 354.3387293316016,
            "y": 432.1971385593697,
            "z": -1.0
        },
        {
            "x": 396.63108579643733,
            "y": 526.835381039142,
            "z": -1.0
        },
        {
            "x": 481.5288516713043,
            "y": 392.49015868157255,
            "z": -1.0
        },
        {
            "x": 362.93810057543584,
            "y": 451.4745989038754,
            "z": -1.0
        },
        {
            "x": 528.0992498499936,
            "y": 534.5403452469606,
            "z": -1.0
        },
        {
            "x": 385.1714150379919,
            "y": 458.87865701467337,
            "z": -1.0
        },
        {
            "x": 524.2673562624658,
            "y": 486.8080537168783,
            "z": -1.0
        },
        {
            "x": 491.2996644373607,
            "y": 476.25114102390853,
            "z": -1.0
        },
        {
            "x": 483.72626447748866,
            "y": 511.02505824181287,
            "z": -1.0
        },
        {
            "x": 377.7651188868594,
            "y": 472.4685023163967,
            "z": -1.0
        },
        {
            "x": 418.5495922482858,
            "y": 538.7928573149017,
            "z": -1.0
        },
        {
            "x": 375.17592715725624,
            "y": 503.11747622690604,
            "z": -1.0
        },
        {
            "x": 411.04962383378705,
            "y": 401.6156914910699,
            "z": -1.0
        },
        {
            "x": 434.1394335700257,
            "y": 380.53162109958726,
            "z": -1.0
        },
        {
            "x": 354.88320440221696,
            "y": 413.32642238488626,
            "z": -1.0
        },
        {
            "x": 370.50359991828327,
            "y": 404.90073890824664,
            "z": -1.0
        },
        {
            "x": 459.5640479616366,
            "y": 523.0977383593306,
            "z": -1.0
        },
        {
            "x": 424.024292862233,
            "y": 387.84033280429134,
            "z": -1.0
        },
        {
            "x": 412.55851236597516,
            "y": 535.3074390291061,
            "z": -1.0
        },
        {
            "x": 459.06664163603375,
            "y": 403.7318053567509,
            "z": -1.0
        },
        {
            "x": 510.6760344429684,
            "y": 572.8219997376682,
            "z": -1.0
        },
        {
            "x": 556.4795040791536,
            "y": 450.60199496269706,
            "z": -1.0
        },
        {
            "x": 411.59614614900244,
            "y": 385.9817455853852,
            "z": -1.0
        },
        {
            "x": 379.49264780753856,
            "y": 451.9597713491218,
            "z": -1.0
        },
        {
            "x": 481.90301596707843,
            "y": 485.13629320274487,
            "z": -1.0
        },
        {
            "x": 484.2654947520599,
            "y": 499.5039598814679,
            "z": -1.0
        },
        {
            "x": 388.87562684331255,
            "y": 461.42292771750493,
            "z": -1.0
        },
        {
            "x": 396.81548120485223,
            "y": 499.9978652925412,
            "z": -1.0
        },
        {
            "x": 558.1670743717818,
            "y": 451.7277042440422,
            "z": -1.0
        },
        {
            "x": 358.68629740686475,
            "y": 475.94252878600463,
            "z": -1.0
        },
        {
            "x": 559.300455491046,
            "y": 449.13888850055514,
            "z": -1.0
        },
        {
            "x": 530.151176229193,
            "y": 452.3596910774942,
            "z": -1.0
        },
        {
            "x": 459.5649134781936,
            "y": 384.0036316122506,
            "z": -1.0
        },
        {
            "x": 531.4227266088908,
            "y": 488.7956654222271,
            "z": -1.0
        },
        {
            "x": 493.3109823313544,
            "y": 538.9724748921979,
            "z": -1.0
        },
        {
            "x": 410.64969945405846,
            "y": 388.7042886484723,
            "z": -1.0
        },
        {
            "x": 545.1693177590088,
            "y": 540.2308695012459,
            "z": -1.0
        },
        {
            "x": 465.05635356558105,
            "y": 531.3211557154362,
            "z": -1.0
        },
        {
            "x": 494.8432443793679,
            "y": 383.9819623836407,
            "z": -1.0
        },
        {
            "x": 545.6865978181712,
            "y": 553.5155215890844,
            "z": -1.0
        },
        {
            "x": 380.6842804449747,
            "y": 536.4836861612987,
            "z": -1.0
        },
        {
            "x": 447.74892487081587,
            "y": 520.3546843380861,
            "z": -1.0
        },
        {
            "x": 461.9578799815145,
            "y": 412.1237510958833,
            "z": -1.0
        },
        {
            "x": 500.74854980627305,
            "y": 385.50748138673697,
            "z": -1.0
        },
        {
            "x": 557.5789210206922,
            "y": 432.5335988156703,
            "z": -1.0
        },
        {
            "x": 523.7328308329252,
            "y": 453.7184369609857,
            "z": -1.0
        },
        {
            "x": 534.1208978176145,
            "y": 543.3997183831286,
            "z": -1.0
        },
        {
            "x": 486.1411558768407,
            "y": 529.9993983832603,
            "z": -1.0
        },
        {
            "x": 547.1543553653516,
            "y": 569.9477667223432,
            "z": -1.0
        },
        {
            "x": 421.46745046882063,
            "y": 408.9579013129933,
            "z": -1.0
        },
        {
            "x": 469.9511253230374,
            "y": 393.3836245100307,
            "z": -1.0
        },
        {
            "x": 386.02076002066286,
            "y": 419.2355407729457,
            "z": -1.0
        },
        {
            "x": 504.08482195974614,
            "y": 387.3355744153336,
            "z": -1.0
        },
        {
            "x": 469.5065627830922,
            "y": 365.92218676076646,
            "z": -1.0
        },
        {
            "x": 355.1360661005926,
            "y": 479.3788009157529,
            "z": -1.0
        },
        {
            "x": 394.7047663977514,
            "y": 429.8768763651036,
            "z": -1.0
        },
        {
            "x": 515.5146015260893,
            "y": 381.48402918269795,
            "z": -1.0
        },
        {
            "x": 508.77566658999405,
            "y": 367.9567718418747,
            "z": -1.0
        },
        {
            "x": 468.02719990711796,
            "y": 357.68140085941315,
            "z": -1.0
        },
        {
            "x": 428.7825768847475,
            "y": 521.7656180832934,
            "z": -1.0
        },
        {
            "x": 333.8934767240352,
            "y": 438.43186166173143,
            "z": -1.0
        },
        {
            "x": 454.26484652872335,
            "y": 366.2797205993427,
            "z": -1.0
        },
        {
            "x": 351.0661391497273,
            "y": 471.4076698912525,
            "z": -1.0
        },
        {
            "x": 363.80004528421904,
            "y": 399.5002731198515,
            "z": -1.0
        },
        {
            "x": 492.7377105937457,
            "y": 388.822343646731,
            "z": -1.0
        },
        {
            "x": 358.1059127463118,
            "y": 388.01296676347306,
            "z": -1.0
        },
        {
            "x": 481.79099205721656,
            "y": 568.4237013100388,
            "z": -1.0
        },
        {
            "x": 323.96023461827696,
            "y": 449.6197383618643,
            "z": -1.0
        },
        {
            "x": 544.3077261169873,
            "y": 556.1032551408379,
            "z": -1.0
        },
        {
            "x": 472.3630760563091,
            "y": 567.9653817450512,
            "z": -1.0
        },
        {
            "x": 401.8511981292806,
            "y": 413.0005674807347,
            "z": -1.0
        },
        {
            "x": 568.2535380670366,
            "y": 423.1650373538869,
            "z": -1.0
        },
        {
            "x": 355.5496048626401,
            "y": 477.1292557244203,
            "z": -1.0
        },
        {
            "x": 514.4390041063737,
            "y": 357.35788905888955,
            "z": -1.0
        },
        {
            "x": 524.8368313727339,
            "y": 554.0368128209489,
            "z": -1.0
        },
        {
            "x": 493.12623057380034,
            "y": 434.64302190456493,
            "z": -1.0
        },
        {
            "x": 386.1510631517913,
            "y": 397.55818736653106,
            "z": -1.0
        },
        {
            "x": 542.449332538818,
            "y": 421.61676495656883,
            "z": -1.0
        },
        {
            "x": 552.1420672860606,
            "y": 530.3909202694073,
            "z": -1.0
        },
        {
            "x": 545.3067138912888,
            "y": 403.21789151976384,
            "z": -1.0
        },
        {
            "x": 514.9780250967708,
            "y": 573.6677726764096,
            "z": -1.0
        },
        {
            "x": 452.3934838048357,
            "y": 540.5124882069982,
            "z": -1.0
        },
        {
            "x": 387.45526393991315,
            "y": 530.5558374560081,
            "z": -1.0
        },
        {
            "x": 407.06838602211934,
            "y": 550.1332994727902,
            "z": -1.0
        },
        {
            "x": 416.52938403945984,
            "y": 403.4156709654999,
            "z": -1.0
        },
        {
            "x": 362.70373330389884,
            "y": 501.7668305991593,
            "z": -1.0
        },
        {
            "x": 378.7949331845804,
            "y": 512.8127514671959,
            "z": -1.0
        },
        {
            "x": 467.5438979997043,
            "y": 585.6785728100281,
            "z": -1.0
        },
        {
            "x": 440.60036952867875,
            "y": 540.5025535163584,
            "z": -1.0
        },
        {
            "x": 476.65866709295636,
            "y": 526.2381847162006,
            "z": -1.0
        },
        {
            "x": 588.427484781368,
            "y": 413.74137414167166,
            "z": -1.0
        },
        {
            "x": 432.6804256854101,
            "y": 360.3816534617701,
            "z": -1.0
        },
        {
            "x": 384.96490547438475,
            "y": 557.6547048272708,
            "z": -1.0
        },
        {
            "x": 453.5378160152149,
            "y": 531.6275144536987,
            "z": -1.0
        },
        {
            "x": 369.99154184679816,
            "y": 574.9025229092272,
            "z": -1.0
        },
        {
            "x": 513.4186309666607,
            "y": 550.757653488941,
            "z": -1.0
        },
        {
            "x": 392.5264230870205,
            "y": 501.7000163388272,
            "z": -1.0
        },
        {
            "x": 524.066954340906,
            "y": 439.8955920152211,
            "z": -1.0
        },
        {
            "x": 354.49161433937684,
            "y": 493.46278203045733,
            "z": -1.0
        },
        {
            "x": 463.000917133655,
            "y": 400.21729057389587,
            "z": -1.0
        },
        {
            "x": 514.9646590079913,
            "y": 473.0472110068028,
            "z": -1.0
        },
        {
            "x": 513.3100344370813,
            "y": 550.4874497685574,
            "z": -1.0
        },
        {
            "x": 314.52869236614254,
            "y": 424.90262803114877,
            "z": -1.0
        },
        {
            "x": 526.0674484677402,
            "y": 371.23516743570895,
            "z": -1.0
        },
        {
            "x": 466.6882824711932,
            "y": 582.8854593687015,
            "z": -1.0
        },
        {
            "x": 514.5166318351759,
            "y": 515.6460230515611,
            "z": -1.0
        },
        {
            "x": 380.0970743751195,
            "y": 422.4190660994165,
            "z": -1.0
        },
        {
            "x": 308.98914655882436,
            "y": 460.9223349650396,
            "z": -1.0
        },
        {
            "x": 500.2182708098181,
            "y": 496.38099791879444,
            "z": -1.0
        },
        {
            "x": 462.05438194327695,
            "y": 369.18033268882266,
            "z": -1.0
        },
        {
            "x": 338.58313894799386,
            "y": 403.793045842137,
            "z": -1.0
        },
        {
            "x": 363.7687023737369,
            "y": 404.05205209952413,
            "z": -1.0
        },
        {
            "x": 580.4032671711567,
            "y": 437.9843712406194,
            "z": -1.0
        },
        {
            "x": 459.3293845497205,
            "y": 545.19833237956,
            "z": -1.0
        },
        {
            "x": 384.94555590715316,
            "y": 448.4031299124941,
            "z": -1.0
        },
        {
            "x": 482.2579869770862,
            "y": 576.8366091768787,
            "z": -1.0
        },
        {
            "x": 450.72414398214113,
            "y": 519.3366958661679,
            "z": -1.0
        },
        {
            "x": 549.819662232384,
            "y": 442.0492453819604,
            "z": -1.0
        },
        {
            "x": 412.7197875654659,
            "y": 492.262326551263,
            "z": -1.0
        },
        {
            "x": 345.7856676527531,
            "y": 390.47233989223764,
            "z": -1.0
        },
        {
            "x": 532.9127270683044,
            "y": 569.92601936379,
            "z": -1.0
        },
        {
            "x": 583.5071299273125,
            "y": 416.1181377438102,
            "z": -1.0
        },
        {
            "x": 402.0691242848565,
            "y": 405.72342145448823,
            "z": -1.0
        },
        {
            "x": 512.7622032783144,
            "y": 335.58779264565896,
            "z": -1.0
        },
        {
            "x": 481.94416410392716,
            "y": 531.1140976234029,
            "z": -1.0
        },
        {
            "x": 348.50183916725166,
            "y": 366.89743430671297,
            "z": -1.0
        },
        {
            "x": 362.00648802657685,
            "y": 544.092989254911,
            "z": -1.0
        },
        {
            "x": 502.64692683517063,
            "y": 592.7706031246752,
            "z": -1.0
        },
        {
            "x": 297.4758197380755,
            "y": 460.7365823344116,
            "z": -1.0
        },
        {
            "x": 476.45026804934287,
            "y": 384.27036526163647,
            "z": -1.0
        },
        {
            "x": 385.7310830215214,
            "y": 389.90007682260983,
            "z": -1.0
        },
        {
            "x": 515.2603904193755,
            "y": 521.035019337063,
            "z": -1.0
        },
        {
            "x": 347.08465185885075,
            "y": 407.40388172148613,
            "z": -1.0
        },
        {
            "x": 500.3893414577594,
            "y": 490.5968171819803,
            "z": -1.0
        },
        {
            "x": 471.653751774199,
            "y": 515.0857214426676,
            "z": -1.0
        },
        {
            "x": 349.20630219316564,
            "y": 396.1622575869893,
            "z": -1.0
        },
        {
            "x": 434.95874910745147,
            "y": 553.6955529079671,
            "z": -1.0
        },
        {
            "x": 517.8893596062665,
            "y": 340.8645479393331,
            "z": -1.0
        },
        {
            "x": 567.1456755344668,
            "y": 471.09305207055274,
            "z": -1.0
        },
        {
            "x": 488.33815560210667,
            "y": 448.43186807997506,
            "z": -1.0
        },
        {
            "x": 350.01208094317127,
            "y": 406.36286954892654,
            "z": -1.0
        },
        {
            "x": 500.9818711708406,
            "y": 437.3525881382434,
            "z": -1.0
        },
        {
            "x": 463.9514275461234,
            "y": 517.2931593455631,
            "z": -1.0
        },
        {
            "x": 338.7553438740845,
            "y": 481.3452062858358,
            "z": -1.0
        },
        {
            "x": 525.1787429619167,
            "y": 442.3366086657495,
            "z": -1.0
        },
        {
            "x": 332.30412488274965,
            "y": 380.0215440546955,
            "z": -1.0
        },
        {
            "x": 433.048294584771,
            "y": 538.963848957966,
            "z": -1.0
        }
    ],
    "center": {
        "x": 443.954091165631,
        "y": 459.80196005947704,
        "z": 0.0
    },
    "radius": 25
}