{
    "W": 1000,
    "H": 1000,
    "depth": 1.0,
    "height": 10.0,
    "num_of_relays": 200,
    "num_of_sensors": 400,
    "relays": [
        {
            "x": 603.5251807734663,
            "y": 669.8256396484718,
            "z": 10.0
        },
        {
            "x": 580.5544561387105,
            "y": 630.021450324772,
            "z": 10.0
        },
        {
            "x": 523.4921680634926,
            "y": 660.1883133864314,
            "z": 11.713202932045105
        },
        {
            "x": 536.7347943069714,
            "y": 669.7944497918478,
            "z": 10.0
        },
        {
            "x": 569.494327649945,
            "y": 658.9516720183652,
            "z": 10.0
        },
        {
            "x": 607.4507572945964,
            "y": 656.6142091064821,
            "z": 10.0
        },
        {
            "x": 523.1430759420706,
            "y": 674.1376731397621,
            "z": 12.009876504170546
        },
        {
            "x": 586.8344795045791,
            "y": 664.5022718603931,
            "z": 10.0
        },
        {
            "x": 549.4865842268787,
            "y": 639.8256078812794,
            "z": 10.0
        },
        {
            "x": 523.8378354582907,
            "y": 638.1279967595841,
            "z": 10.0
        },
        {
            "x": 608.3643602646988,
            "y": 667.5942710798954,
            "z": 10.0
        },
        {
            "x": 598.8798283023046,
            "y": 681.1921882753293,
            "z": 10.0
        },
        {
            "x": 544.1681152309504,
            "y": 705.922802181304,
            "z": 10.0
        },
        {
            "x": 589.894518383453,
            "y": 675.3409687785678,
            "z": 10.0
        },
        {
            "x": 579.8319451520806,
            "y": 625.7011479560178,
            "z": 10.0
        },
        {
            "x": 584.5924568790831,
            "y": 631.7999670837744,
            "z": 10.0
        },
        {
            "x": 543.5501337398676,
            "y": 652.388655802286,
            "z": 10.0
        },
        {
            "x": 556.506332461487,
            "y": 699.7584400230483,
            "z": 10.0
        },
        {
            "x": 565.5891288783421,
            "y": 695.3529696950962,
            "z": 10.0
        },
        {
            "x": 535.2290036368204,
            "y": 637.5745900200199,
            "z": 10.0
        },
        {
            "x": 525.2213441550825,
            "y": 657.0606565704368,
            "z": 10.0
        },
        {
            "x": 572.2537169207807,
            "y": 681.8107671071122,
            "z": 10.0
        },
        {
            "x": 546.4714290174459,
            "y": 648.6439316327373,
            "z": 10.0
        },
        {
            "x": 551.1209989448604,
            "y": 654.2944684434314,
            "z": 10.0
        },
        {
            "x": 588.2886015044588,
            "y": 664.1604933841876,
            "z": 10.0
        },
        {
            "x": 566.0539717864243,
            "y": 663.8618095169035,
            "z": 10.0
        },
        {
            "x": 534.4730092695575,
            "y": 644.4084402383255,
            "z": 10.0
        },
        {
            "x": 562.2207510290718,
            "y": 625.8736768032174,
            "z": 10.0
        },
        {
            "x": 591.5196466035825,
            "y": 653.5731634486749,
            "z": 10.0
        },
        {
            "x": 575.8006764170522,
            "y": 706.3997562465,
            "z": 10.0
        },
        {
            "x": 587.4207533507523,
            "y": 666.3592166078668,
            "z": 10.0
        },
        {
            "x": 551.199106565955,
            "y": 704.5996503231755,
            "z": 10.0
        },
        {
            "x": 600.6951965244654,
            "y": 633.6402113511837,
            "z": 10.0
        },
        {
            "x": 568.3604714974304,
            "y": 628.7023686338359,
            "z": 10.0
        },
        {
            "x": 577.2325278484105,
            "y": 659.937192053872,
            "z": 10.0
        },
        {
            "x": 598.2816548411796,
            "y": 667.0002012143024,
            "z": 10.0
        },
        {
            "x": 589.187440278899,
            "y": 652.2650399048488,
            "z": 10.0
        },
        {
            "x": 517.7627394787044,
            "y": 662.3966861725464,
            "z": 13.291144295178654
        },
        {
            "x": 538.6988377265982,
            "y": 646.2278185534094,
            "z": 10.0
        },
        {
            "x": 519.3120821288577,
            "y": 678.2866254768221,
            "z": 10.970375697119609
        },
        {
            "x": 565.7370812192327,
            "y": 649.4026842883441,
            "z": 10.0
        },
        {
            "x": 530.7341950612887,
            "y": 653.8117578340198,
            "z": 10.0
        },
        {
            "x": 562.1423081695939,
            "y": 634.8558004428413,
            "z": 10.0
        },
        {
            "x": 594.1556525334632,
            "y": 683.6216094485281,
            "z": 10.0
        },
        {
            "x": 608.3912812676673,
            "y": 671.422137513816,
            "z": 10.0
        },
        {
            "x": 555.4291628448525,
            "y": 677.6738598151633,
            "z": 10.0
        },
        {
            "x": 531.8086274289341,
            "y": 659.0047620130387,
            "z": 10.0
        },
        {
            "x": 539.4531809407293,
            "y": 649.3859813992204,
            "z": 10.0
        },
        {
            "x": 596.1780694983778,
            "y": 694.9267337697185,
            "z": 10.0
        },
        {
            "x": 552.6820695785041,
            "y": 665.2057917013078,
            "z": 10.0
        },
        {
            "x": 557.6955963930736,
            "y": 651.4247621424853,
            "z": 10.0
        },
        {
            "x": 564.154879031904,
            "y": 708.1619557538214,
            "z": 10.0
        },
        {
            "x": 592.4806059633678,
            "y": 697.2068759958094,
            "z": 10.0
        },
        {
            "x": 518.8407739269392,
            "y": 673.7130733161792,
            "z": 12.729985243493374
        },
        {
            "x": 538.5601748184118,
            "y": 641.156669240462,
            "z": 10.0
        },
        {
            "x": 604.0902087910071,
            "y": 643.4666922789977,
            "z": 10.0
        },
        {
            "x": 536.1492272431663,
            "y": 636.0316077955778,
            "z": 10.0
        },
        {
            "x": 595.3073175017763,
            "y": 688.3638806717112,
            "z": 10.0
        },
        {
            "x": 545.6898901624579,
            "y": 623.8394754258267,
            "z": 10.0
        },
        {
            "x": 561.7088140704063,
            "y": 691.9801162320991,
            "z": 10.0
        },
        {
            "x": 550.969143693914,
            "y": 657.6779619517599,
            "z": 10.0
        },
        {
            "x": 558.4426291976818,
            "y": 651.2239455882167,
            "z": 10.0
        },
        {
            "x": 528.866326400875,
            "y": 668.746154488336,
            "z": 10.55585017813428
        },
        {
            "x": 580.8420307505071,
            "y": 693.5619249658218,
            "z": 10.0
        },
        {
            "x": 590.9747728144049,
            "y": 638.5928948230198,
            "z": 10.0
        },
        {
            "x": 528.727931123327,
            "y": 643.8785861552783,
            "z": 10.0
        },
        {
            "x": 548.2077292165567,
            "y": 620.7040670900867,
            "z": 10.0
        },
        {
            "x": 556.4732370533274,
            "y": 672.70643823716,
            "z": 10.0
        },
        {
            "x": 608.531366231242,
            "y": 650.7711049941458,
            "z": 10.0
        },
        {
            "x": 542.0242388001368,
            "y": 669.1304106466937,
            "z": 10.0
        },
        {
            "x": 573.9855390741799,
            "y": 683.913355762972,
            "z": 10.0
        },
        {
            "x": 571.8459056274713,
            "y": 619.8613699238384,
            "z": 10.0
        },
        {
            "x": 592.966733524057,
            "y": 644.9637579889186,
            "z": 10.0
        },
        {
            "x": 547.6757509057361,
            "y": 656.7354143727582,
            "z": 10.0
        },
        {
            "x": 542.9408091865045,
            "y": 680.8029459654545,
            "z": 10.0
        },
        {
            "x": 600.7723685072425,
            "y": 640.7799171797916,
            "z": 10.0
        },
        {
            "x": 574.9197159214671,
            "y": 660.0205201897322,
            "z": 10.0
        },
        {
            "x": 550.9470459990799,
            "y": 669.4144168773986,
            "z": 10.0
        },
        {
            "x": 538.5052310008898,
            "y": 649.4299043609088,
            "z": 10.0
        },
        {
            "x": 532.4131196879886,
            "y": 646.7172745540904,
            "z": 10.0
        },
        {
            "x": 549.7783932587877,
            "y": 697.8105598799866,
            "z": 10.0
        },
        {
            "x": 523.8636182594762,
            "y": 669.6331272442743,
            "z": 10.070872813896306
        },
        {
            "x": 587.9466931699949,
            "y": 625.9065667621054,
            "z": 10.0
        },
        {
            "x": 540.0876347803338,
            "y": 703.9687824179673,
            "z": 10.0
        },
        {
            "x": 579.135344681553,
            "y": 656.439617546544,
            "z": 10.0
        },
        {
            "x": 534.8327399572738,
            "y": 665.1762942249337,
            "z": 10.0
        },
        {
            "x": 581.4235506145728,
            "y": 703.8808565743548,
            "z": 10.0
        },
        {
            "x": 519.1744234621115,
            "y": 663.8002709608905,
            "z": 14.018422335504336
        },
        {
            "x": 605.140726576151,
            "y": 655.6616337731712,
            "z": 10.0
        },
        {
            "x": 551.2016262413274,
            "y": 698.314427751123,
            "z": 10.0
        },
        {
            "x": 547.3891171641081,
            "y": 676.7230582260371,
            "z": 10.0
        },
        {
            "x": 556.4073466104776,
            "y": 659.3711972417532,
            "z": 10.0
        },
        {
            "x": 582.4689366916484,
            "y": 692.606482163023,
            "z": 10.0
        },
        {
            "x": 548.1800078674853,
            "y": 629.9956346773901,
            "z": 10.0
        },
        {
            "x": 601.4929584739737,
            "y": 683.2153497492525,
            "z": 10.0
        },
        {
            "x": 585.9179223076891,
            "y": 655.6283304557501,
            "z": 10.0
        },
        {
            "x": 575.1431792838044,
            "y": 676.4049880983447,
            "z": 10.0
        },
        {
            "x": 578.8675337428571,
            "y": 641.2586866585249,
            "z": 10.0
        },
        {
            "x": 559.0995401949776,
            "y": 674.867582680719,
            "z": 10.0
        },
        {
            "x": 560.6481981433267,
            "y": 650.8794889908527,
            "z": 10.0
        },
        {
            "x": 586.59498249274,
            "y": 620.6120718502165,
            "z": 10.0
        },
        {
            "x": 552.6199361213227,
            "y": 660.9373029523111,
            "z": 10.0
        },
        {
            "x": 542.3839188655854,
            "y": 621.2348551581075,
            "z": 10.0
        },
        {
            "x": 553.0366031029935,
            "y": 619.266128008364,
            "z": 10.0
        },
        {
            "x": 582.608367807731,
            "y": 666.9141898145608,
            "z": 10.0
        },
        {
            "x": 575.547406741451,
            "y": 675.5959425149996,
            "z": 10.0
        },
        {
            "x": 604.8663708599037,
            "y": 650.1588814612966,
            "z": 10.0
        },
        {
            "x": 544.2146895408146,
            "y": 634.4800775651782,
            "z": 10.0
        },
        {
            "x": 593.4214248082168,
            "y": 637.4423620629368,
            "z": 10.0
        },
        {
            "x": 517.9683556727333,
            "y": 647.9259511037247,
            "z": 10.0
        },
        {
            "x": 570.0355547271422,
            "y": 614.0539927190343,
            "z": 10.0
        },
        {
            "x": 552.68408069636,
            "y": 659.2334604643679,
            "z": 10.0
        },
        {
            "x": 574.7591260254007,
            "y": 628.2451752460588,
            "z": 10.0
        },
        {
            "x": 569.629934723973,
            "y": 703.5185793012051,
            "z": 10.0
        },
        {
            "x": 546.3632449888306,
            "y": 640.2946388303767,
            "z": 10.0
        },
        {
            "x": 532.0890843162905,
            "y": 659.975291986977,
            "z": 10.0
        },
        {
            "x": 585.1953898018435,
            "y": 657.1722488455546,
            "z": 10.0
        },
        {
            "x": 587.1547573823823,
            "y": 637.1674825276277,
            "z": 10.0
        },
        {
            "x": 521.0210120498022,
            "y": 660.6662139890855,
            "z": 10.476495399370926
        },
        {
            "x": 580.4651531242075,
            "y": 651.7262288778859,
            "z": 10.0
        },
        {
            "x": 560.798177635247,
            "y": 664.3663190474987,
            "z": 10.0
        },
        {
            "x": 571.3443703379799,
            "y": 681.5859921653957,
            "z": 10.0
        },
        {
            "x": 581.6113909876456,
            "y": 632.260357184496,
            "z": 10.0
        },
        {
            "x": 573.7180230142105,
            "y": 674.5775789810609,
            "z": 10.0
        },
        {
            "x": 521.0673613444708,
            "y": 635.270873905765,
            "z": 10.0
        },
        {
            "x": 552.588269822217,
            "y": 647.2055092574772,
            "z": 10.0
        },
        {
            "x": 544.2413488754875,
            "y": 696.8275740477105,
            "z": 10.0
        },
        {
            "x": 577.4137324358272,
            "y": 694.6020437339287,
            "z": 10.0
        },
        {
            "x": 546.4713753604447,
            "y": 620.935543989868,
            "z": 10.0
        },
        {
            "x": 526.3272150612416,
            "y": 670.1925514241843,
            "z": 11.801032470845144
        },
        {
            "x": 566.8860580737927,
            "y": 701.4607729321841,
            "z": 10.0
        },
        {
            "x": 559.4730858224515,
            "y": 673.068954186837,
            "z": 10.0
        },
        {
            "x": 585.4373534784463,
            "y": 699.3074867270097,
            "z": 10.0
        },
        {
            "x": 528.2843317165473,
            "y": 692.1626875835333,
            "z": 14.567925166475609
        },
        {
            "x": 584.638199324068,
            "y": 678.3230105950468,
            "z": 10.0
        },
        {
            "x": 541.40583998996,
            "y": 677.17990945101,
            "z": 10.0
        },
        {
            "x": 565.0722340158401,
            "y": 630.3319589339799,
            "z": 10.0
        },
        {
            "x": 542.7233818017395,
            "y": 690.023792749263,
            "z": 10.0
        },
        {
            "x": 574.9679513753007,
            "y": 693.2466068815422,
            "z": 10.0
        },
        {
            "x": 549.4509532491695,
            "y": 638.0986450324402,
            "z": 10.0
        },
        {
            "x": 541.6091598255173,
            "y": 689.2478925262429,
            "z": 10.0
        },
        {
            "x": 584.2969989256746,
            "y": 634.7409000823726,
            "z": 10.0
        },
        {
            "x": 541.2419534432352,
            "y": 693.9887621057939,
            "z": 10.0
        },
        {
            "x": 540.9680499073888,
            "y": 651.404619544475,
            "z": 10.0
        },
        {
            "x": 567.282319415344,
            "y": 613.084826703489,
            "z": 10.0
        },
        {
            "x": 528.7151003881437,
            "y": 675.6584946109671,
            "z": 10.278919929462024
        },
        {
            "x": 518.3362537665485,
            "y": 638.7451318328788,
            "z": 10.0
        },
        {
            "x": 572.1390067927396,
            "y": 631.4450839105444,
            "z": 10.0
        },
        {
            "x": 570.24786798335,
            "y": 673.7794665509613,
            "z": 10.0
        },
        {
            "x": 584.1253281184722,
            "y": 631.7330775496348,
            "z": 10.0
        },
        {
            "x": 570.5245441743666,
            "y": 684.8936087974856,
            "z": 10.0
        },
        {
            "x": 544.1390222787365,
            "y": 625.5743685864695,
            "z": 10.0
        },
        {
            "x": 590.7285590755426,
            "y": 693.6399408034035,
            "z": 10.0
        },
        {
            "x": 519.8650189041143,
            "y": 672.6541370358898,
            "z": 12.956258101930842
        },
        {
            "x": 565.4058761371591,
            "y": 684.0291153322454,
            "z": 10.0
        },
        {
            "x": 591.4329080888385,
            "y": 669.5344263457868,
            "z": 10.0
        },
        {
            "x": 554.1862438180975,
            "y": 613.0665150235654,
            "z": 10.0
        },
        {
            "x": 536.3657483424033,
            "y": 642.2361140240074,
            "z": 10.0
        },
        {
            "x": 534.2667819737862,
            "y": 683.3678598175464,
            "z": 10.0
        },
        {
            "x": 581.3536886979846,
            "y": 670.4076263198947,
            "z": 10.0
        },
        {
            "x": 574.4984644218946,
            "y": 703.2644050524829,
            "z": 10.0
        },
        {
            "x": 566.0172117167953,
            "y": 694.6259184752644,
            "z": 10.0
        },
        {
            "x": 566.0660030515978,
            "y": 702.5572984261088,
            "z": 10.0
        },
        {
            "x": 548.87544440615,
            "y": 678.7394519380704,
            "z": 10.0
        },
        {
            "x": 589.2149263073438,
            "y": 674.298548855994,
            "z": 10.0
        },
        {
            "x": 520.2559946399651,
            "y": 655.1917294296392,
            "z": 10.0
        },
        {
            "x": 577.6487286438669,
            "y": 649.5030869201622,
            "z": 10.0
        },
        {
            "x": 588.2122014856685,
            "y": 693.8120481754704,
            "z": 10.0
        },
        {
            "x": 577.82804825167,
            "y": 671.3702965536827,
            "z": 10.0
        },
        {
            "x": 597.2783274337223,
            "y": 629.6446252337671,
            "z": 10.0
        },
        {
            "x": 566.8466097705668,
            "y": 636.8555092711707,
            "z": 10.0
        },
        {
            "x": 605.3897629986161,
            "y": 667.6940954385298,
            "z": 10.0
        },
        {
            "x": 560.960262128564,
            "y": 662.2532780252642,
            "z": 10.0
        },
        {
            "x": 565.5194362262423,
            "y": 695.1213186526468,
            "z": 10.0
        },
        {
            "x": 530.721573571562,
            "y": 671.9215923875024,
            "z": 10.0
        },
        {
            "x": 587.1355216048723,
            "y": 688.578820971437,
            "z": 10.0
        },
        {
            "x": 569.6903233157168,
            "y": 641.4738922367892,
            "z": 10.0
        },
        {
            "x": 596.220861516783,
            "y": 653.4690754601454,
            "z": 10.0
        },
        {
            "x": 576.0121382537469,
            "y": 615.9507089423197,
            "z": 10.0
        },
        {
            "x": 553.5027516031043,
            "y": 695.0245653663648,
            "z": 10.0
        },
        {
            "x": 545.364506940835,
            "y": 615.203464433366,
            "z": 10.0
        },
        {
            "x": 596.7127499581338,
            "y": 628.5682086102353,
            "z": 10.0
        },
        {
            "x": 569.6549864722803,
            "y": 613.2040377254033,
            "z": 10.0
        },
        {
            "x": 520.2587491514702,
            "y": 640.293093031429,
            "z": 10.0
        },
        {
            "x": 603.573427757749,
            "y": 680.472063866867,
            "z": 10.0
        },
        {
            "x": 524.2022033020315,
            "y": 675.2484254642096,
            "z": 11.377433157687827
        },
        {
            "x": 568.3007810586103,
            "y": 625.0257590711717,
            "z": 10.0
        },
        {
            "x": 522.7432830642558,
            "y": 641.8599959673465,
            "z": 10.0
        },
        {
            "x": 597.4424395995754,
            "y": 633.0528534905512,
            "z": 10.0
        },
        {
            "x": 516.9289736126922,
            "y": 644.2477953573847,
            "z": 10.0
        },
        {
            "x": 543.830797732063,
            "y": 639.8892127610429,
            "z": 10.0
        },
        {
            "x": 567.5279333864222,
            "y": 677.4150973895487,
            "z": 10.0
        },
        {
            "x": 584.5866300580834,
            "y": 630.6630709434448,
            "z": 10.0
        },
        {
            "x": 515.2490101899938,
            "y": 658.4696071467949,
            "z": 10.0
        },
        {
            "x": 593.9337266275076,
            "y": 671.6470581585062,
            "z": 10.0
        },
        {
            "x": 547.0408884462632,
            "y": 638.6003772787814,
            "z": 10.0
        },
        {
            "x": 528.6868703669104,
            "y": 657.8148331751734,
            "z": 10.0
        },
        {
            "x": 595.3473964707791,
            "y": 678.974062945961,
            "z": 10.0
        },
        {
            "x": 514.3772918791545,
            "y": 657.2636259426644,
            "z": 10.0
        },
        {
            "x": 523.255470388039,
            "y": 655.6920984136026,
            "z": 10.0
        }
    ],
    "sensors": [
        {
            "x": 505.8291995208911,
            "y": 608.676239487692,
            "z": 2.3319961104212545
        },
        {
            "x": 637.3642585367753,
            "y": 634.2088507334787,
            "z": -1.0
        },
        {
            "x": 495.9435836462538,
            "y": 652.2714290283451,
            "z": 0.4587252977807179
        },
        {
            "x": 536.8136060424126,
            "y": 570.599320465075,
            "z": -1.0
        },
        {
            "x": 474.9123113583775,
            "y": 687.5563840962641,
            "z": 23.25988564770769
        },
        {
            "x": 490.3566605831233,
            "y": 677.4616231965715,
            "z": 2.07133211662466
        },
        {
            "x": 491.6429433280174,
            "y": 611.9230954033223,
            "z": 14.465556636280551
        },
        {
            "x": 542.4160351003193,
            "y": 731.7909186326484,
            "z": -1.0
        },
        {
            "x": 506.6240645470244,
            "y": 660.8412696257915,
            "z": 2.2797169101156607
        },
        {
            "x": 629.8430464588358,
            "y": 630.6665792488952,
            "z": -1.0
        },
        {
            "x": 578.3539536693545,
            "y": 587.1811195332824,
            "z": -1.0
        },
        {
            "x": 566.2066911769449,
            "y": 601.8564902713312,
            "z": -1.0
        },
        {
            "x": 622.9230171666177,
            "y": 610.6747095319985,
            "z": -1.0
        },
        {
            "x": 556.5433376205762,
            "y": 583.8373593746079,
            "z": -1.0
        },
        {
            "x": 491.89276533422964,
            "y": 613.9396354138576,
            "z": 12.242167305321336
        },
        {
            "x": 564.208718938468,
            "y": 729.1136662985202,
            "z": -1.0
        },
        {
            "x": 618.5927338291186,
            "y": 723.723176168419,
            "z": -1.0
        },
        {
            "x": 639.8773508648101,
            "y": 658.6301899972872,
            "z": -1.0
        },
        {
            "x": 544.5767856954079,
            "y": 738.1891987097086,
            "z": -1.0
        },
        {
            "x": 493.2031344232165,
            "y": 708.8302965729532,
            "z": 11.012080911393294
        },
        {
            "x": 519.6463383831049,
            "y": 715.8535963170523,
            "z": 9.979178726551902
        },
        {
            "x": 648.27577941061,
            "y": 673.172269451062,
            "z": -1.0
        },
        {
            "x": 591.4296197525765,
            "y": 599.9911279782876,
            "z": -1.0
        },
        {
            "x": 626.205486611204,
            "y": 696.7793117626721,
            "z": -1.0
        },
        {
            "x": 516.6399578133442,
            "y": 638.812428224202,
            "z": -1.0
        },
        {
            "x": 496.8631753466424,
            "y": 607.6280374150489,
            "z": 12.477270298365191
        },
        {
            "x": 618.9423012453644,
            "y": 589.4360126226699,
            "z": -1.0
        },
        {
            "x": 603.2822925020677,
            "y": 732.3101128127012,
            "z": -1.0
        },
        {
            "x": 590.456623017307,
            "y": 750.3635271599999,
            "z": -1.0
        },
        {
            "x": 474.8901569065052,
            "y": 686.4447276500641,
            "z": 24.521925992284842
        },
        {
            "x": 536.0382791928319,
            "y": 737.4590863830524,
            "z": -0.23286270880011184
        },
        {
            "x": 598.1792847229503,
            "y": 717.8684803914638,
            "z": -1.0
        },
        {
            "x": 631.2271677528195,
            "y": 613.6029786948282,
            "z": -1.0
        },
        {
            "x": 537.1542635026904,
            "y": 601.2566738492741,
            "z": -1.0
        },
        {
            "x": 513.9583251533644,
            "y": 613.4812712071347,
            "z": -1.0
        },
        {
            "x": 594.0745132343932,
            "y": 703.1346023283883,
            "z": -1.0
        },
        {
            "x": 626.117298447126,
            "y": 590.4786065699174,
            "z": -1.0
        },
        {
            "x": 557.3586171099702,
            "y": 611.128174195958,
            "z": -1.0
        },
        {
            "x": 620.139254710758,
            "y": 632.8827791808179,
            "z": -1.0
        },
        {
            "x": 622.113984580529,
            "y": 733.1346447125965,
            "z": -1.0
        },
        {
            "x": 647.2566401058991,
            "y": 694.5209997851466,
            "z": -1.0
        },
        {
            "x": 509.62003897113385,
            "y": 643.0506274186451,
            "z": -1.0
        },
        {
            "x": 568.3796951558661,
            "y": 734.6274082450502,
            "z": -1.0
        },
        {
            "x": 593.4087566431381,
            "y": 572.1859327664822,
            "z": -1.0
        },
        {
            "x": 556.6005601796481,
            "y": 750.1672155989069,
            "z": -1.0
        },
        {
            "x": 618.3053710605382,
            "y": 725.6954513205462,
            "z": -1.0
        },
        {
            "x": 632.2538645896426,
            "y": 616.9251906874317,
            "z": -1.0
        },
        {
            "x": 653.7445970485596,
            "y": 648.6326249373899,
            "z": -1.0
        },
        {
            "x": 607.8562203555041,
            "y": 633.2815411499367,
            "z": -1.0
        },
        {
            "x": 625.1486343213866,
            "y": 720.0702331906866,
            "z": -1.0
        },
        {
            "x": 625.4311588733835,
            "y": 673.4587500753458,
            "z": -1.0
        },
        {
            "x": 607.9673230468106,
            "y": 627.8845524367297,
            "z": -1.0
        },
        {
            "x": 510.31789234599177,
            "y": 692.8344713917761,
            "z": 4.702784761430777
        },
        {
            "x": 642.5978959192047,
            "y": 675.8938584718603,
            "z": -1.0
        },
        {
            "x": 475.179818178724,
            "y": 626.5411689383039,
            "z": 15.862191200318883
        },
        {
            "x": 533.3252227194906,
            "y": 736.4272585930684,
            "z": -0.4059919551403002
        },
        {
            "x": 624.2261011913082,
            "y": 707.2740462208433,
            "z": -1.0
        },
        {
            "x": 626.6184078520624,
            "y": 618.9000410611801,
            "z": -1.0
        },
        {
            "x": 477.5841989676125,
            "y": 682.0009293222616,
            "z": 31.611166468823498
        },
        {
            "x": 504.3682433394755,
            "y": 643.4472821491897,
            "z": -1.0
        },
        {
            "x": 625.1949550750865,
            "y": 632.6355561418047,
            "z": -1.0
        },
        {
            "x": 532.5384119576257,
            "y": 731.1912607484105,
            "z": 0.11801045239209218
        },
        {
            "x": 625.0047303053013,
            "y": 654.3996141990805,
            "z": -1.0
        },
        {
            "x": 644.5946866981446,
            "y": 670.9864961698564,
            "z": -1.0
        },
        {
            "x": 593.1497431176386,
            "y": 716.0545372220623,
            "z": -1.0
        },
        {
            "x": 518.3095972815161,
            "y": 580.858913717321,
            "z": 3.7250643123608675
        },
        {
            "x": 613.4492409234003,
            "y": 581.4976475649037,
            "z": -1.0
        },
        {
            "x": 494.48110894418596,
            "y": 637.7531526022767,
            "z": -1.0
        },
        {
            "x": 496.43089224963,
            "y": 631.1780821456034,
            "z": -1.0
        },
        {
            "x": 536.1458325550699,
            "y": 599.7479935041944,
            "z": -1.0
        },
        {
            "x": 506.01171342111803,
            "y": 615.8214749766291,
            "z": 0.49986397432092433
        },
        {
            "x": 481.6363639006148,
            "y": 685.5856452302154,
            "z": 11.089680110169517
        },
        {
            "x": 642.739136629749,
            "y": 703.4300512495021,
            "z": -1.0
        },
        {
            "x": 523.6525064159266,
            "y": 580.0376508181217,
            "z": -1.0
        },
        {
            "x": 555.587525650853,
            "y": 725.1095249334145,
            "z": -1.0
        },
        {
            "x": 541.3526876568976,
            "y": 597.93113490584,
            "z": -1.0
        },
        {
            "x": 502.40598815016534,
            "y": 606.106511182271,
            "z": 6.596817863063766
        },
        {
            "x": 639.8410143474406,
            "y": 610.8185175178174,
            "z": -1.0
        },
        {
            "x": 523.5265883656939,
            "y": 594.5425311124218,
            "z": -1.0
        },
        {
            "x": 610.6982126104277,
            "y": 585.1972831214088,
            "z": -1.0
        },
        {
            "x": 541.8202004422214,
            "y": 745.6902502819996,
            "z": -1.0
        },
        {
            "x": 503.33567650531484,
            "y": 633.7663354154902,
            "z": -1.0
        },
        {
            "x": 486.4472250060269,
            "y": 665.1529720957155,
            "z": 5.771025227975373
        },
        {
            "x": 491.4156470240039,
            "y": 662.3533010348465,
            "z": 1.5455960372383704
        },
        {
            "x": 513.8515202208524,
            "y": 581.4416423296767,
            "z": 3.8053877259485986
        },
        {
            "x": 569.2014191252455,
            "y": 594.4757275556951,
            "z": -1.0
        },
        {
            "x": 631.6515998690174,
            "y": 651.8434284152637,
            "z": -1.0
        },
        {
            "x": 602.5278277173243,
            "y": 581.0213184140689,
            "z": -1.0
        },
        {
            "x": 621.7790025852304,
            "y": 646.9757334340231,
            "z": -1.0
        },
        {
            "x": 529.3094536339161,
            "y": 733.3439845635154,
            "z": 3.654726816958032
        },
        {
            "x": 633.5094530107044,
            "y": 715.1890018619488,
            "z": -1.0
        },
        {
            "x": 596.2983542792387,
            "y": 728.5897709420292,
            "z": -1.0
        },
        {
            "x": 600.0970099006216,
            "y": 604.6048339520561,
            "z": -1.0
        },
        {
            "x": 569.1319729539882,
            "y": 737.5369979807078,
            "z": -1.0
        },
        {
            "x": 543.65894229035,
            "y": 610.2144203323967,
            "z": -1.0
        },
        {
            "x": 588.5522411167402,
            "y": 615.2434761665058,
            "z": -1.0
        },
        {
            "x": 652.3775229387974,
            "y": 652.9439513325002,
            "z": -1.0
        },
        {
            "x": 609.6287049185089,
            "y": 702.4380338299995,
            "z": -1.0
        },
        {
            "x": 479.9603142508634,
            "y": 652.9664650329792,
            "z": 12.728077747295568
        },
        {
            "x": 638.9867120931611,
            "y": 651.7598980758875,
            "z": -1.0
        },
        {
            "x": 487.3242052816937,
            "y": 640.8421790826205,
            "z": 6.816345710741951
        },
        {
            "x": 516.3482913297165,
            "y": 728.4362957335414,
            "z": 3.465463945964398
        },
        {
            "x": 497.85635176224486,
            "y": 614.7671174275647,
            "z": 5.751052324219207
        },
        {
            "x": 587.222383670402,
            "y": 718.8254967485208,
            "z": -1.0
        },
        {
            "x": 645.1372967298438,
            "y": 629.6723707056397,
            "z": -1.0
        },
        {
            "x": 637.2164480197004,
            "y": 687.7988792427633,
            "z": -1.0
        },
        {
            "x": 495.6568005726847,
            "y": 603.7187095986967,
            "z": 17.705636963904738
        },
        {
            "x": 607.0093183603773,
            "y": 726.2254925497547,
            "z": -1.0
        },
        {
            "x": 587.3274866827087,
            "y": 748.6514176157731,
            "z": -1.0
        },
        {
            "x": 473.18372667700004,
            "y": 631.8805581105607,
            "z": 15.143177494021028
        },
        {
            "x": 583.9774598249712,
            "y": 706.3360982233627,
            "z": -1.0
        },
        {
            "x": 611.8551319192454,
            "y": 586.0298636565933,
            "z": -1.0
        },
        {
            "x": 589.0243581820607,
            "y": 727.5587564440108,
            "z": -1.0
        },
        {
            "x": 578.7965078526769,
            "y": 734.2643931705227,
            "z": -1.0
        },
        {
            "x": 606.1013775904921,
            "y": 605.3456519591192,
            "z": -1.0
        },
        {
            "x": 510.2490654082189,
            "y": 649.308326169916,
            "z": -1.0
        },
        {
            "x": 514.060050822161,
            "y": 586.6352030248577,
            "z": 0.8822657178320821
        },
        {
            "x": 472.7494794414252,
            "y": 669.918801312931,
            "z": 7.291134650123716
        },
        {
            "x": 507.4894414856983,
            "y": 626.6777084247951,
            "z": -1.0
        },
        {
            "x": 509.2424993594409,
            "y": 664.0143755874315,
            "z": 2.325143018852849
        },
        {
            "x": 491.5045279449608,
            "y": 615.0663123512144,
            "z": 11.505383788927858
        },
        {
            "x": 544.6356142922752,
            "y": 743.989154335784,
            "z": -1.0
        },
        {
            "x": 601.3658744572507,
            "y": 589.7417421479756,
            "z": -1.0
        },
        {
            "x": 481.2332583165426,
            "y": 678.3558242443386,
            "z": 4.116075797271904
        },
        {
            "x": 646.1937279294186,
            "y": 675.307499462329,
            "z": -1.0
        },
        {
            "x": 630.8669079981428,
            "y": 709.8485346089448,
            "z": -1.0
        },
        {
            "x": 573.24178229851,
            "y": 606.197582860519,
            "z": -1.0
        },
        {
            "x": 624.9878641530307,
            "y": 670.5297628991048,
            "z": -1.0
        },
        {
            "x": 524.5782363862837,
            "y": 598.0311457536721,
            "z": -1.0
        },
        {
            "x": 514.3652224357442,
            "y": 736.4947151913357,
            "z": 3.8783271089563343
        },
        {
            "x": 505.4615718409744,
            "y": 642.988784377893,
            "z": -1.0
        },
        {
            "x": 510.5275177396617,
            "y": 633.5533887165878,
            "z": -1.0
        },
        {
            "x": 639.0546421712434,
            "y": 662.9361985296815,
            "z": -1.0
        },
        {
            "x": 570.8048517407453,
            "y": 713.635403142165,
            "z": -1.0
        },
        {
            "x": 521.5717678799698,
            "y": 574.7290253174291,
            "z": -1.0
        },
        {
            "x": 651.8145584867478,
            "y": 631.3217578403763,
            "z": -1.0
        },
        {
            "x": 512.7539388581531,
            "y": 607.9549515968223,
            "z": -0.2590727116269005
        },
        {
            "x": 538.4808022190833,
            "y": 598.9684324501303,
            "z": -1.0
        },
        {
            "x": 495.0890989955775,
            "y": 663.6493301123747,
            "z": 1.867339877844358
        },
        {
            "x": 574.7179651176182,
            "y": 587.8047578374234,
            "z": -1.0
        },
        {
            "x": 631.6216822016654,
            "y": 701.8630146556435,
            "z": -1.0
        },
        {
            "x": 580.5991215767432,
            "y": 724.7687740196687,
            "z": -1.0
        },
        {
            "x": 634.9362643711918,
            "y": 675.7593798869331,
            "z": -1.0
        },
        {
            "x": 523.8230987415413,
            "y": 746.7902831698805,
            "z": 4.1227106437393415
        },
        {
            "x": 628.0788799833873,
            "y": 677.6943462458465,
            "z": -1.0
        },
        {
            "x": 483.4956833483391,
            "y": 699.0566968889684,
            "z": 13.442448159741577
        },
        {
            "x": 607.9263388542934,
            "y": 739.9320129160477,
            "z": -1.0
        },
        {
            "x": 510.8066720538156,
            "y": 637.0596164646068,
            "z": -1.0
        },
        {
            "x": 583.7952924139263,
            "y": 585.3501133881102,
            "z": -1.0
        },
        {
            "x": 508.26968060109635,
            "y": 652.041365998181,
            "z": 1.632614448642721
        },
        {
            "x": 646.7128454342268,
            "y": 649.8960564227528,
            "z": -1.0
        },
        {
            "x": 529.5668536497666,
            "y": 611.6609936305475,
            "z": -1.0
        },
        {
            "x": 620.766744159821,
            "y": 610.590210249003,
            "z": -1.0
        },
        {
            "x": 584.6389835059169,
            "y": 732.297366219633,
            "z": -1.0
        },
        {
            "x": 524.5876093887275,
            "y": 735.036249506287,
            "z": 1.2938046943637573
        },
        {
            "x": 509.1167200824946,
            "y": 606.1679493584634,
            "z": 2.9243332698809805
        },
        {
            "x": 620.0733135860546,
            "y": 655.8210287098503,
            "z": -1.0
        },
        {
            "x": 527.8029152102351,
            "y": 752.1932755971341,
            "z": 6.341255482333622
        },
        {
            "x": 608.086427759743,
            "y": 579.1425045784872,
            "z": -1.0
        },
        {
            "x": 543.8026793092515,
            "y": 608.355881167281,
            "z": -1.0
        },
        {
            "x": 593.0177106690658,
            "y": 618.0238132552038,
            "z": -1.0
        },
        {
            "x": 574.9360626764093,
            "y": 579.9217428368003,
            "z": -1.0
        },
        {
            "x": 501.63878284635945,
            "y": 625.5767716416228,
            "z": -1.0
        },
        {
            "x": 471.87236075969383,
            "y": 683.6832830177111,
            "z": 25.607712552367683
        },
        {
            "x": 629.4832461984968,
            "y": 729.2250136719534,
            "z": -1.0
        },
        {
            "x": 577.0154032411285,
            "y": 747.1211470861559,
            "z": -1.0
        },
        {
            "x": 633.3353554230283,
            "y": 629.0420042852495,
            "z": -1.0
        },
        {
            "x": 474.38766477422,
            "y": 668.5142071688491,
            "z": 10.209695542312282
        },
        {
            "x": 546.1260290971923,
            "y": 752.4132837634265,
            "z": -1.0
        },
        {
            "x": 617.6319619048409,
            "y": 685.5027881375353,
            "z": -1.0
        },
        {
            "x": 549.6015546129554,
            "y": 714.0941512419712,
            "z": -1.0
        },
        {
            "x": 540.8671968280742,
            "y": 728.3742391582199,
            "z": -1.0
        },
        {
            "x": 492.65057864436943,
            "y": 679.7347331754063,
            "z": 2.530115728873887
        },
        {
            "x": 577.9694022705933,
            "y": 611.2420659341061,
            "z": -1.0
        },
        {
            "x": 565.3049777904452,
            "y": 571.4687844489235,
            "z": -1.0
        },
        {
            "x": 560.4317307764956,
            "y": 592.2961118564893,
            "z": -1.0
        },
        {
            "x": 632.0902147150936,
            "y": 644.3764972035624,
            "z": -1.0
        },
        {
            "x": 563.3520769365189,
            "y": 601.7844622442195,
            "z": -1.0
        },
        {
            "x": 536.6284899262918,
            "y": 590.2858226158331,
            "z": -1.0
        },
        {
            "x": 523.330626025052,
            "y": 723.6188651634174,
            "z": 4.519725274658393
        },
        {
            "x": 520.0852008821734,
            "y": 692.4983122936219,
            "z": 2.7572353572927777
        },
        {
            "x": 644.8661539747936,
            "y": 646.3277522852572,
            "z": -1.0
        },
        {
            "x": 564.5460740480074,
            "y": 746.1687671613721,
            "z": -1.0
        },
        {
            "x": 561.7398661977414,
            "y": 598.4345089087628,
            "z": -1.0
        },
        {
            "x": 634.7645490608679,
            "y": 655.8755375815953,
            "z": -1.0
        },
        {
            "x": 526.0752617126307,
            "y": 718.9027266779946,
            "z": 3.7305285003575728
        },
        {
            "x": 568.1766688183824,
            "y": 606.3761751922211,
            "z": -1.0
        },
        {
            "x": 596.1287962028217,
            "y": 595.6215905918444,
            "z": -1.0
        },
        {
            "x": 515.0382999707078,
            "y": 719.8657980896642,
            "z": 7.544296167340928
        },
        {
            "x": 507.0883207997051,
            "y": 706.2033911036139,
            "z": 8.892203514608495
        },
        {
            "x": 492.6530001151344,
            "y": 625.5886459564091,
            "z": 1.9169195885327501
        },
        {
            "x": 609.8034459201369,
            "y": 685.2569359057406,
            "z": -1.0
        },
        {
            "x": 539.8557466092154,
            "y": 728.4560457368681,
            "z": -0.984409555362885
        },
        {
            "x": 482.1884882108293,
            "y": 613.2179451354585,
            "z": 18.821182677312226
        },
        {
            "x": 620.0885147462728,
            "y": 587.736341672226,
            "z": -1.0
        },
        {
            "x": 639.0657376668427,
            "y": 707.2501746036367,
            "z": -1.0
        },
        {
            "x": 641.6257319142101,
            "y": 689.680438155604,
            "z": -1.0
        },
        {
            "x": 618.2180217004287,
            "y": 721.3016865098887,
            "z": -1.0
        },
        {
            "x": 575.8163114888843,
            "y": 579.737281135351,
            "z": -1.0
        },
        {
            "x": 514.6091227383173,
            "y": 578.7919531788232,
            "z": -0.34029622868720877
        },
        {
            "x": 550.5313988964393,
            "y": 779.9201847171923,
            "z": 7.062817968052819
        },
        {
            "x": 637.7947813997035,
            "y": 581.9469845282797,
            "z": -1.0
        },
        {
            "x": 651.8045648165394,
            "y": 538.2661207684555,
            "z": -1.0
        },
        {
            "x": 480.1229484210038,
            "y": 741.7301006362487,
            "z": 34.28006707443762
        },
        {
            "x": 498.31358869909224,
            "y": 768.9742640875157,
            "z": 24.60578262000443
        },
        {
            "x": 638.782859884441,
            "y": 496.9507688549889,
            "z": -1.0
        },
        {
            "x": 502.5519245877618,
            "y": 739.3626651029649,
            "z": 9.131455508643622
        },
        {
            "x": 477.06407468934066,
            "y": 786.5737802370274,
            "z": 63.34300037658828
        },
        {
            "x": 538.1472307938234,
            "y": 773.7608589754869,
            "z": 21.66106723131176
        },
        {
            "x": 694.7703464320156,
            "y": 658.642102573942,
            "z": -1.0
        },
        {
            "x": 616.0528192825905,
            "y": 557.8906662946088,
            "z": -1.0
        },
        {
            "x": 577.5995649825539,
            "y": 781.6407679213082,
            "z": 8.356761873833522
        },
        {
            "x": 706.1037014437758,
            "y": 697.8598173376975,
            "z": -1.0
        },
        {
            "x": 662.7506184324607,
            "y": 654.0378069712427,
            "z": -1.0
        },
        {
            "x": 604.322594951647,
            "y": 753.8848813223292,
            "z": -1.0
        },
        {
            "x": 502.5362497777035,
            "y": 759.1804490688953,
            "z": 13.525827986849762
        },
        {
            "x": 622.2304158564126,
            "y": 481.5844674389533,
            "z": -1.0
        },
        {
            "x": 679.0452981201993,
            "y": 718.0790140268024,
            "z": -1.0
        },
        {
            "x": 462.02688075413545,
            "y": 577.2674308463046,
            "z": 41.84583279148773
        },
        {
            "x": 680.0638917549181,
            "y": 677.9387820690114,
            "z": -1.0
        },
        {
            "x": 449.39846345706303,
            "y": 552.9633724692488,
            "z": 60.11639527790838
        },
        {
            "x": 671.7963217592834,
            "y": 751.0316653940941,
            "z": -1.0
        },
        {
            "x": 663.4054193618427,
            "y": 756.9005462188036,
            "z": -1.0
        },
        {
            "x": 468.95145620535595,
            "y": 589.8487513174582,
            "z": 50.06424012819673
        },
        {
            "x": 623.2962579007041,
            "y": 562.50731222624,
            "z": -1.0
        },
        {
            "x": 684.102002297981,
            "y": 537.4577293603124,
            "z": -1.0
        },
        {
            "x": 504.9264292381743,
            "y": 790.2365394496052,
            "z": 57.782488507901796
        },
        {
            "x": 433.5127507857159,
            "y": 791.963091289965,
            "z": 80.08942140167964
        },
        {
            "x": 654.6360955638232,
            "y": 793.3933210025004,
            "z": -1.0
        },
        {
            "x": 677.4492100694868,
            "y": 755.0224776998493,
            "z": -1.0
        },
        {
            "x": 493.88445877129925,
            "y": 750.1252446260328,
            "z": 25.533613036370152
        },
        {
            "x": 430.06283209971383,
            "y": 556.7525663732897,
            "z": 71.90351679858921
        },
        {
            "x": 715.3681647206381,
            "y": 751.3608900416028,
            "z": -1.0
        },
        {
            "x": 665.7436921287606,
            "y": 797.6321415949958,
            "z": -1.0
        },
        {
            "x": 707.8959036731892,
            "y": 634.8654296374899,
            "z": -1.0
        },
        {
            "x": 719.5432119649681,
            "y": 722.8550475485554,
            "z": -1.0
        },
        {
            "x": 712.935280201591,
            "y": 714.424488650356,
            "z": -1.0
        },
        {
            "x": 644.6856294480664,
            "y": 583.5267908974362,
            "z": -1.0
        },
        {
            "x": 675.1881620822774,
            "y": 802.6911943533894,
            "z": -1.0
        },
        {
            "x": 565.7263573671714,
            "y": 524.0666088280375,
            "z": -1.0
        },
        {
            "x": 439.4534683890586,
            "y": 585.9142255594468,
            "z": 70.210521971086
        },
        {
            "x": 479.2041841009881,
            "y": 608.3647606570288,
            "z": 26.465771925097858
        },
        {
            "x": 581.9885852247587,
            "y": 819.604733616939,
            "z": -1.0
        },
        {
            "x": 581.8549664982293,
            "y": 532.8684795542987,
            "z": -1.0
        },
        {
            "x": 570.3960406411644,
            "y": 843.1488325662062,
            "z": -1.0
        },
        {
            "x": 415.51074731151436,
            "y": 783.1036923403034,
            "z": 66.01016624726603
        },
        {
            "x": 550.1001646621604,
            "y": 810.0105563904152,
            "z": 17.898250348371686
        },
        {
            "x": 550.9679558387554,
            "y": 526.942387860689,
            "z": -1.0
        },
        {
            "x": 614.4654555076651,
            "y": 567.4225677271835,
            "z": -1.0
        },
        {
            "x": 725.3565769683189,
            "y": 526.4896077729214,
            "z": -1.0
        },
        {
            "x": 666.9537105191704,
            "y": 652.99522458586,
            "z": -1.0
        },
        {
            "x": 713.3919064264702,
            "y": 732.3559417340674,
            "z": -1.0
        },
        {
            "x": 511.4193102479677,
            "y": 567.7918937862619,
            "z": -0.8433006111120164
        },
        {
            "x": 577.2098634110116,
            "y": 885.2931307915553,
            "z": 6.633645944147953
        },
        {
            "x": 411.21295971555884,
            "y": 760.6697183072392,
            "z": 93.68855312482087
        },
        {
            "x": 612.8397881986009,
            "y": 516.6065424538442,
            "z": -1.0
        },
        {
            "x": 735.7140474266957,
            "y": 544.7689636003113,
            "z": -1.0
        },
        {
            "x": 676.0904310321573,
            "y": 582.1456262638146,
            "z": -1.0
        },
        {
            "x": 596.3888593051971,
            "y": 503.57225989530554,
            "z": -1.0
        },
        {
            "x": 736.4349340440531,
            "y": 735.2723973650267,
            "z": -1.0
        },
        {
            "x": 402.97349417505643,
            "y": 550.5758712607825,
            "z": 111.47449336062235
        },
        {
            "x": 731.0445545017357,
            "y": 519.53411946987,
            "z": -1.0
        },
        {
            "x": 721.08768481847,
            "y": 773.2776763611485,
            "z": -1.0
        },
        {
            "x": 735.2631354579266,
            "y": 795.3576633638106,
            "z": -1.0
        },
        {
            "x": 635.6408246916388,
            "y": 745.7006611051645,
            "z": -1.0
        },
        {
            "x": 615.366144982208,
            "y": 499.0023535232991,
            "z": -1.0
        },
        {
            "x": 619.7283551078873,
            "y": 486.2382211873452,
            "z": -1.0
        },
        {
            "x": 431.9098961882285,
            "y": 755.0903953682473,
            "z": 110.21223005138148
        },
        {
            "x": 543.4227542885529,
            "y": 485.82812098615733,
            "z": -1.0
        },
        {
            "x": 549.5175530357059,
            "y": 460.25069232158364,
            "z": -1.0
        },
        {
            "x": 451.32442289762275,
            "y": 574.3626444260733,
            "z": 50.4958120800159
        },
        {
            "x": 403.54284116392944,
            "y": 810.8296639402982,
            "z": 29.19884746877451
        },
        {
            "x": 727.644886608545,
            "y": 491.2831644070206,
            "z": -1.0
        },
        {
            "x": 526.3631077170277,
            "y": 465.7058466006643,
            "z": -1.0
        },
        {
            "x": 718.2362447162751,
            "y": 678.6704471538083,
            "z": -1.0
        },
        {
            "x": 717.836509896862,
            "y": 575.6215091822364,
            "z": -1.0
        },
        {
            "x": 570.0542472921671,
            "y": 441.3334611237427,
            "z": -1.0
        },
        {
            "x": 470.67295946160095,
            "y": 764.4032592179311,
            "z": 45.60305267881395
        },
        {
            "x": 660.4080431060918,
            "y": 477.2307980820298,
            "z": -1.0
        },
        {
            "x": 713.8210267041817,
            "y": 590.7953339093992,
            "z": -1.0
        },
        {
            "x": 660.2407433762148,
            "y": 607.1033415554647,
            "z": -1.0
        },
        {
            "x": 635.3762191620929,
            "y": 444.6291617203392,
            "z": -1.0
        },
        {
            "x": 644.194549106675,
            "y": 720.3400799893507,
            "z": -1.0
        },
        {
            "x": 549.103782340671,
            "y": 511.87787013688654,
            "z": -1.0
        },
        {
            "x": 401.69466235873494,
            "y": 763.4614947888773,
            "z": 85.16512684643025
        },
        {
            "x": 536.9868936883914,
            "y": 406.46433166427806,
            "z": -1.0
        },
        {
            "x": 506.3651302135663,
            "y": 758.1850410040462,
            "z": 15.469949872348312
        },
        {
            "x": 367.568511141137,
            "y": 525.7451294611777,
            "z": 109.5961975546174
        },
        {
            "x": 707.2724639962562,
            "y": 631.2561843484053,
            "z": -1.0
        },
        {
            "x": 489.674967677038,
            "y": 765.9557028854346,
            "z": 40.00403624888868
        },
        {
            "x": 691.7943377929121,
            "y": 694.4892735610441,
            "z": -1.0
        },
        {
            "x": 443.738527819303,
            "y": 665.7183186720436,
            "z": 46.03165483273938
        },
        {
            "x": 710.9645955365394,
            "y": 699.9040684737039,
            "z": -1.0
        },
        {
            "x": 741.9400920168176,
            "y": 480.040074249805,
            "z": -1.0
        },
        {
            "x": 546.8082737437993,
            "y": 557.4882072083086,
            "z": -1.0
        },
        {
            "x": 690.0556433545648,
            "y": 574.8782603573989,
            "z": -1.0
        },
        {
            "x": 650.7312322608069,
            "y": 537.1287461262905,
            "z": -1.0
        },
        {
            "x": 556.7405146363417,
            "y": 808.6695779428121,
            "z": 10.897592904917648
        },
        {
            "x": 533.8616121859297,
            "y": 869.1374663302785,
            "z": 6.250920055509811
        },
        {
            "x": 608.5564415705135,
            "y": 483.56248114420885,
            "z": -1.0
        },
        {
            "x": 779.5641587647741,
            "y": 488.5033257225235,
            "z": -1.0
        },
        {
            "x": 698.0711217944331,
            "y": 556.1059379739197,
            "z": -1.0
        },
        {
            "x": 603.966402978819,
            "y": 498.3657438450931,
            "z": -1.0
        },
        {
            "x": 704.6230408967289,
            "y": 453.6225146669892,
            "z": -1.0
        },
        {
            "x": 712.0982847999126,
            "y": 797.4907771955807,
            "z": -1.0
        },
        {
            "x": 726.421998855584,
            "y": 705.7059589714178,
            "z": -1.0
        },
        {
            "x": 614.6686324496554,
            "y": 569.6320884245605,
            "z": -1.0
        },
        {
            "x": 593.757104794054,
            "y": 567.1140397509295,
            "z": -1.0
        },
        {
            "x": 451.0277700247303,
            "y": 637.5963640555151,
            "z": 42.58337688663929
        },
        {
            "x": 651.1153262761246,
            "y": 695.1013254325112,
            "z": -1.0
        },
        {
            "x": 389.1349905098018,
            "y": 824.2860864344468,
            "z": 13.160911561964717
        },
        {
            "x": 600.2238307958501,
            "y": 482.9055359228522,
            "z": -1.0
        },
        {
            "x": 610.2094242751808,
            "y": 829.0073639729375,
            "z": -1.0
        },
        {
            "x": 615.7078464192332,
            "y": 417.96657231044276,
            "z": -1.0
        },
        {
            "x": 665.5884460285955,
            "y": 716.7552807020734,
            "z": -1.0
        },
        {
            "x": 729.4157238938654,
            "y": 621.7419902152819,
            "z": -1.0
        },
        {
            "x": 657.1296570322771,
            "y": 453.04009563634474,
            "z": -1.0
        },
        {
            "x": 757.2183308192286,
            "y": 745.0377649658378,
            "z": -1.0
        },
        {
            "x": 749.3842503460249,
            "y": 448.55504020069225,
            "z": -1.0
        },
        {
            "x": 807.7669782196409,
            "y": 454.16846970788805,
            "z": -1.0
        },
        {
            "x": 648.627741009681,
            "y": 501.14874945379574,
            "z": -1.0
        },
        {
            "x": 786.1517202166033,
            "y": 713.7814992890709,
            "z": -1.0
        },
        {
            "x": 512.632398158362,
            "y": 443.85712024060365,
            "z": -1.0
        },
        {
            "x": 558.1551022887309,
            "y": 420.08459140516294,
            "z": -1.0
        },
        {
            "x": 646.4109787610003,
            "y": 423.15921026637847,
            "z": -1.0
        },
        {
            "x": 762.2758199770615,
            "y": 567.0829744623464,
            "z": -1.0
        },
        {
            "x": 794.2062059958154,
            "y": 518.1969523518874,
            "z": -1.0
        },
        {
            "x": 768.3534117888789,
            "y": 729.6784176659233,
            "z": -1.0
        },
        {
            "x": 716.0799312000447,
            "y": 834.5753004040907,
            "z": -1.0
        },
        {
            "x": 559.4267051608609,
            "y": 776.0496148513815,
            "z": 9.827273673662745
        },
        {
            "x": 578.7105046620917,
            "y": 873.1346902930318,
            "z": 4.428631903115161
        },
        {
            "x": 415.9098470691761,
            "y": 748.7023492318234,
            "z": 118.71991920993518
        },
        {
            "x": 429.50338373285047,
            "y": 702.8624983600151,
            "z": 107.30343454497519
        },
        {
            "x": 583.871402274066,
            "y": 915.8140850542502,
            "z": 28.80180369662962
        },
        {
            "x": 688.4967734143202,
            "y": 709.4097055987188,
            "z": -1.0
        },
        {
            "x": 675.5623457445167,
            "y": 699.6234600103967,
            "z": -1.0
        },
        {
            "x": 593.5296634033878,
            "y": 937.9795943947612,
            "z": 32.61846893431096
        },
        {
            "x": 539.4740649752553,
            "y": 828.7589194352854,
            "z": 16.909616904230205
        },
        {
            "x": 681.9159295959339,
            "y": 448.48248075153816,
            "z": -1.0
        },
        {
            "x": 423.1031929619713,
            "y": 639.9704146085502,
            "z": 58.71722564789295
        },
        {
            "x": 591.1991190910954,
            "y": 799.9838022337204,
            "z": -1.0
        },
        {
            "x": 585.2948021093829,
            "y": 841.7066020460936,
            "z": -1.0
        },
        {
            "x": 548.7585960220985,
            "y": 406.7579513804941,
            "z": -1.0
        },
        {
            "x": 765.2497754800532,
            "y": 816.3957046803854,
            "z": -1.0
        },
        {
            "x": 523.7955710962375,
            "y": 535.9139478947311,
            "z": -1.0
        },
        {
            "x": 804.5388863159916,
            "y": 465.8354016033458,
            "z": -1.0
        },
        {
            "x": 545.6180275956816,
            "y": 876.9246960420091,
            "z": 5.387647430400293
        },
        {
            "x": 635.0643886920701,
            "y": 812.6873108142107,
            "z": -1.0
        },
        {
            "x": 774.8995386390461,
            "y": 436.5451158537339,
            "z": -1.0
        },
        {
            "x": 635.2950949980209,
            "y": 787.5872694513181,
            "z": -1.0
        },
        {
            "x": 772.9462288632826,
            "y": 473.0699633399825,
            "z": -1.0
        },
        {
            "x": 671.852966625419,
            "y": 633.3729769717942,
            "z": -1.0
        },
        {
            "x": 728.9387505445995,
            "y": 717.2799578230143,
            "z": -1.0
        },
        {
            "x": 485.6295453585974,
            "y": 595.4389950235732,
            "z": 28.13033059271293
        },
        {
            "x": 624.796387054528,
            "y": 560.6123314172896,
            "z": -1.0
        },
        {
            "x": 757.223236730056,
            "y": 863.532939576608,
            "z": -1.0
        },
        {
            "x": 346.41649035807234,
            "y": 813.9825418837485,
            "z": 7.006543576814622
        },
        {
            "x": 573.8380967469507,
            "y": 479.46895536955014,
            "z": -1.0
        },
        {
            "x": 520.0246955547007,
            "y": 449.99623307042367,
            "z": -1.0
        },
        {
            "x": 707.6113877349976,
            "y": 561.7385967915313,
            "z": -1.0
        },
        {
            "x": 364.87677252597706,
            "y": 813.670554524569,
            "z": 5.767802662964902
        },
        {
            "x": 794.9999118783933,
            "y": 534.2564559151172,
            "z": -1.0
        },
        {
            "x": 775.8605582239572,
            "y": 615.4376328225761,
            "z": -1.0
        },
        {
            "x": 762.1925489818547,
            "y": 694.7249819392393,
            "z": -1.0
        },
        {
            "x": 688.1726260236479,
            "y": 560.1146669070732,
            "z": -1.0
        },
        {
            "x": 732.1351039178058,
            "y": 595.4728883819433,
            "z": -1.0
        },
        {
            "x": 695.5044011054277,
            "y": 573.1379047155306,
            "z": -1.0
        },
        {
            "x": 621.786223638895,
            "y": 810.5396167047535,
            "z": -1.0
        },
        {
            "x": 635.5227563015469,
            "y": 498.4559494270381,
            "z": -1.0
        },
        {
            "x": 529.5657568488685,
            "y": 761.1822625641314,
            "z": 13.91708062439487
        },
        {
            "x": 338.85379517264425,
            "y": 499.24332686193605,
            "z": 105.78838815477252
        },
        {
            "x": 799.6955669429219,
            "y": 436.38754493440837,
            "z": -1.0
        },
        {
            "x": 426.02087651043695,
            "y": 781.0753747756074,
            "z": 73.61476073865501
        },
        {
            "x": 808.5582914172682,
            "y": 498.20944652401477,
            "z": -1.0
        },
        {
            "x": 537.5383619562581,
            "y": 393.0960877198885,
            "z": -1.0
        },
        {
            "x": 491.75228911651294,
            "y": 790.6975918661464,
            "z": 57.823710193356995
        },
        {
            "x": 832.5081471962002,
            "y": 413.32603764955377,
            "z": -1.0
        },
        {
            "x": 777.816723028354,
            "y": 406.7343788312353,
            "z": -1.0
        },
        {
            "x": 605.8492514677245,
            "y": 483.33606525465575,
            "z": -1.0
        },
        {
            "x": 390.9442025862785,
            "y": 785.1907068881072,
            "z": 59.19196036871024
        },
        {
            "x": 565.1087408479739,
            "y": 390.7697796868841,
            "z": -1.0
        },
        {
            "x": 654.7834459803945,
            "y": 588.7317849608521,
            "z": -1.0
        },
        {
            "x": 698.7581026074541,
            "y": 499.27203825498856,
            "z": -1.0
        },
        {
            "x": 784.9314069531962,
            "y": 511.70666243099384,
            "z": -1.0
        },
        {
            "x": 581.4007261017601,
            "y": 866.7326311407533,
            "z": 1.2173609344930592
        },
        {
            "x": 672.7335937878884,
            "y": 769.1452796604303,
            "z": -1.0
        },
        {
            "x": 803.42657125922,
            "y": 700.749573433131,
            "z": -1.0
        },
        {
            "x": 643.3583213634456,
            "y": 720.9707299432081,
            "z": -1.0
        },
        {
            "x": 420.93621490683773,
            "y": 615.0918489878586,
            "z": 75.78035527371256
        },
        {
            "x": 704.7324412073451,
            "y": 883.1637466667132,
            "z": -1.0
        },
        {
            "x": 823.0723190541545,
            "y": 733.7562599609305,
            "z": -1.0
        },
        {
            "x": 688.2329659426471,
            "y": 713.5501642189719,
            "z": -1.0
        },
        {
            "x": 755.8259834342232,
            "y": 769.2901026444924,
            "z": -1.0
        },
        {
            "x": 410.55182749104404,
            "y": 578.7540401353721,
            "z": 80.26383379364466
        },
        {
            "x": 752.4881388840859,
            "y": 632.7520278006375,
            "z": -1.0
        },
        {
            "x": 703.1194257993124,
            "y": 620.1742844561934,
            "z": -1.0
        },
        {
            "x": 788.3693068856646,
            "y": 448.8677461014265,
            "z": -1.0
        },
        {
            "x": 692.0969509064329,
            "y": 831.349349501297,
            "z": -1.0
        },
        {
            "x": 500.0731765681665,
            "y": 419.7540825363142,
            "z": -1.0
        },
        {
            "x": 322.90167370890464,
            "y": 832.9314552717607,
            "z": 6.459771323309135
        }
    ],
    "center": {
        "x": 561.7214773144115,
        "y": 661.1958985436688,
        "z": 0.0
    },
    "radius": 50
}