{
    "W": 1000,
    "H": 1000,
    "depth": 1.0,
    "height": 10.0,
    "num_of_relays": 200,
    "num_of_sensors": 200,
    "relays": [
        {
            "x": 449.0508545933279,
            "y": 455.6554543170943,
            "z": 10.0
        },
        {
            "x": 445.03721674234276,
            "y": 456.29773181719025,
            "z": 10.0
        },
        {
            "x": 448.726539269997,
            "y": 440.20443966734126,
            "z": 10.0
        },
        {
            "x": 436.57821434163657,
            "y": 465.8092772965069,
            "z": 10.0
        },
        {
            "x": 451.6118011520166,
            "y": 446.683389001113,
            "z": 10.0
        },
        {
            "x": 459.48437635382675,
            "y": 450.07698396014496,
            "z": 10.0
        },
        {
            "x": 462.62142792675667,
            "y": 461.07103231056055,
            "z": 10.0
        },
        {
            "x": 445.3823800716582,
            "y": 473.6376873236388,
            "z": 10.0
        },
        {
            "x": 463.97074339513466,
            "y": 456.97358162849764,
            "z": 10.0
        },
        {
            "x": 446.75464692436384,
            "y": 481.9495897245992,
            "z": 10.0
        },
        {
            "x": 460.5430132415125,
            "y": 463.82716737041227,
            "z": 10.0
        },
        {
            "x": 433.65577682036604,
            "y": 455.02900276688496,
            "z": 10.0
        },
        {
            "x": 431.9500092343327,
            "y": 478.77960027360535,
            "z": 10.0
        },
        {
            "x": 441.383814597677,
            "y": 472.55897543415404,
            "z": 10.0
        },
        {
            "x": 434.3094262231219,
            "y": 465.2293358449483,
            "z": 10.0
        },
        {
            "x": 432.43668561715907,
            "y": 469.22805536291446,
            "z": 10.0
        },
        {
            "x": 424.0043396148641,
            "y": 455.8532394600573,
            "z": 10.0
        },
        {
            "x": 451.1549193092198,
            "y": 443.0601669984367,
            "z": 10.0
        },
        {
            "x": 453.99297869856724,
            "y": 466.95327850136835,
            "z": 10.0
        },
        {
            "x": 450.3225321617128,
            "y": 458.63902145207226,
            "z": 10.0
        },
        {
            "x": 436.1214063677709,
            "y": 451.3173213082292,
            "z": 10.0
        },
        {
            "x": 441.5860823955297,
            "y": 477.85317324194443,
            "z": 10.0
        },
        {
            "x": 436.5375533896585,
            "y": 442.55946070530706,
            "z": 10.0
        },
        {
            "x": 448.09740380465865,
            "y": 468.24300040739865,
            "z": 10.0
        },
        {
            "x": 457.2400834036874,
            "y": 455.58946078276887,
            "z": 10.0
        },
        {
            "x": 444.7837503757742,
            "y": 473.9289589662854,
            "z": 10.0
        },
        {
            "x": 426.8927647360206,
            "y": 470.52611958697975,
            "z": 10.0
        },
        {
            "x": 451.7599483828858,
            "y": 476.17347192838554,
            "z": 10.0
        },
        {
            "x": 432.8382158846695,
            "y": 468.7796189917175,
            "z": 10.0
        },
        {
            "x": 422.77144498536876,
            "y": 462.1168075546684,
            "z": 10.0
        },
        {
            "x": 436.715505856361,
            "y": 459.037064357218,
            "z": 10.0
        },
        {
            "x": 448.69579078834056,
            "y": 473.0232420827273,
            "z": 10.0
        },
        {
            "x": 458.40336608616883,
            "y": 445.9965998384311,
            "z": 10.0
        },
        {
            "x": 453.56189270023106,
            "y": 461.63618510159085,
            "z": 10.0
        },
        {
            "x": 464.7494424266131,
            "y": 460.63804179560555,
            "z": 10.0
        },
        {
            "x": 444.40409908036713,
            "y": 449.48272570186566,
            "z": 10.0
        },
        {
            "x": 448.2925712106415,
            "y": 467.33503499690164,
            "z": 10.0
        },
        {
            "x": 433.3297021895146,
            "y": 441.53019729162446,
            "z": 10.0
        },
        {
            "x": 445.98022305447125,
            "y": 454.5362384550765,
            "z": 10.0
        },
        {
            "x": 449.88416397185335,
            "y": 457.5892095508941,
            "z": 10.0
        },
        {
            "x": 459.2712102701809,
            "y": 450.9973599703387,
            "z": 10.0
        },
        {
            "x": 462.63410997689726,
            "y": 470.25982976579417,
            "z": 10.0
        },
        {
            "x": 443.31038137085744,
            "y": 441.72124163504947,
            "z": 10.0
        },
        {
            "x": 437.2623566328814,
            "y": 472.9930810561719,
            "z": 10.0
        },
        {
            "x": 425.01414347508216,
            "y": 470.9802000890481,
            "z": 10.0
        },
        {
            "x": 461.91126162513564,
            "y": 462.12117890006056,
            "z": 10.0
        },
        {
            "x": 437.0674232712173,
            "y": 461.23993419521383,
            "z": 10.0
        },
        {
            "x": 453.7705273088497,
            "y": 472.94485386841365,
            "z": 10.0
        },
        {
            "x": 459.4089858723276,
            "y": 448.05356047929826,
            "z": 10.0
        },
        {
            "x": 453.4438000707578,
            "y": 459.11583049455,
            "z": 10.0
        },
        {
            "x": 425.70591080675234,
            "y": 469.3219545049732,
            "z": 10.0
        },
        {
            "x": 430.90399813395175,
            "y": 463.75355228311156,
            "z": 10.0
        },
        {
            "x": 456.012206754799,
            "y": 463.8384041021776,
            "z": 10.0
        },
        {
            "x": 466.01354759752144,
            "y": 465.1576016612788,
            "z": 10.0
        },
        {
            "x": 439.7810855787315,
            "y": 471.67647411034494,
            "z": 10.0
        },
        {
            "x": 440.93120811808626,
            "y": 450.4032147641191,
            "z": 10.0
        },
        {
            "x": 457.42394665289055,
            "y": 457.4845208498919,
            "z": 10.0
        },
        {
            "x": 442.9285570205376,
            "y": 459.2035207390562,
            "z": 10.0
        },
        {
            "x": 445.35760202384444,
            "y": 461.424796428043,
            "z": 10.0
        },
        {
            "x": 429.2466631674674,
            "y": 461.6631583848537,
            "z": 10.0
        },
        {
            "x": 432.39356261060357,
            "y": 472.8450177843591,
            "z": 10.0
        },
        {
            "x": 454.48295776365046,
            "y": 451.329195782328,
            "z": 10.0
        },
        {
            "x": 428.6882748663715,
            "y": 459.1740128558744,
            "z": 10.0
        },
        {
            "x": 449.66186097569795,
            "y": 477.07154960811226,
            "z": 10.0
        },
        {
            "x": 445.4179075232505,
            "y": 444.9205999172647,
            "z": 10.0
        },
        {
            "x": 432.6637160510395,
            "y": 449.49055717210416,
            "z": 10.0
        },
        {
            "x": 451.5722637027154,
            "y": 472.675308105945,
            "z": 10.0
        },
        {
            "x": 463.2878215569127,
            "y": 468.13145588915125,
            "z": 10.0
        },
        {
            "x": 431.28954450467705,
            "y": 477.3318608070054,
            "z": 10.0
        },
        {
            "x": 438.2853599156272,
            "y": 453.84916086774996,
            "z": 10.0
        },
        {
            "x": 458.86871599853805,
            "y": 442.8305312229275,
            "z": 10.0
        },
        {
            "x": 457.2458251117753,
            "y": 448.88148965942366,
            "z": 10.0
        },
        {
            "x": 458.1783589088682,
            "y": 463.0985356306099,
            "z": 10.0
        },
        {
            "x": 430.12139295142924,
            "y": 470.7333115591483,
            "z": 10.0
        },
        {
            "x": 433.16132609990774,
            "y": 476.04535198640775,
            "z": 10.0
        },
        {
            "x": 440.89512986160815,
            "y": 446.19516659471157,
            "z": 10.0
        },
        {
            "x": 434.0594981454244,
            "y": 467.9297501523307,
            "z": 10.0
        },
        {
            "x": 439.5784862853891,
            "y": 441.55907606203414,
            "z": 10.0
        },
        {
            "x": 448.6612851284361,
            "y": 439.17098426951975,
            "z": 10.0
        },
        {
            "x": 449.30474482941753,
            "y": 449.60227598252266,
            "z": 10.0
        },
        {
            "x": 430.1583862950071,
            "y": 470.57055850389264,
            "z": 10.0
        },
        {
            "x": 459.1939125189678,
            "y": 473.4045744985257,
            "z": 10.0
        },
        {
            "x": 445.6369324704533,
            "y": 449.7655146191029,
            "z": 10.0
        },
        {
            "x": 445.17898566933377,
            "y": 464.9813209665934,
            "z": 10.0
        },
        {
            "x": 446.3360312804603,
            "y": 439.9671995078809,
            "z": 10.0
        },
        {
            "x": 449.02704505462407,
            "y": 471.7154834305732,
            "z": 10.0
        },
        {
            "x": 435.07045430815015,
            "y": 470.0755071783289,
            "z": 10.0
        },
        {
            "x": 429.51282748798326,
            "y": 456.12979933252484,
            "z": 10.0
        },
        {
            "x": 447.12158695663993,
            "y": 439.5566489119819,
            "z": 10.0
        },
        {
            "x": 437.54185881034414,
            "y": 456.0087143538809,
            "z": 10.0
        },
        {
            "x": 452.7970569959135,
            "y": 453.05213300500236,
            "z": 10.0
        },
        {
            "x": 424.3669519132619,
            "y": 452.02501601106684,
            "z": 10.0
        },
        {
            "x": 459.3697669303868,
            "y": 451.22323637449904,
            "z": 10.0
        },
        {
            "x": 448.4082026127707,
            "y": 447.77387821938106,
            "z": 10.0
        },
        {
            "x": 455.94694509809597,
            "y": 463.290830608342,
            "z": 10.0
        },
        {
            "x": 449.4930056778601,
            "y": 453.61687512811176,
            "z": 10.0
        },
        {
            "x": 454.7007379775626,
            "y": 464.42017239479003,
            "z": 10.0
        },
        {
            "x": 439.2128485844965,
            "y": 478.0779074552304,
            "z": 10.0
        },
        {
            "x": 453.7533008503538,
            "y": 461.325409040496,
            "z": 10.0
        },
        {
            "x": 431.1143606249793,
            "y": 469.6299506934718,
            "z": 10.0
        },
        {
            "x": 456.78545112727755,
            "y": 473.91600063112713,
            "z": 10.0
        },
        {
            "x": 447.3991865331292,
            "y": 439.32724965272484,
            "z": 10.0
        },
        {
            "x": 454.29843445004036,
            "y": 450.5504682624647,
            "z": 10.0
        },
        {
            "x": 460.82526814365707,
            "y": 468.80340322517924,
            "z": 10.0
        },
        {
            "x": 441.67964342397846,
            "y": 440.3116248543625,
            "z": 10.0
        },
        {
            "x": 443.53932473969195,
            "y": 470.6318165913951,
            "z": 10.0
        },
        {
            "x": 447.79887414943477,
            "y": 479.2240527906747,
            "z": 10.0
        },
        {
            "x": 456.44789386840546,
            "y": 449.5261762275114,
            "z": 10.0
        },
        {
            "x": 450.93169797031095,
            "y": 465.1443875595266,
            "z": 10.0
        },
        {
            "x": 429.96762799521014,
            "y": 467.16174135040944,
            "z": 10.0
        },
        {
            "x": 465.90670887173246,
            "y": 456.724589030576,
            "z": 10.0
        },
        {
            "x": 463.1410916334419,
            "y": 463.0794338459935,
            "z": 10.0
        },
        {
            "x": 456.69133696954134,
            "y": 463.468090401452,
            "z": 10.0
        },
        {
            "x": 456.97058336091857,
            "y": 454.16563888617213,
            "z": 10.0
        },
        {
            "x": 452.1567668281351,
            "y": 444.88401418951054,
            "z": 10.0
        },
        {
            "x": 462.4988230179571,
            "y": 457.0876652731193,
            "z": 10.0
        },
        {
            "x": 440.47184772999105,
            "y": 477.65721801565655,
            "z": 10.0
        },
        {
            "x": 444.6647257669275,
            "y": 455.72537943197244,
            "z": 10.0
        },
        {
            "x": 451.5702329568608,
            "y": 453.0920117066777,
            "z": 10.0
        },
        {
            "x": 432.2527903403631,
            "y": 466.8970417965746,
            "z": 10.0
        },
        {
            "x": 424.1207251709573,
            "y": 461.4015379405548,
            "z": 10.0
        },
        {
            "x": 463.1572631640617,
            "y": 453.11212423998194,
            "z": 10.0
        },
        {
            "x": 438.63777592685636,
            "y": 458.31477981632327,
            "z": 10.0
        },
        {
            "x": 461.9078437663552,
            "y": 471.3829238570183,
            "z": 10.0
        },
        {
            "x": 441.82704380470983,
            "y": 441.09197696897974,
            "z": 10.0
        },
        {
            "x": 438.5577886263289,
            "y": 473.0475428437457,
            "z": 10.0
        },
        {
            "x": 423.16182608563093,
            "y": 465.5528459204851,
            "z": 10.0
        },
        {
            "x": 460.4091434956651,
            "y": 455.9361623585009,
            "z": 10.0
        },
        {
            "x": 433.6860482482303,
            "y": 447.582399722655,
            "z": 10.0
        },
        {
            "x": 445.43641981646323,
            "y": 452.17547610124353,
            "z": 10.0
        },
        {
            "x": 440.6312651702052,
            "y": 480.5477489084449,
            "z": 10.0
        },
        {
            "x": 428.808083588327,
            "y": 468.7465968566039,
            "z": 10.0
        },
        {
            "x": 446.024380195281,
            "y": 471.00268941666155,
            "z": 10.0
        },
        {
            "x": 451.35154940782763,
            "y": 454.1132783630575,
            "z": 10.0
        },
        {
            "x": 447.864940768978,
            "y": 464.0518513470956,
            "z": 10.0
        },
        {
            "x": 434.0633310612944,
            "y": 443.9524367252416,
            "z": 10.0
        },
        {
            "x": 434.2492765192062,
            "y": 441.14723806853294,
            "z": 10.0
        },
        {
            "x": 437.9168709271991,
            "y": 450.12505849865016,
            "z": 10.0
        },
        {
            "x": 429.91936091818997,
            "y": 446.8294279452485,
            "z": 10.0
        },
        {
            "x": 437.39503649357215,
            "y": 469.20941109189397,
            "z": 10.0
        },
        {
            "x": 452.1462138726606,
            "y": 440.2460258752329,
            "z": 10.0
        },
        {
            "x": 423.3755995102543,
            "y": 455.49672810401,
            "z": 10.0
        },
        {
            "x": 451.49496752389564,
            "y": 455.3590575809875,
            "z": 10.0
        },
        {
            "x": 459.71220877451344,
            "y": 456.20586132387064,
            "z": 10.0
        },
        {
            "x": 427.5065826021427,
            "y": 458.98036062417344,
            "z": 10.0
        },
        {
            "x": 440.592936289515,
            "y": 460.6870038182742,
            "z": 10.0
        },
        {
            "x": 434.82422816443176,
            "y": 461.13895245577766,
            "z": 10.0
        },
        {
            "x": 425.94069750862826,
            "y": 445.7059242847253,
            "z": 10.0
        },
        {
            "x": 434.9710710873914,
            "y": 476.6234851949977,
            "z": 10.0
        },
        {
            "x": 440.44280464762187,
            "y": 475.95321977300284,
            "z": 10.0
        },
        {
            "x": 450.4368125761721,
            "y": 447.12579651449556,
            "z": 10.0
        },
        {
            "x": 460.75104206319486,
            "y": 473.24659355010465,
            "z": 10.0
        },
        {
            "x": 454.75081683953323,
            "y": 465.6367139485382,
            "z": 10.0
        },
        {
            "x": 454.85579518546103,
            "y": 460.1897016597305,
            "z": 10.0
        },
        {
            "x": 435.88117753177636,
            "y": 479.91138981050875,
            "z": 10.0
        },
        {
            "x": 438.2222191585371,
            "y": 450.5096605275346,
            "z": 10.0
        },
        {
            "x": 458.81407178861286,
            "y": 449.0651442847864,
            "z": 10.0
        },
        {
            "x": 431.7014635072033,
            "y": 459.43438051259164,
            "z": 10.0
        },
        {
            "x": 434.9620337123612,
            "y": 474.5479320820501,
            "z": 10.0
        },
        {
            "x": 457.04587528206974,
            "y": 446.32454120464917,
            "z": 10.0
        },
        {
            "x": 441.3586803851731,
            "y": 472.80151142092495,
            "z": 10.0
        },
        {
            "x": 462.325348469358,
            "y": 471.70736460575193,
            "z": 10.0
        },
        {
            "x": 443.9680865320035,
            "y": 446.07730611108866,
            "z": 10.0
        },
        {
            "x": 453.9306651003174,
            "y": 469.906213353963,
            "z": 10.0
        },
        {
            "x": 436.9965833273979,
            "y": 472.14913973469385,
            "z": 10.0
        },
        {
            "x": 450.3840884616399,
            "y": 474.1503829032486,
            "z": 10.0
        },
        {
            "x": 425.0315609743551,
            "y": 471.07736509237884,
            "z": 10.0
        },
        {
            "x": 457.453660700909,
            "y": 449.97125037763806,
            "z": 10.0
        },
        {
            "x": 425.79601538630374,
            "y": 460.55003738780465,
            "z": 10.0
        },
        {
            "x": 445.5740221582349,
            "y": 452.392719179985,
            "z": 10.0
        },
        {
            "x": 426.85771463792986,
            "y": 462.7842352596587,
            "z": 10.0
        },
        {
            "x": 435.8170199110911,
            "y": 440.5950907024814,
            "z": 10.0
        },
        {
            "x": 446.65829805574595,
            "y": 471.4429937943103,
            "z": 10.0
        },
        {
            "x": 445.9209730650553,
            "y": 444.0747891225229,
            "z": 10.0
        },
        {
            "x": 444.52070156252154,
            "y": 458.69782943918756,
            "z": 10.0
        },
        {
            "x": 461.5890159036362,
            "y": 448.4499034720195,
            "z": 10.0
        },
        {
            "x": 443.1813161751882,
            "y": 439.02018899938935,
            "z": 10.0
        },
        {
            "x": 430.4147013079188,
            "y": 443.43926370517363,
            "z": 10.0
        },
        {
            "x": 459.82829887865006,
            "y": 460.1092547210386,
            "z": 10.0
        },
        {
            "x": 442.3383319502025,
            "y": 446.818564845612,
            "z": 10.0
        },
        {
            "x": 440.64932215238537,
            "y": 479.53745342371644,
            "z": 10.0
        },
        {
            "x": 443.02198438248917,
            "y": 482.62775144061163,
            "z": 10.0
        },
        {
            "x": 449.2661243109337,
            "y": 467.54106435624357,
            "z": 10.0
        },
        {
            "x": 446.02716708784675,
            "y": 452.4483778335827,
            "z": 10.0
        },
        {
            "x": 443.7958165735992,
            "y": 439.3121121094021,
            "z": 10.0
        },
        {
            "x": 429.61084636403115,
            "y": 460.9611091646616,
            "z": 10.0
        },
        {
            "x": 454.05875341812754,
            "y": 464.23236849834535,
            "z": 10.0
        },
        {
            "x": 461.25865675312804,
            "y": 445.3073663526462,
            "z": 10.0
        },
        {
            "x": 442.1885318811788,
            "y": 463.43600471794423,
            "z": 10.0
        },
        {
            "x": 445.76411891469246,
            "y": 461.796276811097,
            "z": 10.0
        },
        {
            "x": 423.4774013489302,
            "y": 468.70046626745363,
            "z": 10.0
        },
        {
            "x": 448.5748911087069,
            "y": 466.341812035586,
            "z": 10.0
        },
        {
            "x": 450.89738318394535,
            "y": 441.2500692958098,
            "z": 10.0
        },
        {
            "x": 440.47482704051976,
            "y": 444.56118073834193,
            "z": 10.0
        },
        {
            "x": 443.6347289548917,
            "y": 473.79894996078275,
            "z": 10.0
        },
        {
            "x": 464.86807483274595,
            "y": 455.58860472509656,
            "z": 10.0
        },
        {
            "x": 458.37045063017047,
            "y": 451.4990423549257,
            "z": 10.0
        },
        {
            "x": 440.57086708587747,
            "y": 439.78895398060126,
            "z": 10.0
        },
        {
            "x": 452.8854496726813,
            "y": 446.3087259200551,
            "z": 10.0
        },
        {
            "x": 459.2359926241757,
            "y": 448.44347588349353,
            "z": 10.0
        }
    ],
    "sensors": [
        {
            "x": 467.4714694676032,
            "y": 428.3587754813063,
            "z": -1.0
        },
        {
            "x": 440.4198796145542,
            "y": 500.9117750035278,
            "z": -1.0
        },
        {
            "x": 468.6612751053716,
            "y": 491.78425241409576,
            "z": -1.0
        },
        {
            "x": 423.86024723785806,
            "y": 423.1665607335209,
            "z": -1.0
        },
        {
            "x": 432.18015109747944,
            "y": 430.52477396184184,
            "z": -1.0
        },
        {
            "x": 409.82505746694454,
            "y": 451.16693688923016,
            "z": -1.0
        },
        {
            "x": 438.67224629595313,
            "y": 491.88145254398165,
            "z": -1.0
        },
        {
            "x": 469.7475969263244,
            "y": 487.7092371682555,
            "z": -1.0
        },
        {
            "x": 411.0277165565623,
            "y": 469.3254528436519,
            "z": -1.0
        },
        {
            "x": 470.55417208294494,
            "y": 468.0897649137357,
            "z": -1.0
        },
        {
            "x": 404.21834319835847,
            "y": 465.8803932208884,
            "z": -1.0
        },
        {
            "x": 426.23164574153594,
            "y": 487.2408009493615,
            "z": -1.0
        },
        {
            "x": 473.50440051072997,
            "y": 488.2360982930543,
            "z": -1.0
        },
        {
            "x": 407.1446651621819,
            "y": 462.6500199092739,
            "z": -1.0
        },
        {
            "x": 427.4584746550625,
            "y": 433.397079276982,
            "z": -1.0
        },
        {
            "x": 476.85834483258736,
            "y": 441.4228363184739,
            "z": -1.0
        },
        {
            "x": 414.9260995644892,
            "y": 453.93975053795475,
            "z": -1.0
        },
        {
            "x": 444.8161334391454,
            "y": 496.61794109834136,
            "z": -1.0
        },
        {
            "x": 450.41092466764553,
            "y": 421.74492331216175,
            "z": -1.0
        },
        {
            "x": 459.61962095587296,
            "y": 428.07262844946115,
            "z": -1.0
        },
        {
            "x": 427.4366135383604,
            "y": 435.7925399419678,
            "z": -1.0
        },
        {
            "x": 419.0795632583658,
            "y": 436.2382887794455,
            "z": -1.0
        },
        {
            "x": 464.0580787534303,
            "y": 492.64729889839856,
            "z": -1.0
        },
        {
            "x": 422.1663235834302,
            "y": 491.3158919428682,
            "z": -1.0
        },
        {
            "x": 420.255868155458,
            "y": 432.35800241309306,
            "z": -1.0
        },
        {
            "x": 459.04839330212997,
            "y": 426.4484313840424,
            "z": -1.0
        },
        {
            "x": 478.0155421057858,
            "y": 440.0291361117223,
            "z": -1.0
        },
        {
            "x": 424.11760692796344,
            "y": 495.2135747667603,
            "z": -1.0
        },
        {
            "x": 414.3345050210958,
            "y": 488.35189343632976,
            "z": -1.0
        },
        {
            "x": 412.0807171435665,
            "y": 468.5260990474004,
            "z": -1.0
        },
        {
            "x": 455.8525404009386,
            "y": 424.05153343856625,
            "z": -1.0
        },
        {
            "x": 487.48662386580844,
            "y": 464.97103399095874,
            "z": -1.0
        },
        {
            "x": 480.4200100556726,
            "y": 448.16505097846846,
            "z": -1.0
        },
        {
            "x": 469.33380400236456,
            "y": 492.13976459089827,
            "z": -1.0
        },
        {
            "x": 419.86406739517855,
            "y": 444.1376672353511,
            "z": -1.0
        },
        {
            "x": 419.59666899327596,
            "y": 432.05267173324603,
            "z": -1.0
        },
        {
            "x": 409.16098019613156,
            "y": 482.10363422692484,
            "z": -1.0
        },
        {
            "x": 470.41676836224354,
            "y": 437.7934086643419,
            "z": -1.0
        },
        {
            "x": 449.84723560096984,
            "y": 427.7525125062062,
            "z": -1.0
        },
        {
            "x": 439.2460037510205,
            "y": 429.7917760153588,
            "z": -1.0
        },
        {
            "x": 440.740973878079,
            "y": 419.600168746863,
            "z": -1.0
        },
        {
            "x": 431.23189853651047,
            "y": 485.80803135547865,
            "z": -1.0
        },
        {
            "x": 403.1118736139474,
            "y": 452.53884262536417,
            "z": -1.0
        },
        {
            "x": 425.3996420350915,
            "y": 482.0484179519695,
            "z": -1.0
        },
        {
            "x": 429.1642673429947,
            "y": 428.07454617101035,
            "z": -1.0
        },
        {
            "x": 472.317727481794,
            "y": 425.3287395409462,
            "z": -1.0
        },
        {
            "x": 409.75503824555204,
            "y": 440.6119922027588,
            "z": -1.0
        },
        {
            "x": 443.3373297562584,
            "y": 431.33668329506645,
            "z": -1.0
        },
        {
            "x": 462.693989642306,
            "y": 425.3186087952168,
            "z": -1.0
        },
        {
            "x": 449.9458836971982,
            "y": 417.1961272149011,
            "z": -1.0
        },
        {
            "x": 419.6704959562629,
            "y": 484.7368898538915,
            "z": -1.0
        },
        {
            "x": 461.77451282180624,
            "y": 425.1631729047134,
            "z": -1.0
        },
        {
            "x": 486.2097328006316,
            "y": 468.4000935318491,
            "z": -1.0
        },
        {
            "x": 426.3847136746194,
            "y": 490.7978700814658,
            "z": -1.0
        },
        {
            "x": 457.71504317939036,
            "y": 500.02448685531175,
            "z": -1.0
        },
        {
            "x": 479.77862568511597,
            "y": 441.899409808856,
            "z": -1.0
        },
        {
            "x": 467.5372695231297,
            "y": 425.4577939856632,
            "z": -1.0
        },
        {
            "x": 468.7946354388439,
            "y": 488.01953375197127,
            "z": -1.0
        },
        {
            "x": 404.3450589643359,
            "y": 444.81030023048663,
            "z": -1.0
        },
        {
            "x": 420.590122641168,
            "y": 470.0452213609403,
            "z": -1.0
        },
        {
            "x": 435.7637845912018,
            "y": 423.96401924334305,
            "z": -1.0
        },
        {
            "x": 435.6510813385348,
            "y": 497.5282520667047,
            "z": -1.0
        },
        {
            "x": 418.766780011273,
            "y": 471.32837835817156,
            "z": -1.0
        },
        {
            "x": 415.6767597622501,
            "y": 490.3600571210017,
            "z": -1.0
        },
        {
            "x": 406.03129570532013,
            "y": 439.5337727300603,
            "z": -1.0
        },
        {
            "x": 405.29655931468255,
            "y": 466.794369041042,
            "z": -1.0
        },
        {
            "x": 455.93564147349855,
            "y": 499.40035286025176,
            "z": -1.0
        },
        {
            "x": 423.64472959888025,
            "y": 499.5074372009397,
            "z": -1.0
        },
        {
            "x": 453.2978131346358,
            "y": 421.0600772105919,
            "z": -1.0
        },
        {
            "x": 444.4459468011841,
            "y": 501.69933735632566,
            "z": -1.0
        },
        {
            "x": 457.05266894115573,
            "y": 496.94187861531304,
            "z": -1.0
        },
        {
            "x": 426.12442923436436,
            "y": 439.3622093655044,
            "z": -1.0
        },
        {
            "x": 464.40026283331713,
            "y": 442.8294739325436,
            "z": -1.0
        },
        {
            "x": 486.5770627009405,
            "y": 466.52920425796907,
            "z": -1.0
        },
        {
            "x": 438.26049875792216,
            "y": 424.29768311836256,
            "z": -1.0
        },
        {
            "x": 449.55796192014077,
            "y": 500.0585005785917,
            "z": -1.0
        },
        {
            "x": 426.0125997205907,
            "y": 494.44854911275684,
            "z": -1.0
        },
        {
            "x": 410.90983440883554,
            "y": 435.98572729065756,
            "z": -1.0
        },
        {
            "x": 443.2717656335683,
            "y": 428.92117007269616,
            "z": -1.0
        },
        {
            "x": 422.1300883106979,
            "y": 427.78203631729474,
            "z": -1.0
        },
        {
            "x": 422.0320614173624,
            "y": 473.0750098294574,
            "z": -1.0
        },
        {
            "x": 470.1544117115993,
            "y": 491.29303951497826,
            "z": -1.0
        },
        {
            "x": 462.06420384227164,
            "y": 420.8400636798036,
            "z": -1.0
        },
        {
            "x": 470.37827114368935,
            "y": 460.99268592350904,
            "z": -1.0
        },
        {
            "x": 421.00278882865825,
            "y": 494.0261575069329,
            "z": -1.0
        },
        {
            "x": 417.3103975853273,
            "y": 440.5175499338898,
            "z": -1.0
        },
        {
            "x": 407.79271654020556,
            "y": 475.7710865719517,
            "z": -1.0
        },
        {
            "x": 465.6665151883692,
            "y": 440.83119518865976,
            "z": -1.0
        },
        {
            "x": 421.1008269098615,
            "y": 430.83552737997877,
            "z": -1.0
        },
        {
            "x": 475.37631829091873,
            "y": 463.9530098359992,
            "z": -1.0
        },
        {
            "x": 433.2231230691589,
            "y": 423.3327155498011,
            "z": -1.0
        },
        {
            "x": 434.7935816125771,
            "y": 429.9760727922675,
            "z": -1.0
        },
        {
            "x": 420.71867602632074,
            "y": 425.32302011745713,
            "z": -1.0
        },
        {
            "x": 408.6052053828696,
            "y": 478.89013264642585,
            "z": -1.0
        },
        {
            "x": 426.3941242672614,
            "y": 491.0287785788874,
            "z": -1.0
        },
        {
            "x": 424.4794773332221,
            "y": 440.7533524366164,
            "z": -1.0
        },
        {
            "x": 444.2300850668544,
            "y": 424.8213197370832,
            "z": -1.0
        },
        {
            "x": 482.94398621051585,
            "y": 466.9029351848427,
            "z": -1.0
        },
        {
            "x": 474.18798731623843,
            "y": 429.6398320075211,
            "z": -1.0
        },
        {
            "x": 471.6118740515383,
            "y": 491.9105749985027,
            "z": -1.0
        },
        {
            "x": 458.8225526061148,
            "y": 500.4995666911307,
            "z": -1.0
        },
        {
            "x": 430.121626019675,
            "y": 489.51393418778923,
            "z": -1.0
        },
        {
            "x": 413.874205867423,
            "y": 461.0789303584962,
            "z": -1.0
        },
        {
            "x": 402.4118337334124,
            "y": 464.82662443695347,
            "z": -1.0
        },
        {
            "x": 422.380329621264,
            "y": 495.39565717000323,
            "z": -1.0
        },
        {
            "x": 465.20075304796313,
            "y": 480.45760498523424,
            "z": -1.0
        },
        {
            "x": 424.5386718744909,
            "y": 486.7556167477584,
            "z": -1.0
        },
        {
            "x": 487.3427745057043,
            "y": 455.03098765172234,
            "z": -1.0
        },
        {
            "x": 420.0707683386767,
            "y": 488.9867984850844,
            "z": -1.0
        },
        {
            "x": 428.9924783344705,
            "y": 496.65177343147826,
            "z": -1.0
        },
        {
            "x": 420.97549491657327,
            "y": 438.5525176010582,
            "z": -1.0
        },
        {
            "x": 482.31991752417446,
            "y": 443.2033723447145,
            "z": -1.0
        },
        {
            "x": 435.04797471157895,
            "y": 424.0386541799606,
            "z": -1.0
        },
        {
            "x": 437.6567493300195,
            "y": 502.01840228859027,
            "z": -1.0
        },
        {
            "x": 472.83291241159685,
            "y": 439.26429818591873,
            "z": -1.0
        },
        {
            "x": 483.2353694598754,
            "y": 478.53424216959496,
            "z": -1.0
        },
        {
            "x": 481.09865105046543,
            "y": 457.8130870045923,
            "z": -1.0
        },
        {
            "x": 437.21125631714995,
            "y": 486.3202199198504,
            "z": -1.0
        },
        {
            "x": 414.699851922226,
            "y": 441.5989087270209,
            "z": -1.0
        },
        {
            "x": 456.18721571971776,
            "y": 423.5743709011005,
            "z": -1.0
        },
        {
            "x": 442.1228727330099,
            "y": 501.3138726312801,
            "z": -1.0
        },
        {
            "x": 423.82346617270696,
            "y": 483.5029606890997,
            "z": -1.0
        },
        {
            "x": 482.22294343065033,
            "y": 472.50585341699434,
            "z": -1.0
        },
        {
            "x": 452.15679163309443,
            "y": 421.8577352597256,
            "z": -1.0
        },
        {
            "x": 453.54193698438286,
            "y": 488.24609064606096,
            "z": -1.0
        },
        {
            "x": 423.0060984613079,
            "y": 489.7595369026383,
            "z": -1.0
        },
        {
            "x": 439.10642862233374,
            "y": 492.0487968821684,
            "z": -1.0
        },
        {
            "x": 467.2943750847309,
            "y": 490.51186123009296,
            "z": -1.0
        },
        {
            "x": 417.373069191227,
            "y": 466.36377944709517,
            "z": -1.0
        },
        {
            "x": 405.45819880111054,
            "y": 475.92716981504657,
            "z": -1.0
        },
        {
            "x": 459.1962122629003,
            "y": 492.5026545745338,
            "z": -1.0
        },
        {
            "x": 413.72042029947,
            "y": 455.35661927097624,
            "z": -1.0
        },
        {
            "x": 414.9383440622665,
            "y": 431.4150592167737,
            "z": -1.0
        },
        {
            "x": 401.0823765076641,
            "y": 465.33230993040684,
            "z": -1.0
        },
        {
            "x": 418.4435722477475,
            "y": 488.1718223919884,
            "z": -1.0
        },
        {
            "x": 455.7967481308367,
            "y": 425.4655882233137,
            "z": -1.0
        },
        {
            "x": 401.6994165393065,
            "y": 455.73664664229153,
            "z": -1.0
        },
        {
            "x": 458.2515360800221,
            "y": 434.64404315283224,
            "z": -1.0
        },
        {
            "x": 418.85782248226633,
            "y": 443.9300594585985,
            "z": -1.0
        },
        {
            "x": 433.9767012894594,
            "y": 497.28686917814935,
            "z": -1.0
        },
        {
            "x": 468.51974667045516,
            "y": 489.7803526017346,
            "z": -1.0
        },
        {
            "x": 432.86626744843403,
            "y": 486.46339378058514,
            "z": -1.0
        },
        {
            "x": 456.99322730614375,
            "y": 430.3664479538478,
            "z": -1.0
        },
        {
            "x": 415.42337485325254,
            "y": 475.456079921814,
            "z": -1.0
        },
        {
            "x": 413.68727520707637,
            "y": 442.90061138467684,
            "z": -1.0
        },
        {
            "x": 446.34045086821703,
            "y": 433.3543961582461,
            "z": -1.0
        },
        {
            "x": 459.08290326975475,
            "y": 482.9212407529966,
            "z": -1.0
        },
        {
            "x": 417.4791924285599,
            "y": 427.3486853212517,
            "z": -1.0
        },
        {
            "x": 480.84993535247787,
            "y": 453.4890651781579,
            "z": -1.0
        },
        {
            "x": 404.41397304274153,
            "y": 464.27360700858134,
            "z": -1.0
        },
        {
            "x": 432.5691624414787,
            "y": 500.9728806335515,
            "z": -1.0
        },
        {
            "x": 459.95690755997686,
            "y": 428.38521082686765,
            "z": -1.0
        },
        {
            "x": 473.08652320903053,
            "y": 436.06503010214914,
            "z": -1.0
        },
        {
            "x": 482.1840235078075,
            "y": 452.7388260454279,
            "z": -1.0
        },
        {
            "x": 403.3908285368165,
            "y": 469.8849901032642,
            "z": -1.0
        },
        {
            "x": 468.0150067846972,
            "y": 485.76605897759964,
            "z": -1.0
        },
        {
            "x": 485.97629907828633,
            "y": 447.8508872011506,
            "z": -1.0
        },
        {
            "x": 459.8360485634092,
            "y": 426.95208611330395,
            "z": -1.0
        },
        {
            "x": 428.1590887165879,
            "y": 435.513641709209,
            "z": -1.0
        },
        {
            "x": 452.88024555378024,
            "y": 491.4911786682801,
            "z": -1.0
        },
        {
            "x": 475.35552619152145,
            "y": 462.1984260608529,
            "z": -1.0
        },
        {
            "x": 480.6471172872886,
            "y": 479.3735525581196,
            "z": -1.0
        },
        {
            "x": 470.53855424510147,
            "y": 477.566425031082,
            "z": -1.0
        },
        {
            "x": 475.571805066893,
            "y": 447.16693524643625,
            "z": -1.0
        },
        {
            "x": 407.4723620530648,
            "y": 446.31482666792556,
            "z": -1.0
        },
        {
            "x": 428.92378730035995,
            "y": 420.4059082904964,
            "z": -1.0
        },
        {
            "x": 446.93132103599254,
            "y": 417.28371856762334,
            "z": -1.0
        },
        {
            "x": 464.82924842127926,
            "y": 489.8064937664941,
            "z": -1.0
        },
        {
            "x": 471.6677031768713,
            "y": 458.0852644024215,
            "z": -1.0
        },
        {
            "x": 417.308077258715,
            "y": 426.12511790454033,
            "z": -1.0
        },
        {
            "x": 486.4735298428902,
            "y": 470.6388772853971,
            "z": -1.0
        },
        {
            "x": 420.62527980954576,
            "y": 497.4556530211191,
            "z": -1.0
        },
        {
            "x": 470.0195646287364,
            "y": 450.7128009636213,
            "z": -1.0
        },
        {
            "x": 468.90739393319114,
            "y": 430.5634137038845,
            "z": -1.0
        },
        {
            "x": 458.90049719964856,
            "y": 428.7082354138257,
            "z": -1.0
        },
        {
            "x": 433.787602430888,
            "y": 429.74698231651564,
            "z": -1.0
        },
        {
            "x": 459.4428388736388,
            "y": 419.2577778860804,
            "z": -1.0
        },
        {
            "x": 472.7458785530068,
            "y": 443.844887981566,
            "z": -1.0
        },
        {
            "x": 410.29562881371385,
            "y": 481.6115332167733,
            "z": -1.0
        },
        {
            "x": 444.655035820883,
            "y": 493.4647531211014,
            "z": -1.0
        },
        {
            "x": 466.3345702439977,
            "y": 473.436851858406,
            "z": -1.0
        },
        {
            "x": 453.24334370713206,
            "y": 434.74534405631715,
            "z": -1.0
        },
        {
            "x": 471.1323255309744,
            "y": 441.0639883072113,
            "z": -1.0
        },
        {
            "x": 471.7380358243256,
            "y": 469.577000257029,
            "z": -1.0
        },
        {
            "x": 408.7327401303953,
            "y": 474.94639175875886,
            "z": -1.0
        },
        {
            "x": 421.01544419589396,
            "y": 440.8430973991038,
            "z": -1.0
        },
        {
            "x": 432.85933715809267,
            "y": 426.64265232211295,
            "z": -1.0
        },
        {
            "x": 462.8658694870722,
            "y": 485.46062058777784,
            "z": -1.0
        },
        {
            "x": 478.8912453979721,
            "y": 467.47405426977673,
            "z": -1.0
        },
        {
            "x": 435.79906890393414,
            "y": 424.47085730695267,
            "z": -1.0
        },
        {
            "x": 440.01884809425894,
            "y": 429.16346093775525,
            "z": -1.0
        },
        {
            "x": 482.0280413962091,
            "y": 441.19244055141303,
            "z": -1.0
        },
        {
            "x": 424.0234289628205,
            "y": 492.6442160102248,
            "z": -1.0
        },
        {
            "x": 481.24019293486907,
            "y": 458.9126068715239,
            "z": -1.0
        },
        {
            "x": 447.17828099001764,
            "y": 493.0900182129844,
            "z": -1.0
        },
        {
            "x": 469.4806063402196,
            "y": 471.7729923833691,
            "z": -1.0
        },
        {
            "x": 469.26438002027993,
            "y": 431.6388544832573,
            "z": -1.0
        },
        {
            "x": 413.34760738897455,
            "y": 442.7640069949956,
            "z": -1.0
        },
        {
            "x": 462.21556083542856,
            "y": 423.9277168517711,
            "z": -1.0
        },
        {
            "x": 445.1924430875073,
            "y": 420.57286366322563,
            "z": -1.0
        }
    ],
    "center": {
        "x": 443.954091165631,
        "y": 459.80196005947704,
        "z": 0.0
    },
    "radius": 25
}