{
    "W": 1000,
    "H": 1000,
    "depth": 1.0,
    "height": 10.0,
    "num_of_relays": 200,
    "num_of_sensors": 200,
    "relays": [
        {
            "x": 700.0095235418407,
            "y": 525.2114414231447,
            "z": 10.0
        },
        {
            "x": 643.2963630231895,
            "y": 499.86907009583695,
            "z": 10.0
        },
        {
            "x": 666.6752018091443,
            "y": 476.23001830217027,
            "z": 10.0
        },
        {
            "x": 690.4102235965998,
            "y": 489.06706398407783,
            "z": 10.0
        },
        {
            "x": 696.1692613638143,
            "y": 508.7846781680747,
            "z": 10.0
        },
        {
            "x": 627.0802770688738,
            "y": 516.8949116444695,
            "z": 10.0
        },
        {
            "x": 679.2791404280058,
            "y": 553.9396230388236,
            "z": 10.0
        },
        {
            "x": 667.5565982561834,
            "y": 551.5224528714567,
            "z": 10.0
        },
        {
            "x": 668.5363231054813,
            "y": 506.6398631159607,
            "z": 10.0
        },
        {
            "x": 703.5444049362296,
            "y": 527.4161546785025,
            "z": 10.0
        },
        {
            "x": 639.085124641081,
            "y": 491.93377818872983,
            "z": 10.0
        },
        {
            "x": 684.9201699112363,
            "y": 516.1312792363997,
            "z": 10.0
        },
        {
            "x": 637.4683061634405,
            "y": 480.1531554047083,
            "z": 10.0
        },
        {
            "x": 667.4710337067883,
            "y": 501.5590949496982,
            "z": 10.0
        },
        {
            "x": 665.6842514529143,
            "y": 541.1728711091462,
            "z": 10.0
        },
        {
            "x": 624.0910210863353,
            "y": 507.17739622499715,
            "z": 10.0
        },
        {
            "x": 685.1816061133137,
            "y": 523.1450560358777,
            "z": 10.0
        },
        {
            "x": 659.260775243235,
            "y": 461.4370213160507,
            "z": 10.0
        },
        {
            "x": 671.6926548446625,
            "y": 513.8365983247204,
            "z": 10.0
        },
        {
            "x": 672.0417025166327,
            "y": 544.1700426716964,
            "z": 10.0
        },
        {
            "x": 635.42468372712,
            "y": 537.6620313582264,
            "z": 10.0
        },
        {
            "x": 673.6921881485247,
            "y": 548.5181443379686,
            "z": 10.0
        },
        {
            "x": 624.4832529476892,
            "y": 538.3805846157179,
            "z": 10.0
        },
        {
            "x": 678.4915896677917,
            "y": 539.3899166332908,
            "z": 10.0
        },
        {
            "x": 625.6951000505734,
            "y": 536.1146064537279,
            "z": 10.0
        },
        {
            "x": 655.0463768082508,
            "y": 554.3593158430477,
            "z": 10.0
        },
        {
            "x": 672.318782347614,
            "y": 538.5588252901298,
            "z": 10.0
        },
        {
            "x": 673.7763569770335,
            "y": 487.39088517680904,
            "z": 10.0
        },
        {
            "x": 670.6312086329352,
            "y": 519.663041756016,
            "z": 10.0
        },
        {
            "x": 646.0955382481309,
            "y": 506.0832291946638,
            "z": 10.0
        },
        {
            "x": 675.7979365875744,
            "y": 531.4891297958596,
            "z": 10.0
        },
        {
            "x": 633.9052322433505,
            "y": 531.5929711036491,
            "z": 10.0
        },
        {
            "x": 649.2732230214781,
            "y": 481.5229082067891,
            "z": 10.0
        },
        {
            "x": 663.224202012574,
            "y": 467.59396152826815,
            "z": 10.0
        },
        {
            "x": 644.50421400214,
            "y": 553.6964779126669,
            "z": 10.0
        },
        {
            "x": 641.319136318524,
            "y": 468.14486000342424,
            "z": 10.0
        },
        {
            "x": 642.2242065899371,
            "y": 479.6965264610784,
            "z": 10.0
        },
        {
            "x": 671.101595937563,
            "y": 523.6188498795916,
            "z": 10.0
        },
        {
            "x": 622.0948684735185,
            "y": 506.6248459938774,
            "z": 10.0
        },
        {
            "x": 662.3125234393308,
            "y": 480.3328067786028,
            "z": 10.0
        },
        {
            "x": 626.3726489095021,
            "y": 512.2221478875833,
            "z": 10.0
        },
        {
            "x": 672.9353178338733,
            "y": 510.27752635642196,
            "z": 10.0
        },
        {
            "x": 698.2223417266073,
            "y": 502.83756994103214,
            "z": 10.0
        },
        {
            "x": 698.0543618603696,
            "y": 496.0371660583428,
            "z": 10.0
        },
        {
            "x": 658.35887928927,
            "y": 492.3120329323877,
            "z": 10.0
        },
        {
            "x": 677.826518074839,
            "y": 509.4011664060475,
            "z": 10.0
        },
        {
            "x": 637.4426354832913,
            "y": 481.8129915647703,
            "z": 10.0
        },
        {
            "x": 663.6664885441882,
            "y": 553.9457904434689,
            "z": 10.0
        },
        {
            "x": 624.2398280613629,
            "y": 515.5777940212827,
            "z": 10.0
        },
        {
            "x": 653.4281801452488,
            "y": 501.8087068141065,
            "z": 10.0
        },
        {
            "x": 680.6623199066428,
            "y": 500.4279445755653,
            "z": 10.0
        },
        {
            "x": 650.5464665157442,
            "y": 522.7713749860669,
            "z": 10.0
        },
        {
            "x": 635.8312374748149,
            "y": 548.8937329668531,
            "z": 10.0
        },
        {
            "x": 639.2029272917837,
            "y": 482.06080074228794,
            "z": 10.0
        },
        {
            "x": 689.181136739534,
            "y": 531.7166849987741,
            "z": 10.0
        },
        {
            "x": 650.0740819431037,
            "y": 512.8055704288456,
            "z": 10.0
        },
        {
            "x": 619.2676246097017,
            "y": 503.27730932609296,
            "z": 10.0
        },
        {
            "x": 675.7029135105598,
            "y": 541.4775653893946,
            "z": 10.0
        },
        {
            "x": 628.0878888034944,
            "y": 496.6375348511001,
            "z": 10.0
        },
        {
            "x": 698.8715392007814,
            "y": 512.7135200128478,
            "z": 10.0
        },
        {
            "x": 709.4996256801551,
            "y": 504.7751643989047,
            "z": 10.0
        },
        {
            "x": 689.0034037964886,
            "y": 544.8528647118015,
            "z": 10.0
        },
        {
            "x": 654.701661825482,
            "y": 464.685531005265,
            "z": 10.0
        },
        {
            "x": 668.4783041676588,
            "y": 554.2324296717035,
            "z": 10.0
        },
        {
            "x": 632.1815891891453,
            "y": 485.1093632394359,
            "z": 10.0
        },
        {
            "x": 679.2878272733527,
            "y": 532.500886678912,
            "z": 10.0
        },
        {
            "x": 662.0873703659638,
            "y": 555.3060700220458,
            "z": 10.0
        },
        {
            "x": 630.5888736863981,
            "y": 482.28161541550406,
            "z": 10.0
        },
        {
            "x": 616.6599163195549,
            "y": 520.4672584327469,
            "z": 10.0
        },
        {
            "x": 666.6228780110949,
            "y": 478.8281973653248,
            "z": 10.0
        },
        {
            "x": 645.0714018988934,
            "y": 531.6139517986594,
            "z": 10.0
        },
        {
            "x": 680.7370293728515,
            "y": 491.20156950837656,
            "z": 10.0
        },
        {
            "x": 630.023544582659,
            "y": 532.732800781307,
            "z": 10.0
        },
        {
            "x": 685.9373503206451,
            "y": 470.1991644693693,
            "z": 10.0
        },
        {
            "x": 645.1271193464366,
            "y": 484.79350749661296,
            "z": 10.0
        },
        {
            "x": 657.1393064272909,
            "y": 522.9077412971851,
            "z": 10.0
        },
        {
            "x": 652.6889721409018,
            "y": 537.060453880834,
            "z": 10.0
        },
        {
            "x": 645.0539495183839,
            "y": 511.9945951478297,
            "z": 10.0
        },
        {
            "x": 672.826129460772,
            "y": 533.0458321636139,
            "z": 10.0
        },
        {
            "x": 683.6880717938121,
            "y": 542.9793582874778,
            "z": 10.0
        },
        {
            "x": 700.8541130069015,
            "y": 485.21111170368914,
            "z": 10.0
        },
        {
            "x": 670.4336917075387,
            "y": 524.2684748172945,
            "z": 10.0
        },
        {
            "x": 674.0147191809672,
            "y": 539.3490055899144,
            "z": 10.0
        },
        {
            "x": 652.3834181292569,
            "y": 463.48430961828666,
            "z": 10.0
        },
        {
            "x": 699.5314286356598,
            "y": 486.3372595844514,
            "z": 10.0
        },
        {
            "x": 627.727741132587,
            "y": 501.2890011854446,
            "z": 10.0
        },
        {
            "x": 673.9009334833031,
            "y": 522.5602314841185,
            "z": 10.0
        },
        {
            "x": 639.3421560438517,
            "y": 528.0718714387577,
            "z": 10.0
        },
        {
            "x": 669.0886165826269,
            "y": 492.0379254989851,
            "z": 10.0
        },
        {
            "x": 648.0121430694595,
            "y": 546.0217964310465,
            "z": 10.0
        },
        {
            "x": 648.0095707667421,
            "y": 539.4671515712741,
            "z": 10.0
        },
        {
            "x": 682.1286656632137,
            "y": 519.082218307062,
            "z": 10.0
        },
        {
            "x": 626.5383270048462,
            "y": 493.98502619216345,
            "z": 10.0
        },
        {
            "x": 662.4700310868302,
            "y": 551.2128440035921,
            "z": 10.0
        },
        {
            "x": 693.1932049288183,
            "y": 509.6438436494105,
            "z": 10.0
        },
        {
            "x": 702.6730292054551,
            "y": 509.12653871567693,
            "z": 10.0
        },
        {
            "x": 677.6381638417695,
            "y": 491.2847041215853,
            "z": 10.0
        },
        {
            "x": 672.4272322619881,
            "y": 480.44722261046525,
            "z": 10.0
        },
        {
            "x": 673.0153423223461,
            "y": 508.9195196685217,
            "z": 10.0
        },
        {
            "x": 698.9108086762071,
            "y": 516.3064602840961,
            "z": 10.0
        },
        {
            "x": 679.5505340107642,
            "y": 524.1107424514541,
            "z": 10.0
        },
        {
            "x": 681.5916716898049,
            "y": 495.6298038543056,
            "z": 10.0
        },
        {
            "x": 687.0389462321522,
            "y": 534.2851469602114,
            "z": 10.0
        },
        {
            "x": 671.4702958583028,
            "y": 549.1727847034689,
            "z": 10.0
        },
        {
            "x": 664.7796047058584,
            "y": 521.9710444873748,
            "z": 10.0
        },
        {
            "x": 700.4160524616861,
            "y": 483.9679986966826,
            "z": 10.0
        },
        {
            "x": 659.35353777569,
            "y": 490.21846053403294,
            "z": 10.0
        },
        {
            "x": 662.9537814963769,
            "y": 498.24458857196464,
            "z": 10.0
        },
        {
            "x": 676.389229972467,
            "y": 547.7288599076458,
            "z": 10.0
        },
        {
            "x": 695.4708600349784,
            "y": 476.94600621921404,
            "z": 10.0
        },
        {
            "x": 667.2152191779536,
            "y": 549.497724391836,
            "z": 10.0
        },
        {
            "x": 693.6207383641432,
            "y": 534.8769420212252,
            "z": 10.0
        },
        {
            "x": 681.4004392423911,
            "y": 531.0156807022731,
            "z": 10.0
        },
        {
            "x": 676.8528306958751,
            "y": 483.28796211741695,
            "z": 10.0
        },
        {
            "x": 619.9610334313932,
            "y": 487.853466923134,
            "z": 10.0
        },
        {
            "x": 707.3991258406567,
            "y": 523.1298221932616,
            "z": 10.0
        },
        {
            "x": 654.561025451122,
            "y": 553.4568166034527,
            "z": 10.0
        },
        {
            "x": 624.6274861108409,
            "y": 482.7362608934408,
            "z": 10.0
        },
        {
            "x": 697.6121379917981,
            "y": 481.96395973122577,
            "z": 10.0
        },
        {
            "x": 693.9410355851312,
            "y": 490.85328038752243,
            "z": 10.0
        },
        {
            "x": 652.6765168064497,
            "y": 526.290604048973,
            "z": 10.0
        },
        {
            "x": 641.6223485563544,
            "y": 537.7935423500297,
            "z": 10.0
        },
        {
            "x": 651.1377991756076,
            "y": 516.1537975555816,
            "z": 10.0
        },
        {
            "x": 648.2394458486566,
            "y": 523.3309882604074,
            "z": 10.0
        },
        {
            "x": 649.2487207518608,
            "y": 478.52899530184635,
            "z": 10.0
        },
        {
            "x": 701.2690356645843,
            "y": 479.4861135653001,
            "z": 10.0
        },
        {
            "x": 657.3805198769658,
            "y": 542.7271983236651,
            "z": 10.0
        },
        {
            "x": 661.5485889437164,
            "y": 497.0925316015324,
            "z": 10.0
        },
        {
            "x": 660.3742402593181,
            "y": 491.78614087941907,
            "z": 10.0
        },
        {
            "x": 700.7827079310495,
            "y": 481.0563516384103,
            "z": 10.0
        },
        {
            "x": 641.4531989561997,
            "y": 553.4715320675384,
            "z": 10.0
        },
        {
            "x": 687.3727024043209,
            "y": 546.4983148258259,
            "z": 10.0
        },
        {
            "x": 658.3689591129763,
            "y": 511.42940463537013,
            "z": 10.0
        },
        {
            "x": 704.7063131301285,
            "y": 506.52190477964274,
            "z": 10.0
        },
        {
            "x": 634.6794236624743,
            "y": 485.22538782782976,
            "z": 10.0
        },
        {
            "x": 650.0966096348121,
            "y": 546.2825433527909,
            "z": 10.0
        },
        {
            "x": 667.6664869802703,
            "y": 478.6171944789231,
            "z": 10.0
        },
        {
            "x": 640.1731034620898,
            "y": 488.32557852809435,
            "z": 10.0
        },
        {
            "x": 693.9975517136047,
            "y": 541.5330219467659,
            "z": 10.0
        },
        {
            "x": 665.1539700745935,
            "y": 494.27773011529416,
            "z": 10.0
        },
        {
            "x": 708.455948316521,
            "y": 497.3175274862633,
            "z": 10.0
        },
        {
            "x": 626.3888481856887,
            "y": 486.6180993821716,
            "z": 10.0
        },
        {
            "x": 674.3761908015566,
            "y": 464.8413694854123,
            "z": 10.0
        },
        {
            "x": 668.3410453695022,
            "y": 545.5673417918309,
            "z": 10.0
        },
        {
            "x": 625.4752248647072,
            "y": 540.3172665696273,
            "z": 10.0
        },
        {
            "x": 629.6774803174274,
            "y": 517.0727628344292,
            "z": 10.0
        },
        {
            "x": 665.3054697935759,
            "y": 557.405576175751,
            "z": 10.0
        },
        {
            "x": 694.3746517896851,
            "y": 540.8526235074864,
            "z": 10.0
        },
        {
            "x": 623.4948722191642,
            "y": 507.87587332358254,
            "z": 10.0
        },
        {
            "x": 700.667409848955,
            "y": 532.3373169736561,
            "z": 10.0
        },
        {
            "x": 641.9941524291944,
            "y": 527.5687399868317,
            "z": 10.0
        },
        {
            "x": 696.9813890144361,
            "y": 532.593311435429,
            "z": 10.0
        },
        {
            "x": 677.7211197257213,
            "y": 499.77748749314355,
            "z": 10.0
        },
        {
            "x": 679.2946177516266,
            "y": 502.9159152020957,
            "z": 10.0
        },
        {
            "x": 629.7015696511197,
            "y": 491.75316893204257,
            "z": 10.0
        },
        {
            "x": 626.6567306470218,
            "y": 502.144000752204,
            "z": 10.0
        },
        {
            "x": 633.1016379014375,
            "y": 529.8586343117767,
            "z": 10.0
        },
        {
            "x": 681.7039619217386,
            "y": 524.4335624351105,
            "z": 10.0
        },
        {
            "x": 648.6434208033896,
            "y": 494.9622425810709,
            "z": 10.0
        },
        {
            "x": 630.2509282983068,
            "y": 478.66360659300665,
            "z": 10.0
        },
        {
            "x": 654.6654175729274,
            "y": 476.72928051325346,
            "z": 10.0
        },
        {
            "x": 678.7174385778748,
            "y": 467.7960351836219,
            "z": 10.0
        },
        {
            "x": 650.3955599156576,
            "y": 485.71747209240635,
            "z": 10.0
        },
        {
            "x": 673.5733606568198,
            "y": 508.61763545005255,
            "z": 10.0
        },
        {
            "x": 620.7120257577534,
            "y": 511.85961449192854,
            "z": 10.0
        },
        {
            "x": 676.1832285943415,
            "y": 512.6721491896385,
            "z": 10.0
        },
        {
            "x": 676.8449389997421,
            "y": 525.0614452094618,
            "z": 10.0
        },
        {
            "x": 710.6204403218914,
            "y": 508.81017363272707,
            "z": 10.0
        },
        {
            "x": 646.6817357440785,
            "y": 464.16891382309444,
            "z": 10.0
        },
        {
            "x": 617.2951925805758,
            "y": 499.7449915473854,
            "z": 10.0
        },
        {
            "x": 683.4852626502391,
            "y": 528.3752682134727,
            "z": 10.0
        },
        {
            "x": 657.3864127984112,
            "y": 530.7918861594496,
            "z": 10.0
        },
        {
            "x": 640.0612847919482,
            "y": 538.4313642388231,
            "z": 10.0
        },
        {
            "x": 669.7379646051924,
            "y": 532.0161193123419,
            "z": 10.0
        },
        {
            "x": 644.8719976499111,
            "y": 510.4429929095513,
            "z": 10.0
        },
        {
            "x": 667.7853052711438,
            "y": 517.3343642007336,
            "z": 10.0
        },
        {
            "x": 622.2966970015633,
            "y": 531.6485407299791,
            "z": 10.0
        },
        {
            "x": 676.7103777604192,
            "y": 540.1349998763657,
            "z": 10.0
        },
        {
            "x": 625.6929331825802,
            "y": 513.9220510184157,
            "z": 10.0
        },
        {
            "x": 677.2800389684165,
            "y": 548.5924530850863,
            "z": 10.0
        },
        {
            "x": 651.9967710309877,
            "y": 521.8806975920263,
            "z": 10.0
        },
        {
            "x": 631.9151549469218,
            "y": 521.5248421808328,
            "z": 10.0
        },
        {
            "x": 680.5457589979324,
            "y": 467.4280745489855,
            "z": 10.0
        },
        {
            "x": 654.5178207833134,
            "y": 502.8904929503557,
            "z": 10.0
        },
        {
            "x": 672.4991543382768,
            "y": 528.6164238281084,
            "z": 10.0
        },
        {
            "x": 629.4357008716659,
            "y": 478.8165671978032,
            "z": 10.0
        },
        {
            "x": 637.9766114907707,
            "y": 531.605372466796,
            "z": 10.0
        },
        {
            "x": 704.2012794167442,
            "y": 485.384523376861,
            "z": 10.0
        },
        {
            "x": 685.3153037651488,
            "y": 473.5719910313416,
            "z": 10.0
        },
        {
            "x": 650.9027794939055,
            "y": 518.0168943383718,
            "z": 10.0
        },
        {
            "x": 685.9605906307179,
            "y": 474.8179707210849,
            "z": 10.0
        },
        {
            "x": 684.485451902523,
            "y": 492.7080942533014,
            "z": 10.0
        },
        {
            "x": 619.5355798046668,
            "y": 504.6984537375663,
            "z": 10.0
        },
        {
            "x": 685.7240593925626,
            "y": 493.72786816544743,
            "z": 10.0
        },
        {
            "x": 698.8945561939753,
            "y": 492.1684389396994,
            "z": 10.0
        },
        {
            "x": 625.2351836817168,
            "y": 514.8998631480788,
            "z": 10.0
        },
        {
            "x": 650.5701895474209,
            "y": 493.50196804471045,
            "z": 10.0
        },
        {
            "x": 663.1427365510403,
            "y": 510.5819630474596,
            "z": 10.0
        },
        {
            "x": 683.8419250377226,
            "y": 549.7277847641408,
            "z": 10.0
        },
        {
            "x": 683.5125962552141,
            "y": 541.6837671556954,
            "z": 10.0
        }
    ],
    "sensors": [
        {
            "x": 692.8980504390879,
            "y": 593.4147425274592,
            "z": -1.0
        },
        {
            "x": 658.1036129074353,
            "y": 419.1425869781119,
            "z": -1.0
        },
        {
            "x": 626.6666565957127,
            "y": 590.3498592828624,
            "z": -1.0
        },
        {
            "x": 646.7064004047181,
            "y": 561.7067586365571,
            "z": -1.0
        },
        {
            "x": 735.1521095535697,
            "y": 522.0884554276863,
            "z": -1.0
        },
        {
            "x": 732.780113637301,
            "y": 490.3602232324247,
            "z": -1.0
        },
        {
            "x": 613.7032201528955,
            "y": 482.85214728215806,
            "z": -1.0
        },
        {
            "x": 654.2531280551397,
            "y": 570.0311379846502,
            "z": -1.0
        },
        {
            "x": 662.8666485946112,
            "y": 447.44304115278663,
            "z": -1.0
        },
        {
            "x": 721.111774138689,
            "y": 545.9009362160612,
            "z": -1.0
        },
        {
            "x": 605.433281555445,
            "y": 547.3233205064672,
            "z": -1.0
        },
        {
            "x": 588.2373768572478,
            "y": 509.50469708000844,
            "z": -1.0
        },
        {
            "x": 694.8085942393838,
            "y": 573.2162960028035,
            "z": -1.0
        },
        {
            "x": 588.6902897173179,
            "y": 480.2257825662211,
            "z": -1.0
        },
        {
            "x": 679.4533931865875,
            "y": 578.2529164443836,
            "z": -1.0
        },
        {
            "x": 665.6769876767731,
            "y": 438.6469110768904,
            "z": -1.0
        },
        {
            "x": 683.4433748854873,
            "y": 430.44211962712274,
            "z": -1.0
        },
        {
            "x": 615.967773424581,
            "y": 443.12800551501886,
            "z": -1.0
        },
        {
            "x": 677.9681546906729,
            "y": 436.81408181725965,
            "z": -1.0
        },
        {
            "x": 581.5084435983316,
            "y": 528.4189185729093,
            "z": -1.0
        },
        {
            "x": 750.4448791326657,
            "y": 540.3909274550463,
            "z": -1.0
        },
        {
            "x": 708.4818927507969,
            "y": 533.3500061726515,
            "z": -1.0
        },
        {
            "x": 589.109735597663,
            "y": 526.9576717412319,
            "z": -1.0
        },
        {
            "x": 650.8119246738261,
            "y": 461.1730922221745,
            "z": -1.0
        },
        {
            "x": 596.5135672449918,
            "y": 474.20989773293144,
            "z": -1.0
        },
        {
            "x": 629.8537028581741,
            "y": 566.244243054251,
            "z": -1.0
        },
        {
            "x": 728.1315967081407,
            "y": 490.56504745588256,
            "z": -1.0
        },
        {
            "x": 591.3097139739237,
            "y": 471.84136666534727,
            "z": -1.0
        },
        {
            "x": 647.1504538228841,
            "y": 591.7690672057132,
            "z": -1.0
        },
        {
            "x": 597.5555936457789,
            "y": 534.4162577244214,
            "z": -1.0
        },
        {
            "x": 702.8029735157508,
            "y": 437.71018483985335,
            "z": -1.0
        },
        {
            "x": 629.118687853742,
            "y": 445.36562105173226,
            "z": -1.0
        },
        {
            "x": 705.070673007422,
            "y": 467.27767945368015,
            "z": -1.0
        },
        {
            "x": 750.3428452065377,
            "y": 532.9611465758502,
            "z": -1.0
        },
        {
            "x": 582.7898178371745,
            "y": 503.2576316053794,
            "z": -1.0
        },
        {
            "x": 673.949938404722,
            "y": 586.0350813693685,
            "z": -1.0
        },
        {
            "x": 724.4846687660831,
            "y": 512.7698933443755,
            "z": -1.0
        },
        {
            "x": 702.1188975658479,
            "y": 453.42127572830816,
            "z": -1.0
        },
        {
            "x": 607.15044442276,
            "y": 576.2464685545273,
            "z": -1.0
        },
        {
            "x": 730.7960776286327,
            "y": 517.572595890865,
            "z": -1.0
        },
        {
            "x": 638.3869800932729,
            "y": 466.06952573465367,
            "z": -1.0
        },
        {
            "x": 668.8566781400762,
            "y": 562.9330547334795,
            "z": -1.0
        },
        {
            "x": 715.3463321647531,
            "y": 528.8333200315851,
            "z": -1.0
        },
        {
            "x": 601.9351993198537,
            "y": 487.29769968223667,
            "z": -1.0
        },
        {
            "x": 699.6785763762002,
            "y": 426.1339384139354,
            "z": -1.0
        },
        {
            "x": 657.2999525132186,
            "y": 454.10409432970044,
            "z": -1.0
        },
        {
            "x": 597.2701045615183,
            "y": 493.04338631689524,
            "z": -1.0
        },
        {
            "x": 729.2523546556407,
            "y": 467.3455574470816,
            "z": -1.0
        },
        {
            "x": 674.4585706460236,
            "y": 567.0728691212289,
            "z": -1.0
        },
        {
            "x": 592.6521393379003,
            "y": 478.6980752135993,
            "z": -1.0
        },
        {
            "x": 601.1435638808114,
            "y": 570.6276037052055,
            "z": -1.0
        },
        {
            "x": 718.0949864000635,
            "y": 548.5336340369986,
            "z": -1.0
        },
        {
            "x": 729.1109033033816,
            "y": 500.24112943171417,
            "z": -1.0
        },
        {
            "x": 736.251160169436,
            "y": 485.1185658963879,
            "z": -1.0
        },
        {
            "x": 754.1313616509033,
            "y": 517.8646636307395,
            "z": -1.0
        },
        {
            "x": 749.2078968485282,
            "y": 509.1180517183923,
            "z": -1.0
        },
        {
            "x": 601.9116568590993,
            "y": 556.4022135311368,
            "z": -1.0
        },
        {
            "x": 725.2199527801234,
            "y": 499.2894770444474,
            "z": -1.0
        },
        {
            "x": 606.4238641105645,
            "y": 435.10608986539836,
            "z": -1.0
        },
        {
            "x": 727.0858847051601,
            "y": 485.32245982707946,
            "z": -1.0
        },
        {
            "x": 706.5053706045746,
            "y": 578.303980985489,
            "z": -1.0
        },
        {
            "x": 673.8827429577734,
            "y": 574.0631572716588,
            "z": -1.0
        },
        {
            "x": 726.221335506973,
            "y": 524.6896454594756,
            "z": -1.0
        },
        {
            "x": 713.0656504904279,
            "y": 574.5185460796298,
            "z": -1.0
        },
        {
            "x": 642.346341445887,
            "y": 453.365556700841,
            "z": -1.0
        },
        {
            "x": 722.6936611362968,
            "y": 480.7653046624374,
            "z": -1.0
        },
        {
            "x": 651.4498605691231,
            "y": 601.3639765842806,
            "z": -1.0
        },
        {
            "x": 570.6391303083392,
            "y": 502.16273723435125,
            "z": -1.0
        },
        {
            "x": 625.8548666869042,
            "y": 576.6339314408629,
            "z": -1.0
        },
        {
            "x": 612.7960718504718,
            "y": 537.7166433777418,
            "z": -1.0
        },
        {
            "x": 727.1795944148446,
            "y": 471.8522625514109,
            "z": -1.0
        },
        {
            "x": 705.3300962495337,
            "y": 458.9888197307334,
            "z": -1.0
        },
        {
            "x": 658.7530134007118,
            "y": 456.3808406339683,
            "z": -1.0
        },
        {
            "x": 725.0675949897744,
            "y": 453.7975404560285,
            "z": -1.0
        },
        {
            "x": 750.0608997146336,
            "y": 469.81807045095655,
            "z": -1.0
        },
        {
            "x": 631.076540820922,
            "y": 446.68513060434776,
            "z": -1.0
        },
        {
            "x": 724.2010236994512,
            "y": 557.7572985647893,
            "z": -1.0
        },
        {
            "x": 753.4243439925937,
            "y": 504.09812652667387,
            "z": -1.0
        },
        {
            "x": 589.2606081555026,
            "y": 460.5077339782174,
            "z": -1.0
        },
        {
            "x": 654.2003197393437,
            "y": 425.42516738158986,
            "z": -1.0
        },
        {
            "x": 688.2729915740292,
            "y": 578.0825328487135,
            "z": -1.0
        },
        {
            "x": 701.4851364339216,
            "y": 570.6077123466678,
            "z": -1.0
        },
        {
            "x": 691.4679635122691,
            "y": 419.2981936470018,
            "z": -1.0
        },
        {
            "x": 584.302479941992,
            "y": 486.0006536926871,
            "z": -1.0
        },
        {
            "x": 610.4025045463546,
            "y": 562.197435618159,
            "z": -1.0
        },
        {
            "x": 718.2183862926655,
            "y": 567.392715049028,
            "z": -1.0
        },
        {
            "x": 729.2315447677387,
            "y": 522.3852173068934,
            "z": -1.0
        },
        {
            "x": 596.7768892926691,
            "y": 558.3287160643841,
            "z": -1.0
        },
        {
            "x": 601.4693758882592,
            "y": 512.7540859628657,
            "z": -1.0
        },
        {
            "x": 630.4769799116104,
            "y": 566.8355249908991,
            "z": -1.0
        },
        {
            "x": 623.370154097286,
            "y": 444.00254719237876,
            "z": -1.0
        },
        {
            "x": 667.7197832487285,
            "y": 566.06526196039,
            "z": -1.0
        },
        {
            "x": 599.6783060992545,
            "y": 545.6825936841103,
            "z": -1.0
        },
        {
            "x": 601.0020920080332,
            "y": 473.4634482533102,
            "z": -1.0
        },
        {
            "x": 650.5957492921192,
            "y": 447.40356513055247,
            "z": -1.0
        },
        {
            "x": 695.5620814842242,
            "y": 429.3209439010548,
            "z": -1.0
        },
        {
            "x": 713.0168033321063,
            "y": 524.681392829396,
            "z": -1.0
        },
        {
            "x": 605.6322901989091,
            "y": 545.1945722137079,
            "z": -1.0
        },
        {
            "x": 665.0958682236962,
            "y": 415.0268470005063,
            "z": -1.0
        },
        {
            "x": 742.3372246735714,
            "y": 547.7375745277889,
            "z": -1.0
        },
        {
            "x": 610.7813512801754,
            "y": 460.4939567024467,
            "z": -1.0
        },
        {
            "x": 684.1701492528765,
            "y": 449.74142914243487,
            "z": -1.0
        },
        {
            "x": 635.977741051527,
            "y": 427.87316979721845,
            "z": -1.0
        },
        {
            "x": 705.2660888449537,
            "y": 435.7133304410908,
            "z": -1.0
        },
        {
            "x": 723.6734985441957,
            "y": 523.3589344945287,
            "z": -1.0
        },
        {
            "x": 709.7477105329884,
            "y": 469.31992848937654,
            "z": -1.0
        },
        {
            "x": 679.4336482367994,
            "y": 598.4322815857984,
            "z": -1.0
        },
        {
            "x": 615.1398629438551,
            "y": 541.327370785612,
            "z": -1.0
        },
        {
            "x": 719.887040399975,
            "y": 453.92753934906807,
            "z": -1.0
        },
        {
            "x": 739.7873669725512,
            "y": 497.9068776835979,
            "z": -1.0
        },
        {
            "x": 684.1380862720029,
            "y": 461.8730465836818,
            "z": -1.0
        },
        {
            "x": 717.7861461324923,
            "y": 501.36339108372584,
            "z": -1.0
        },
        {
            "x": 577.5478795820555,
            "y": 506.556735596337,
            "z": -1.0
        },
        {
            "x": 735.1023838699234,
            "y": 489.5614837116079,
            "z": -1.0
        },
        {
            "x": 749.6302532302427,
            "y": 475.00209921556893,
            "z": -1.0
        },
        {
            "x": 610.0706685344815,
            "y": 458.0188584664476,
            "z": -1.0
        },
        {
            "x": 596.0090153883407,
            "y": 517.9645815418829,
            "z": -1.0
        },
        {
            "x": 595.2949663960771,
            "y": 485.0523692799922,
            "z": -1.0
        },
        {
            "x": 633.5432306606501,
            "y": 556.0543856226643,
            "z": -1.0
        },
        {
            "x": 597.5407762684175,
            "y": 449.553041876937,
            "z": -1.0
        },
        {
            "x": 636.7967988542738,
            "y": 586.4348298230711,
            "z": -1.0
        },
        {
            "x": 717.2605208143149,
            "y": 457.5041852542322,
            "z": -1.0
        },
        {
            "x": 747.3172557155074,
            "y": 522.1979681585233,
            "z": -1.0
        },
        {
            "x": 672.5918640794846,
            "y": 419.65092922634017,
            "z": -1.0
        },
        {
            "x": 716.1589237270091,
            "y": 554.140755631094,
            "z": -1.0
        },
        {
            "x": 583.6840840842007,
            "y": 473.70419325961575,
            "z": -1.0
        },
        {
            "x": 670.0393559772891,
            "y": 597.0794549885394,
            "z": -1.0
        },
        {
            "x": 730.5837520334693,
            "y": 468.1094588580137,
            "z": -1.0
        },
        {
            "x": 715.8449607171118,
            "y": 527.110802975478,
            "z": -1.0
        },
        {
            "x": 609.7902745747097,
            "y": 449.22457389756534,
            "z": -1.0
        },
        {
            "x": 586.9944344854528,
            "y": 490.677369437867,
            "z": -1.0
        },
        {
            "x": 599.8332652821923,
            "y": 562.8538955618209,
            "z": -1.0
        },
        {
            "x": 704.9269217314622,
            "y": 459.2233241878025,
            "z": -1.0
        },
        {
            "x": 744.1141526016631,
            "y": 458.35295171821025,
            "z": -1.0
        },
        {
            "x": 727.7801430629626,
            "y": 489.6693780157544,
            "z": -1.0
        },
        {
            "x": 614.9425988230895,
            "y": 541.4933075254808,
            "z": -1.0
        },
        {
            "x": 736.6242213592818,
            "y": 550.4100575955072,
            "z": -1.0
        },
        {
            "x": 628.7356758312037,
            "y": 472.5116053134342,
            "z": -1.0
        },
        {
            "x": 712.0146409466098,
            "y": 431.2522187156176,
            "z": -1.0
        },
        {
            "x": 714.3768453454104,
            "y": 499.60642628683337,
            "z": -1.0
        },
        {
            "x": 593.8727970122185,
            "y": 513.7573398443106,
            "z": -1.0
        },
        {
            "x": 626.9765324718026,
            "y": 453.3187282634865,
            "z": -1.0
        },
        {
            "x": 643.6452083040564,
            "y": 572.8136930593632,
            "z": -1.0
        },
        {
            "x": 687.7760924331001,
            "y": 439.9460902666612,
            "z": -1.0
        },
        {
            "x": 580.6567221162582,
            "y": 458.996605130282,
            "z": -1.0
        },
        {
            "x": 624.8013722392288,
            "y": 594.5393109018963,
            "z": -1.0
        },
        {
            "x": 643.9323606395678,
            "y": 560.1276820486893,
            "z": -1.0
        },
        {
            "x": 696.5566850153534,
            "y": 457.3891575508651,
            "z": -1.0
        },
        {
            "x": 696.6547740041134,
            "y": 580.2777233235988,
            "z": -1.0
        },
        {
            "x": 696.768985809464,
            "y": 587.446276569513,
            "z": -1.0
        },
        {
            "x": 602.8857742476291,
            "y": 492.2062196562035,
            "z": -1.0
        },
        {
            "x": 632.4079962909017,
            "y": 556.9508972022262,
            "z": -1.0
        },
        {
            "x": 655.3695679323982,
            "y": 413.35009168519923,
            "z": -1.0
        },
        {
            "x": 681.6160822356113,
            "y": 582.1286044391197,
            "z": -1.0
        },
        {
            "x": 582.2394723439506,
            "y": 503.48218042661074,
            "z": -1.0
        },
        {
            "x": 731.9551712263448,
            "y": 561.9275642676628,
            "z": -1.0
        },
        {
            "x": 652.9080469314702,
            "y": 458.8645155452966,
            "z": -1.0
        },
        {
            "x": 751.3416671255053,
            "y": 512.6229284353604,
            "z": -1.0
        },
        {
            "x": 743.2196780979575,
            "y": 509.1191937945675,
            "z": -1.0
        },
        {
            "x": 742.8281890070132,
            "y": 515.250099891129,
            "z": -1.0
        },
        {
            "x": 631.6787745546447,
            "y": 581.0767951562948,
            "z": -1.0
        },
        {
            "x": 731.6923262238696,
            "y": 509.1022908824963,
            "z": -1.0
        },
        {
            "x": 652.7952482686891,
            "y": 576.8405306444762,
            "z": -1.0
        },
        {
            "x": 726.0193230313664,
            "y": 468.0574267039719,
            "z": -1.0
        },
        {
            "x": 756.4710359036217,
            "y": 498.6981312140493,
            "z": -1.0
        },
        {
            "x": 738.0752189784391,
            "y": 452.1862467800821,
            "z": -1.0
        },
        {
            "x": 596.0521241216965,
            "y": 525.2364044740267,
            "z": -1.0
        },
        {
            "x": 601.162956894607,
            "y": 578.9226244726812,
            "z": -1.0
        },
        {
            "x": 708.6985382116827,
            "y": 476.0675254754362,
            "z": -1.0
        },
        {
            "x": 615.4359175277696,
            "y": 537.9306452298775,
            "z": -1.0
        },
        {
            "x": 635.2194395217356,
            "y": 574.1879880834408,
            "z": -1.0
        },
        {
            "x": 609.6032979644972,
            "y": 568.1930641110991,
            "z": -1.0
        },
        {
            "x": 609.2448765642567,
            "y": 560.8113871207302,
            "z": -1.0
        },
        {
            "x": 659.356875299954,
            "y": 414.8284757036517,
            "z": -1.0
        },
        {
            "x": 622.8317001603665,
            "y": 556.0912629112956,
            "z": -1.0
        },
        {
            "x": 619.9772638977308,
            "y": 536.5229183311034,
            "z": -1.0
        },
        {
            "x": 608.4060633904592,
            "y": 482.0474336367391,
            "z": -1.0
        },
        {
            "x": 695.8031834450404,
            "y": 553.9397463341222,
            "z": -1.0
        },
        {
            "x": 625.147428778256,
            "y": 430.3222742598188,
            "z": -1.0
        },
        {
            "x": 576.8828035569343,
            "y": 486.910275053534,
            "z": -1.0
        },
        {
            "x": 656.6362311903366,
            "y": 458.982367211719,
            "z": -1.0
        },
        {
            "x": 679.095103187673,
            "y": 427.96165033441144,
            "z": -1.0
        },
        {
            "x": 613.5713579625556,
            "y": 528.663926505377,
            "z": -1.0
        },
        {
            "x": 608.7250198392088,
            "y": 466.8188769597901,
            "z": -1.0
        },
        {
            "x": 585.521317695002,
            "y": 553.0566930936751,
            "z": -1.0
        },
        {
            "x": 621.5228098758618,
            "y": 560.8358443342885,
            "z": -1.0
        },
        {
            "x": 722.0289184594168,
            "y": 528.211657256947,
            "z": -1.0
        },
        {
            "x": 742.2527790157428,
            "y": 512.3441661252924,
            "z": -1.0
        },
        {
            "x": 644.6274599529509,
            "y": 593.0803612988847,
            "z": -1.0
        },
        {
            "x": 599.2450288939592,
            "y": 463.38925185889946,
            "z": -1.0
        },
        {
            "x": 592.7420081161551,
            "y": 560.2937830521142,
            "z": -1.0
        },
        {
            "x": 593.678140906494,
            "y": 545.308595616639,
            "z": -1.0
        },
        {
            "x": 594.1043337341514,
            "y": 533.8532663468706,
            "z": -1.0
        },
        {
            "x": 605.086760156309,
            "y": 575.1085307863848,
            "z": -1.0
        },
        {
            "x": 643.9972843277629,
            "y": 462.59724820936543,
            "z": -1.0
        },
        {
            "x": 696.384463110071,
            "y": 431.94865687847425,
            "z": -1.0
        },
        {
            "x": 589.1660898263877,
            "y": 476.48518904545614,
            "z": -1.0
        },
        {
            "x": 659.4433113884423,
            "y": 579.7726972657565,
            "z": -1.0
        },
        {
            "x": 591.788134942345,
            "y": 478.1147738898366,
            "z": -1.0
        },
        {
            "x": 710.2386482401313,
            "y": 556.7622845350894,
            "z": -1.0
        }
    ],
    "center": {
        "x": 663.2359293334092,
        "y": 509.9583982456766,
        "z": 0.0
    },
    "radius": 50
}