{
    "W": 1000,
    "H": 1000,
    "depth": 1.0,
    "height": 10.0,
    "num_of_relays": 200,
    "num_of_sensors": 200,
    "relays": [
        {
            "x": 516.0757965544482,
            "y": 668.5509354915746,
            "z": 21.0
        },
        {
            "x": 522.650481301203,
            "y": 676.3332140065087,
            "z": 20.902812522887388
        },
        {
            "x": 525.2611983820995,
            "y": 676.2107726908444,
            "z": 20.800641234116632
        },
        {
            "x": 527.768233849414,
            "y": 662.986939333245,
            "z": 21.0
        },
        {
            "x": 524.7967280040077,
            "y": 669.3277113797346,
            "z": 21.0
        },
        {
            "x": 526.7245777754589,
            "y": 658.7670777598458,
            "z": 21.0
        },
        {
            "x": 507.8803163029129,
            "y": 676.8335730406443,
            "z": 21.0
        },
        {
            "x": 515.5853367242702,
            "y": 662.6242632430708,
            "z": 21.0
        },
        {
            "x": 522.4010865481472,
            "y": 659.3881821788727,
            "z": 21.0
        },
        {
            "x": 529.6104578892166,
            "y": 640.8200140553868,
            "z": 21.217753766169665
        },
        {
            "x": 505.6456548721534,
            "y": 665.914921770896,
            "z": 21.0
        },
        {
            "x": 509.20976745009284,
            "y": 673.1519632847599,
            "z": 21.0
        },
        {
            "x": 513.7969891887643,
            "y": 663.5316805253284,
            "z": 21.000000000000004
        },
        {
            "x": 500.3800007392174,
            "y": 667.3888041302191,
            "z": 21.000000000000004
        },
        {
            "x": 511.3983767049156,
            "y": 653.6972432294432,
            "z": 23.168557578434893
        },
        {
            "x": 534.9072641387145,
            "y": 655.5458019259861,
            "z": 21.0
        },
        {
            "x": 528.1521607686996,
            "y": 657.1485753521879,
            "z": 21.0
        },
        {
            "x": 514.1298142148262,
            "y": 658.6136662172719,
            "z": 21.325521474595075
        },
        {
            "x": 539.2386277719523,
            "y": 652.9962941774285,
            "z": 21.0
        },
        {
            "x": 529.7482639204728,
            "y": 665.5882182543739,
            "z": 21.0
        },
        {
            "x": 521.5162295666572,
            "y": 644.6768382965568,
            "z": 24.106401136913
        },
        {
            "x": 500.5349414531326,
            "y": 661.1732696989334,
            "z": 21.0
        },
        {
            "x": 497.71739577774207,
            "y": 660.8690933012833,
            "z": 21.20842246183534
        },
        {
            "x": 514.86014811847,
            "y": 645.3825299842985,
            "z": 24.744243537793032
        },
        {
            "x": 531.8074961794971,
            "y": 667.2673167389954,
            "z": 21.000000000000004
        },
        {
            "x": 510.74259519337994,
            "y": 654.2538985321273,
            "z": 23.127759493920447
        },
        {
            "x": 533.959955546535,
            "y": 663.5620021790244,
            "z": 21.0
        },
        {
            "x": 525.9848227150248,
            "y": 657.1013194997782,
            "z": 21.0
        },
        {
            "x": 501.17191950101335,
            "y": 666.2929460861171,
            "z": 21.0
        },
        {
            "x": 530.240314921877,
            "y": 658.6199038523257,
            "z": 21.0
        },
        {
            "x": 507.98699958531853,
            "y": 646.1362045110991,
            "z": 25.585168043178236
        },
        {
            "x": 509.2328250648766,
            "y": 656.501609825357,
            "z": 21.360547519154732
        },
        {
            "x": 539.0496807200766,
            "y": 658.4362797803999,
            "z": 21.0
        },
        {
            "x": 516.2511164987282,
            "y": 657.8731889265115,
            "z": 21.318926677748937
        },
        {
            "x": 535.1502253028184,
            "y": 669.6875371034619,
            "z": 21.0
        },
        {
            "x": 533.911941406905,
            "y": 676.8020491670173,
            "z": 21.000000000000004
        },
        {
            "x": 522.1952559786762,
            "y": 659.4960984954598,
            "z": 21.000000000000004
        },
        {
            "x": 513.5762797971797,
            "y": 670.4771015853813,
            "z": 20.982937512389988
        },
        {
            "x": 522.7520590512647,
            "y": 682.6232255317985,
            "z": 20.537528458306326
        },
        {
            "x": 516.0820196068241,
            "y": 671.7399323775268,
            "z": 20.894176971653344
        },
        {
            "x": 533.406741710733,
            "y": 672.0834094474527,
            "z": 21.0
        },
        {
            "x": 508.10032906181596,
            "y": 648.86956445374,
            "z": 25.308681425334385
        },
        {
            "x": 501.3199899075879,
            "y": 669.7653338445449,
            "z": 21.0
        },
        {
            "x": 516.3810637625695,
            "y": 666.7189626925407,
            "z": 21.0
        },
        {
            "x": 517.5862716603569,
            "y": 641.913677661109,
            "z": 24.706856669698745
        },
        {
            "x": 505.4319555888516,
            "y": 668.3610215848906,
            "z": 21.0
        },
        {
            "x": 525.9645291486712,
            "y": 641.5172813805286,
            "z": 23.11513527157792
        },
        {
            "x": 522.4301479579015,
            "y": 664.4509395537372,
            "z": 21.0
        },
        {
            "x": 519.2542072723032,
            "y": 656.4465808583822,
            "z": 21.106004566171084
        },
        {
            "x": 513.123393079429,
            "y": 678.8844200702739,
            "z": 20.722504638377668
        },
        {
            "x": 500.07951868901466,
            "y": 661.9991498770958,
            "z": 21.0
        },
        {
            "x": 536.6096362586459,
            "y": 651.9535755332174,
            "z": 21.0
        },
        {
            "x": 501.6916533687328,
            "y": 659.5992688811125,
            "z": 24.38992691333995
        },
        {
            "x": 521.9639230683347,
            "y": 676.0123077539188,
            "z": 20.92168479208502
        },
        {
            "x": 521.2408020439303,
            "y": 655.899355379777,
            "z": 21.0
        },
        {
            "x": 510.3381660609577,
            "y": 648.7283443496119,
            "z": 26.691436337495894
        },
        {
            "x": 538.9095404940301,
            "y": 666.637653567873,
            "z": 21.000000000000004
        },
        {
            "x": 513.7016406690286,
            "y": 675.9318758975962,
            "z": 20.78042326933827
        },
        {
            "x": 536.5339056683882,
            "y": 672.8669657535947,
            "z": 21.0
        },
        {
            "x": 532.047405935095,
            "y": 664.810672906697,
            "z": 21.0
        },
        {
            "x": 510.79833416878864,
            "y": 652.1989099197696,
            "z": 23.871320961498334
        },
        {
            "x": 519.1141912519716,
            "y": 645.5166340078326,
            "z": 23.126261404860227
        },
        {
            "x": 524.0914669149695,
            "y": 650.817643907058,
            "z": 21.0
        },
        {
            "x": 532.9260842288638,
            "y": 663.2908215970749,
            "z": 21.0
        },
        {
            "x": 528.0950672079866,
            "y": 647.2674192944874,
            "z": 21.45076240883904
        },
        {
            "x": 511.91566823760724,
            "y": 648.7332353636891,
            "z": 25.845257632719814
        },
        {
            "x": 507.98686801180645,
            "y": 677.132543830591,
            "z": 21.0
        },
        {
            "x": 520.1737588094128,
            "y": 660.2639935043784,
            "z": 21.0
        },
        {
            "x": 521.8487760753218,
            "y": 653.3327870750953,
            "z": 21.0
        },
        {
            "x": 518.7491369568473,
            "y": 653.3263239127194,
            "z": 21.33391419118204
        },
        {
            "x": 521.1523130339837,
            "y": 659.8217069787183,
            "z": 21.0
        },
        {
            "x": 511.5385770309857,
            "y": 670.4058065154449,
            "z": 20.99375635416312
        },
        {
            "x": 534.8357006518788,
            "y": 666.4810840357375,
            "z": 21.0
        },
        {
            "x": 516.5715637572227,
            "y": 666.2821879000245,
            "z": 21.0
        },
        {
            "x": 513.1859594342723,
            "y": 642.5453880560325,
            "z": 25.53046770762599
        },
        {
            "x": 531.3902326736549,
            "y": 642.3268334716602,
            "z": 21.86097673263452
        },
        {
            "x": 525.6327736256193,
            "y": 651.3448461479628,
            "z": 21.0
        },
        {
            "x": 511.2947855803771,
            "y": 657.8150087445199,
            "z": 21.760832695358218
        },
        {
            "x": 506.3515156651787,
            "y": 662.9575014131796,
            "z": 21.000000000000004
        },
        {
            "x": 528.6493149559323,
            "y": 679.4795808265058,
            "z": 20.954987306593424
        },
        {
            "x": 536.4875798474391,
            "y": 670.5664794821334,
            "z": 21.0
        },
        {
            "x": 530.7617554348374,
            "y": 663.8980890210521,
            "z": 21.000000000000004
        },
        {
            "x": 520.2553278617413,
            "y": 660.8403987096065,
            "z": 21.0
        },
        {
            "x": 516.9691684394113,
            "y": 647.8716604260743,
            "z": 23.347302828308305
        },
        {
            "x": 532.7590157440026,
            "y": 671.879911768903,
            "z": 21.0
        },
        {
            "x": 510.26343029600355,
            "y": 680.5833378312267,
            "z": 20.91839656442798
        },
        {
            "x": 524.4767001916123,
            "y": 668.0995270863416,
            "z": 21.0
        },
        {
            "x": 525.2922291896631,
            "y": 681.3725444333013,
            "z": 20.66647736229644
        },
        {
            "x": 525.5786693741982,
            "y": 651.4853887916292,
            "z": 21.0
        },
        {
            "x": 519.3330490058701,
            "y": 652.6496374043767,
            "z": 21.19609326561466
        },
        {
            "x": 532.7959120890681,
            "y": 650.4242821723864,
            "z": 21.0
        },
        {
            "x": 510.1975814210811,
            "y": 663.9974256270513,
            "z": 21.0
        },
        {
            "x": 533.0152627094396,
            "y": 673.5793531089707,
            "z": 21.0
        },
        {
            "x": 520.3140119131268,
            "y": 640.9732646311013,
            "z": 26.340241371012798
        },
        {
            "x": 536.8364533375676,
            "y": 649.6111719480326,
            "z": 21.316354666243242
        },
        {
            "x": 519.8139883358206,
            "y": 679.3101500295472,
            "z": 20.08630296205284
        },
        {
            "x": 508.35236327512723,
            "y": 660.2749260888547,
            "z": 21.0
        },
        {
            "x": 532.0996682020866,
            "y": 657.7133971360186,
            "z": 21.0
        },
        {
            "x": 508.04074236348316,
            "y": 672.6696129586887,
            "z": 21.0
        },
        {
            "x": 499.1494480954055,
            "y": 666.934432410858,
            "z": 21.02607424351608
        },
        {
            "x": 525.0778283082734,
            "y": 655.8570175659573,
            "z": 21.0
        },
        {
            "x": 536.706990365669,
            "y": 670.5271525071403,
            "z": 21.0
        },
        {
            "x": 527.8518790731595,
            "y": 679.7312608396371,
            "z": 20.978898926106083
        },
        {
            "x": 538.3627109267392,
            "y": 663.9935150650876,
            "z": 21.0
        },
        {
            "x": 521.7067958432652,
            "y": 664.3979015092316,
            "z": 21.0
        },
        {
            "x": 517.3406809746099,
            "y": 665.6154126254519,
            "z": 21.0
        },
        {
            "x": 505.38121929336813,
            "y": 668.5582351652293,
            "z": 21.0
        },
        {
            "x": 501.49829331489343,
            "y": 667.5623727247582,
            "z": 21.0
        },
        {
            "x": 511.969302408177,
            "y": 660.2027839373588,
            "z": 21.0
        },
        {
            "x": 536.6527944887354,
            "y": 659.2137352812687,
            "z": 21.0
        },
        {
            "x": 537.6489675071575,
            "y": 664.8172164630552,
            "z": 21.0
        },
        {
            "x": 520.0288817954759,
            "y": 637.7042598962188,
            "z": 20.23800257331902
        },
        {
            "x": 521.3379043954199,
            "y": 671.6863685834898,
            "z": 20.888771559859507
        },
        {
            "x": 499.5996081186384,
            "y": 654.0400524765785,
            "z": 21.66918785903877
        },
        {
            "x": 520.2628928475295,
            "y": 642.5096245975999,
            "z": 25.620440110516988
        },
        {
            "x": 528.8389611562735,
            "y": 650.1510335219488,
            "z": 21.0
        },
        {
            "x": 531.4292285484823,
            "y": 679.3365035835942,
            "z": 21.0
        },
        {
            "x": 517.2691578582941,
            "y": 670.0595157948071,
            "z": 20.995673702924854
        },
        {
            "x": 519.3091939193545,
            "y": 674.9854802025131,
            "z": 20.535891980137023
        },
        {
            "x": 535.5299363934084,
            "y": 672.6011179607715,
            "z": 21.0
        },
        {
            "x": 514.342309201377,
            "y": 660.336183375873,
            "z": 21.0
        },
        {
            "x": 532.4662253713777,
            "y": 656.6065270608003,
            "z": 21.0
        },
        {
            "x": 524.7496951765854,
            "y": 666.3390838009847,
            "z": 21.0
        },
        {
            "x": 528.0779064277662,
            "y": 651.3870736258145,
            "z": 21.000000000000004
        },
        {
            "x": 507.1999791233637,
            "y": 659.9752398915036,
            "z": 22.121394927068483
        },
        {
            "x": 533.4986050943373,
            "y": 668.2694614701334,
            "z": 21.000000000000004
        },
        {
            "x": 533.0148116445198,
            "y": 659.3584217115942,
            "z": 21.000000000000004
        },
        {
            "x": 509.357539887298,
            "y": 652.4164242853503,
            "z": 21.35442694324716
        },
        {
            "x": 522.2743736102211,
            "y": 670.4646562895372,
            "z": 20.78313065900535
        },
        {
            "x": 513.635076254565,
            "y": 658.1163087071261,
            "z": 21.47958205756329
        },
        {
            "x": 528.733198446263,
            "y": 678.0315033018862,
            "z": 20.82808727694559
        },
        {
            "x": 537.4347380350192,
            "y": 659.573981339753,
            "z": 21.0
        },
        {
            "x": 512.9362942958489,
            "y": 639.3199555441937,
            "z": 22.74180847094429
        },
        {
            "x": 514.446766325137,
            "y": 678.9405452880994,
            "z": 20.602434842845174
        },
        {
            "x": 524.4079441966034,
            "y": 666.7236543218868,
            "z": 21.0
        },
        {
            "x": 514.7258783711088,
            "y": 662.2355408742053,
            "z": 21.0
        },
        {
            "x": 537.8561664261458,
            "y": 670.5495255810368,
            "z": 21.0
        },
        {
            "x": 503.1320126596851,
            "y": 666.272539732446,
            "z": 21.0
        },
        {
            "x": 517.3769283089655,
            "y": 653.9748775931489,
            "z": 21.632173120817153
        },
        {
            "x": 512.7335111207452,
            "y": 659.8443739932975,
            "z": 21.045234185881064
        },
        {
            "x": 539.3181848260546,
            "y": 667.869216722735,
            "z": 21.0
        },
        {
            "x": 527.2603219369428,
            "y": 661.2553235308823,
            "z": 21.0
        },
        {
            "x": 533.2189609569567,
            "y": 662.7600469746487,
            "z": 21.000000000000004
        },
        {
            "x": 516.6554183472065,
            "y": 661.8880293010711,
            "z": 21.0
        },
        {
            "x": 509.34262548743084,
            "y": 657.4187964977903,
            "z": 21.296886152909806
        },
        {
            "x": 513.5961009948456,
            "y": 680.1669667188012,
            "z": 20.63570181230706
        },
        {
            "x": 506.7937663806948,
            "y": 666.4610558448395,
            "z": 21.0
        },
        {
            "x": 512.0080729382671,
            "y": 665.6122924811948,
            "z": 21.0
        },
        {
            "x": 515.8255379761777,
            "y": 653.8899619743091,
            "z": 22.02024486809428
        },
        {
            "x": 521.6446966739827,
            "y": 658.676235007899,
            "z": 21.0
        },
        {
            "x": 528.8558235012027,
            "y": 677.8989687487732,
            "z": 20.813936380686243
        },
        {
            "x": 534.4025190627249,
            "y": 658.5467737560014,
            "z": 21.0
        },
        {
            "x": 525.617710263267,
            "y": 664.8051109622058,
            "z": 21.000000000000004
        },
        {
            "x": 512.6415691189189,
            "y": 655.1416075796819,
            "z": 22.430005792723147
        },
        {
            "x": 526.1254828140508,
            "y": 648.964875342131,
            "z": 21.58798213242059
        },
        {
            "x": 505.5469919484978,
            "y": 663.6511808046297,
            "z": 21.0
        },
        {
            "x": 502.787755366314,
            "y": 650.6639026451318,
            "z": 25.23158221441877
        },
        {
            "x": 521.4523891829443,
            "y": 659.1183974798408,
            "z": 21.0
        },
        {
            "x": 527.8458741704521,
            "y": 642.0097453660585,
            "z": 22.076013277536685
        },
        {
            "x": 512.68403812365,
            "y": 677.9928427677847,
            "z": 20.785469052949257
        },
        {
            "x": 534.8056129570368,
            "y": 668.7295747570636,
            "z": 21.0
        },
        {
            "x": 502.32544636390156,
            "y": 659.623281065418,
            "z": 24.127644447823037
        },
        {
            "x": 513.5892567791577,
            "y": 654.8060077891366,
            "z": 22.331894014196003
        },
        {
            "x": 523.4512601605487,
            "y": 663.3397628058415,
            "z": 21.0
        },
        {
            "x": 501.79042984267653,
            "y": 657.2332031837599,
            "z": 24.738112314409037
        },
        {
            "x": 534.6012749365029,
            "y": 655.1492636503117,
            "z": 21.000000000000004
        },
        {
            "x": 502.87340069212075,
            "y": 672.8777098394751,
            "z": 21.0
        },
        {
            "x": 510.23872915737627,
            "y": 649.1935638166407,
            "z": 26.78574487876486
        },
        {
            "x": 528.8319820088284,
            "y": 671.4415159737674,
            "z": 20.24411623057469
        },
        {
            "x": 501.7505716911934,
            "y": 666.9734074546113,
            "z": 21.0
        },
        {
            "x": 513.7891125412009,
            "y": 654.4062909956799,
            "z": 22.389675884124134
        },
        {
            "x": 514.5091664894987,
            "y": 665.8876948807317,
            "z": 21.000000000000004
        },
        {
            "x": 513.2542546605266,
            "y": 670.849420416644,
            "z": 20.9723576965039
        },
        {
            "x": 532.8304926265263,
            "y": 667.03327639623,
            "z": 21.0
        },
        {
            "x": 498.780123736177,
            "y": 659.7708247200119,
            "z": 21.735273702390728
        },
        {
            "x": 520.4550016352437,
            "y": 639.1316259031944,
            "z": 20.193642202091283
        },
        {
            "x": 498.26937445887427,
            "y": 665.4003584081412,
            "z": 21.079602572188954
        },
        {
            "x": 522.3097764897242,
            "y": 647.1479503890937,
            "z": 22.865667299540817
        },
        {
            "x": 542.2955065407651,
            "y": 662.5529546794041,
            "z": 21.0
        },
        {
            "x": 506.55695116580716,
            "y": 666.0914744628997,
            "z": 21.0
        },
        {
            "x": 532.6187717879436,
            "y": 662.7621073136787,
            "z": 21.0
        },
        {
            "x": 518.6594017357673,
            "y": 647.9293622121647,
            "z": 22.493819402462375
        },
        {
            "x": 535.3326378789895,
            "y": 658.945593209158,
            "z": 21.0
        },
        {
            "x": 531.1982937666015,
            "y": 652.1330277748449,
            "z": 21.0
        },
        {
            "x": 531.3489698681183,
            "y": 678.444861577286,
            "z": 21.000000000000004
        },
        {
            "x": 536.0222662711707,
            "y": 671.5793071925896,
            "z": 21.0
        },
        {
            "x": 536.4053177206824,
            "y": 670.8802983908379,
            "z": 21.0
        },
        {
            "x": 535.7682249146327,
            "y": 665.9441400904941,
            "z": 21.0
        },
        {
            "x": 533.9887256092254,
            "y": 673.0732371773646,
            "z": 21.0
        },
        {
            "x": 511.7166623917059,
            "y": 643.6872805568302,
            "z": 25.8805710235335
        },
        {
            "x": 541.1592531760559,
            "y": 669.5463731893799,
            "z": 21.0
        },
        {
            "x": 526.8103394604232,
            "y": 652.4801164821113,
            "z": 21.000000000000004
        },
        {
            "x": 508.7325652511029,
            "y": 659.3577002484097,
            "z": 21.5232553600463
        },
        {
            "x": 499.8962553319858,
            "y": 658.4221498596924,
            "z": 21.20857326711052
        },
        {
            "x": 504.6989467635229,
            "y": 657.0401160380088,
            "z": 23.434231343717048
        },
        {
            "x": 513.6623699408906,
            "y": 670.7268581967943,
            "z": 20.973379763887706
        },
        {
            "x": 532.1130816101003,
            "y": 642.371523249035,
            "z": 21.788691838989973
        },
        {
            "x": 527.6272915618335,
            "y": 679.6412360081423,
            "z": 20.972636024322142
        },
        {
            "x": 514.6427650150265,
            "y": 677.106033274967,
            "z": 20.67008357315369
        },
        {
            "x": 525.561593553469,
            "y": 678.5803833649364,
            "z": 20.921046692740333
        }
    ],
    "sensors": [
        {
            "x": 490.0845427160849,
            "y": 684.9790905841822,
            "z": 10.50633575477407
        },
        {
            "x": 485.03089535572326,
            "y": 641.1042375290883,
            "z": 10.33229830940235
        },
        {
            "x": 502.4276351467685,
            "y": 630.3533979524291,
            "z": 10.511264668057091
        },
        {
            "x": 542.1663602513546,
            "y": 689.1510873601536,
            "z": 10.055171517995074
        },
        {
            "x": 504.78023711316627,
            "y": 627.7347040832016,
            "z": 9.47802371131663
        },
        {
            "x": 521.4117336542083,
            "y": 634.8765950736368,
            "z": 10.084002549825321
        },
        {
            "x": 485.8483755643125,
            "y": 674.0564625338187,
            "z": 10.338084202641028
        },
        {
            "x": 520.3769682258583,
            "y": 624.9159327063837,
            "z": 9.524586374114339
        },
        {
            "x": 484.14506244373376,
            "y": 639.745266107858,
            "z": 8.6320849026301
        },
        {
            "x": 560.9986377285578,
            "y": 674.3025109623295,
            "z": 9.512851628656428
        },
        {
            "x": 523.251169567366,
            "y": 616.2396316780677,
            "z": 9.970314819727108
        },
        {
            "x": 516.7483638053127,
            "y": 619.8856280303321,
            "z": 10.98456352679102
        },
        {
            "x": 526.6600387489948,
            "y": 687.1808664863131,
            "z": 10.384090523530793
        },
        {
            "x": 561.5663317130751,
            "y": 666.1603007952715,
            "z": 11.198819231592827
        },
        {
            "x": 488.0936781515038,
            "y": 651.2128795358792,
            "z": 9.386965316848652
        },
        {
            "x": 514.782997492269,
            "y": 699.4157283167181,
            "z": 9.941572831671806
        },
        {
            "x": 546.7736363367698,
            "y": 686.9679463431518,
            "z": 10.616140864751884
        },
        {
            "x": 493.8772852035212,
            "y": 639.4588736472903,
            "z": 10.658401369415358
        },
        {
            "x": 530.4099585719125,
            "y": 696.6448008101689,
            "z": 12.260723374334736
        },
        {
            "x": 552.0769441284147,
            "y": 654.2573162636801,
            "z": 10.353688320666185
        },
        {
            "x": 542.0485383694104,
            "y": 623.1431396457089,
            "z": 9.09539370931119
        },
        {
            "x": 534.010725756816,
            "y": 699.1682463308064,
            "z": 12.064863473441687
        },
        {
            "x": 494.70382679066944,
            "y": 636.321969018239,
            "z": 10.053937639890194
        },
        {
            "x": 554.5163635148308,
            "y": 653.1516506843174,
            "z": 10.569360006485699
        },
        {
            "x": 555.7149301929759,
            "y": 654.7220257778589,
            "z": 11.079441907595854
        },
        {
            "x": 513.4790597451247,
            "y": 635.384747663115,
            "z": 11.926868460886322
        },
        {
            "x": 477.93705775035335,
            "y": 655.2105813438648,
            "z": 9.586433149608318
        },
        {
            "x": 499.00166922349797,
            "y": 634.3726108817519,
            "z": 9.71791806984336
        },
        {
            "x": 491.03868545987496,
            "y": 665.0809208484493,
            "z": 10.440814155248173
        },
        {
            "x": 552.0487678110304,
            "y": 636.6778758330753,
            "z": 12.086330731073017
        },
        {
            "x": 488.0959724332259,
            "y": 670.099702075044,
            "z": 10.621092841638664
        },
        {
            "x": 505.86363638601523,
            "y": 685.1812642933185,
            "z": 9.696189501641365
        },
        {
            "x": 556.8386376532955,
            "y": 664.2864020379723,
            "z": 10.54203480022733
        },
        {
            "x": 477.3499520335662,
            "y": 657.5151571653519,
            "z": 9.447639553099528
        },
        {
            "x": 492.7280389688111,
            "y": 634.4988717447239,
            "z": 9.545276200649988
        },
        {
            "x": 556.7317826113864,
            "y": 676.6667533283963,
            "z": 9.551208658694993
        },
        {
            "x": 484.92304863820243,
            "y": 666.7696092312539,
            "z": 10.020650691179904
        },
        {
            "x": 550.6648771841121,
            "y": 691.437567247362,
            "z": 9.808871670120544
        },
        {
            "x": 525.0490264586695,
            "y": 696.5694462766293,
            "z": 10.325251546967841
        },
        {
            "x": 550.0746666209851,
            "y": 655.420187285022,
            "z": 10.016188282787164
        },
        {
            "x": 554.6263449058486,
            "y": 658.2239182056074,
            "z": 11.521867283865088
        },
        {
            "x": 547.7979058068488,
            "y": 692.4711500381985,
            "z": 10.891771779495315
        },
        {
            "x": 508.7825185612452,
            "y": 682.9258663471043,
            "z": 9.743035244988343
        },
        {
            "x": 489.7489265622148,
            "y": 660.6849990771977,
            "z": 9.070219758451692
        },
        {
            "x": 483.65861768343495,
            "y": 674.3146608145591,
            "z": 10.005332674601208
        },
        {
            "x": 550.9257840916554,
            "y": 642.4067719415458,
            "z": 14.537107954172317
        },
        {
            "x": 479.58723960663644,
            "y": 653.0354030560713,
            "z": 9.708988635987277
        },
        {
            "x": 508.6524587206783,
            "y": 624.2470390744095,
            "z": 9.86524587206783
        },
        {
            "x": 494.86418470533965,
            "y": 656.2053964672143,
            "z": 12.096762729815076
        },
        {
            "x": 490.3627470278672,
            "y": 663.4417784718773,
            "z": 10.632032399138055
        },
        {
            "x": 483.9027589698065,
            "y": 683.1364761929574,
            "z": 11.39027589698065
        },
        {
            "x": 553.7576444027637,
            "y": 642.1115698850198,
            "z": 13.121177798618138
        },
        {
            "x": 550.4682832280378,
            "y": 659.9334297318193,
            "z": 10.186066341612104
        },
        {
            "x": 511.7712714321121,
            "y": 629.3344669375836,
            "z": 10.71334303831719
        },
        {
            "x": 544.592118509574,
            "y": 647.7317341470136,
            "z": 12.213280228343793
        },
        {
            "x": 482.72917254691345,
            "y": 649.415302036761,
            "z": 8.673371649469152
        },
        {
            "x": 524.3585963801363,
            "y": 634.3920598159161,
            "z": 11.410223205890405
        },
        {
            "x": 483.4534096985691,
            "y": 676.3820966848793,
            "z": 10.108491662314075
        },
        {
            "x": 502.8130006306309,
            "y": 641.2763380510698,
            "z": 13.328584680445426
        },
        {
            "x": 531.8983952912339,
            "y": 619.651807951618,
            "z": 10.585501736915024
        },
        {
            "x": 479.98819628278414,
            "y": 654.2905380964997,
            "z": 9.571452633333976
        },
        {
            "x": 486.96407275318234,
            "y": 661.0397769982035,
            "z": 9.13554457301495
        },
        {
            "x": 504.545306564669,
            "y": 623.4694954991578,
            "z": 9.454530656466899
        },
        {
            "x": 563.0931027900094,
            "y": 658.5568116236107,
            "z": 13.133608116217333
        },
        {
            "x": 486.30590171156143,
            "y": 649.0507391824956,
            "z": 9.366380225149033
        },
        {
            "x": 508.64428159078807,
            "y": 687.867266349725,
            "z": 9.319931343232458
        },
        {
            "x": 559.0290950626943,
            "y": 664.5975783617167,
            "z": 10.178552461241628
        },
        {
            "x": 528.8868953182392,
            "y": 688.2882646016143,
            "z": 10.717515991985355
        },
        {
            "x": 528.1687381272076,
            "y": 622.7907985131999,
            "z": 9.80183267772188
        },
        {
            "x": 490.3128441966346,
            "y": 641.8180918851906,
            "z": 8.80118118330777
        },
        {
            "x": 480.5734609101588,
            "y": 658.9127712227371,
            "z": 10.044876426932683
        },
        {
            "x": 496.84019355031626,
            "y": 690.1055132073446,
            "z": 10.632510571278383
        },
        {
            "x": 549.9750875781496,
            "y": 675.0978370304917,
            "z": 10.0
        },
        {
            "x": 548.7790614967109,
            "y": 662.6122409776178,
            "z": 10.0
        },
        {
            "x": 512.1741118911316,
            "y": 683.6650280127404,
            "z": 9.575449629289386
        },
        {
            "x": 542.1320948246175,
            "y": 631.2280887120373,
            "z": 11.008111208151568
        },
        {
            "x": 532.4552365005587,
            "y": 627.5446180801737,
            "z": 9.185223675005417
        },
        {
            "x": 516.029324856617,
            "y": 695.2902162536114,
            "z": 9.529021625361144
        },
        {
            "x": 484.977747161734,
            "y": 664.8532140995377,
            "z": 9.729062092814928
        },
        {
            "x": 539.7998824098755,
            "y": 691.7452947854116,
            "z": 10.198033879418743
        },
        {
            "x": 513.0358943201353,
            "y": 691.3412836094668,
            "z": 9.134128360946681
        },
        {
            "x": 514.5727681195558,
            "y": 629.9925501032569,
            "z": 10.54191454170222
        },
        {
            "x": 486.33032076910615,
            "y": 672.8760912512479,
            "z": 10.37160747712983
        },
        {
            "x": 547.7852232225316,
            "y": 686.0045892013147,
            "z": 10.933154948004344
        },
        {
            "x": 503.97769208735946,
            "y": 680.234356948786,
            "z": 9.990678002191967
        },
        {
            "x": 536.1628132353283,
            "y": 685.4337513452473,
            "z": 11.28602521769228
        },
        {
            "x": 487.64260064140734,
            "y": 643.1518747620141,
            "z": 10.012833109589174
        },
        {
            "x": 510.5990034952153,
            "y": 698.0190370231037,
            "z": 9.801903702310371
        },
        {
            "x": 488.0869723434045,
            "y": 649.9066910221286,
            "z": 9.622749548339202
        },
        {
            "x": 485.9499325679656,
            "y": 688.5966132458498,
            "z": 11.594993256796563
        },
        {
            "x": 497.8495390002864,
            "y": 630.5428926619354,
            "z": 8.39717907984984
        },
        {
            "x": 521.0646518307551,
            "y": 693.0603328106811,
            "z": 10.273451391771994
        },
        {
            "x": 478.36668157715286,
            "y": 655.7521035253602,
            "z": 9.518739814044928
        },
        {
            "x": 520.8885009501035,
            "y": 619.0592132862338,
            "z": 9.933096279136434
        },
        {
            "x": 488.4471259117002,
            "y": 672.0191946391489,
            "z": 10.720780732683723
        },
        {
            "x": 487.7423171909717,
            "y": 672.3337506345463,
            "z": 10.601152125076077
        },
        {
            "x": 497.3448507725091,
            "y": 634.8102397223283,
            "z": 9.80645368319684
        },
        {
            "x": 544.5800413582762,
            "y": 645.5305810084529,
            "z": 11.741016677393114
        },
        {
            "x": 518.8263284461154,
            "y": 626.1971204093954,
            "z": 10.028100523421642
        },
        {
            "x": 482.7143106386162,
            "y": 670.8266252442738,
            "z": 9.603087475203814
        },
        {
            "x": 489.2901426298905,
            "y": 688.1056251887061,
            "z": 11.929014262989053
        },
        {
            "x": 527.6372392185726,
            "y": 702.8945182307399,
            "z": 10.0
        },
        {
            "x": 495.6653810355982,
            "y": 694.5894973412985,
            "z": 10.729061860630287
        },
        {
            "x": 553.8815887368903,
            "y": 652.4696163197723,
            "z": 10.383441395650745
        },
        {
            "x": 494.30342468371526,
            "y": 636.0237699483899,
            "z": 9.949719735015174
        },
        {
            "x": 521.766421064901,
            "y": 620.1521742283957,
            "z": 10.783081700242665
        },
        {
            "x": 554.6188743572613,
            "y": 643.990172917541,
            "z": 12.690562821369326
        },
        {
            "x": 550.9747202994838,
            "y": 654.7608833931371,
            "z": 10.185621187470646
        },
        {
            "x": 527.8668251085621,
            "y": 629.5739514370435,
            "z": 8.847464089092497
        },
        {
            "x": 542.7143101364684,
            "y": 692.7657726836325,
            "z": 11.702477815920096
        },
        {
            "x": 556.1925393514973,
            "y": 657.8642515746049,
            "z": 11.94798749383261
        },
        {
            "x": 512.7977320349605,
            "y": 692.7579304809291,
            "z": 9.275793048092908
        },
        {
            "x": 546.795537566416,
            "y": 629.9510485268581,
            "z": 9.364002660597386
        },
        {
            "x": 530.7658343586475,
            "y": 700.2240397527978,
            "z": 10.022403975279783
        },
        {
            "x": 490.22192023550195,
            "y": 645.498620918497,
            "z": 10.268237519482549
        },
        {
            "x": 554.6677757121421,
            "y": 649.7947379328696,
            "z": 12.666112143928956
        },
        {
            "x": 512.4645556059554,
            "y": 620.6334807041438,
            "z": 9.341926733011062
        },
        {
            "x": 490.6772526974522,
            "y": 634.2645877492392,
            "z": 9.445379611879522
        },
        {
            "x": 494.3877646019233,
            "y": 642.5772846077657,
            "z": 10.134637126911674
        },
        {
            "x": 532.7872639886534,
            "y": 621.9116239287266,
            "z": 8.523170797101884
        },
        {
            "x": 482.0214935232084,
            "y": 640.5305360136163,
            "z": 10.670864097054906
        },
        {
            "x": 510.41450371925487,
            "y": 633.2358866478869,
            "z": 10.220664730133798
        },
        {
            "x": 487.18605722842693,
            "y": 654.64572397706,
            "z": 9.949083044489875
        },
        {
            "x": 489.31364254049487,
            "y": 685.0227958950546,
            "z": 11.931364254049488
        },
        {
            "x": 494.0615540509581,
            "y": 693.6426821790286,
            "z": 10.903001270820258
        },
        {
            "x": 532.9127907441282,
            "y": 630.6497229194233,
            "z": 9.674652594591418
        },
        {
            "x": 557.3646082596096,
            "y": 658.2521514722787,
            "z": 12.430954515691711
        },
        {
            "x": 537.1162637649546,
            "y": 680.9445478061064,
            "z": 10.846059403032706
        },
        {
            "x": 514.0208191547438,
            "y": 616.6828959378133,
            "z": 10.733250488969631
        },
        {
            "x": 508.3038658114216,
            "y": 622.3046006493089,
            "z": 9.83038658114216
        },
        {
            "x": 495.7144862206452,
            "y": 665.2198736151141,
            "z": 10.20485297489486
        },
        {
            "x": 548.13966985165,
            "y": 674.1958969450911,
            "z": 10.0
        },
        {
            "x": 494.3990223648776,
            "y": 696.360793328142,
            "z": 10.687475024661907
        },
        {
            "x": 558.7514751603235,
            "y": 657.371463323587,
            "z": 12.580447126864298
        },
        {
            "x": 555.9586594917997,
            "y": 644.1462061650091,
            "z": 12.02067025410014
        },
        {
            "x": 557.4289925831665,
            "y": 674.9544144203494,
            "z": 9.631936920172912
        },
        {
            "x": 513.9891333417124,
            "y": 616.4403026666785,
            "z": 10.715997853624847
        },
        {
            "x": 525.4538957338391,
            "y": 627.2518587437177,
            "z": 9.070070432796102
        },
        {
            "x": 518.0263331412576,
            "y": 692.5203673008526,
            "z": 9.252036730085266
        },
        {
            "x": 525.0626253417831,
            "y": 628.3369895680883,
            "z": 8.836781688626914
        },
        {
            "x": 501.93200059832714,
            "y": 627.8966102038189,
            "z": 9.193200059832716
        },
        {
            "x": 515.9136092116084,
            "y": 694.3053369253547,
            "z": 9.430533692535471
        },
        {
            "x": 513.6448974246207,
            "y": 622.7813906922713,
            "z": 9.71801020549386
        },
        {
            "x": 489.61588574336884,
            "y": 637.125324087041,
            "z": 8.87873011952358
        },
        {
            "x": 561.5811220446249,
            "y": 673.7283512247874,
            "z": 9.528002456174931
        },
        {
            "x": 523.4579567385971,
            "y": 625.9396035947093,
            "z": 9.283101093225913
        },
        {
            "x": 523.8710612551461,
            "y": 618.8208208293723,
            "z": 9.434999162039396
        },
        {
            "x": 527.8683524107369,
            "y": 630.0585510966762,
            "z": 14.696728310267167
        },
        {
            "x": 545.0699341458253,
            "y": 688.7343298455395,
            "z": 10.192505930003541
        },
        {
            "x": 481.91611732774544,
            "y": 648.5518938367452,
            "z": 8.734413075170707
        },
        {
            "x": 499.4316980547911,
            "y": 688.3716028886417,
            "z": 10.31642520981208
        },
        {
            "x": 489.1842929267805,
            "y": 682.1968190572182,
            "z": 11.918429292678049
        },
        {
            "x": 546.1336420041637,
            "y": 645.1187276453496,
            "z": 11.178269141987872
        },
        {
            "x": 550.617674371772,
            "y": 661.8986023175161,
            "z": 10.712532207257766
        },
        {
            "x": 515.0256476384371,
            "y": 619.4921373938507,
            "z": 10.948953229855107
        },
        {
            "x": 482.3768708532731,
            "y": 655.2276984312346,
            "z": 10.010824195290748
        },
        {
            "x": 562.1934950783028,
            "y": 649.6371252880762,
            "z": 13.45555648542015
        },
        {
            "x": 483.0157116071811,
            "y": 653.7873260632582,
            "z": 9.926858502664837
        },
        {
            "x": 536.3332809708378,
            "y": 631.3271079055575,
            "z": 10.36397883038874
        },
        {
            "x": 518.4321042688415,
            "y": 623.316107255121,
            "z": 9.94719663507151
        },
        {
            "x": 531.0653039474201,
            "y": 621.8749034918533,
            "z": 8.313994164836375
        },
        {
            "x": 516.7242959696182,
            "y": 616.5384819538982,
            "z": 10.534474563076742
        },
        {
            "x": 499.1034882397137,
            "y": 697.477261670521,
            "z": 10.725924928438559
        },
        {
            "x": 523.7507041106486,
            "y": 700.2217106715761,
            "z": 10.0
        },
        {
            "x": 542.2815945873588,
            "y": 641.6568592188848,
            "z": 11.283372987785139
        },
        {
            "x": 532.140178971151,
            "y": 635.4894404152318,
            "z": 10.290956178475254
        },
        {
            "x": 535.3441975103632,
            "y": 625.8723287475527,
            "z": 9.435481472518648
        },
        {
            "x": 541.9721473117148,
            "y": 688.8843506283423,
            "z": 10.066006747273935
        },
        {
            "x": 549.8864371473386,
            "y": 679.5593505810664,
            "z": 10.000000000000002
        },
        {
            "x": 510.86638974678146,
            "y": 687.8667601343208,
            "z": 9.26299861830507
        },
        {
            "x": 528.8606750690163,
            "y": 635.0191849693517,
            "z": 13.035551859485977
        },
        {
            "x": 528.6683567106586,
            "y": 620.7880403563431,
            "z": 10.03337252025474
        },
        {
            "x": 524.6125036661315,
            "y": 624.7469899853858,
            "z": 9.55256281198475
        },
        {
            "x": 490.43167230874394,
            "y": 652.4305027011422,
            "z": 11.42802620169101
        },
        {
            "x": 537.0914406261329,
            "y": 696.773442560219,
            "z": 11.165209791927364
        },
        {
            "x": 477.6481083569831,
            "y": 663.4056218066561,
            "z": 9.659437819334395
        },
        {
            "x": 559.173865522104,
            "y": 655.2938433698424,
            "z": 11.942600286800662
        },
        {
            "x": 522.9332520868586,
            "y": 624.5044182863411,
            "z": 9.619601192181694
        },
        {
            "x": 540.4213704866321,
            "y": 627.3550743143524,
            "z": 8.348766665891185
        },
        {
            "x": 484.63756146806674,
            "y": 666.177977203544,
            "z": 9.94908795041129
        },
        {
            "x": 488.09698074038135,
            "y": 681.4885617840445,
            "z": 11.809698074038137
        },
        {
            "x": 525.6975291176544,
            "y": 704.645702466904,
            "z": 10.000000000000004
        },
        {
            "x": 523.2326137383022,
            "y": 690.0854349577319,
            "z": 10.005781713592237
        },
        {
            "x": 520.0630756364277,
            "y": 615.269617835342,
            "z": 10.466390526491896
        },
        {
            "x": 493.4003888893576,
            "y": 655.4438873517048,
            "z": 12.310577915363048
        },
        {
            "x": 538.3330990380526,
            "y": 678.233979374158,
            "z": 10.000000000000004
        },
        {
            "x": 538.8172827746397,
            "y": 698.5918618682699,
            "z": 11.079075339658218
        },
        {
            "x": 556.0670286117114,
            "y": 679.1620863233231,
            "z": 9.44413360133429
        },
        {
            "x": 510.76636933749114,
            "y": 617.9959421317119,
            "z": 10.969283029983723
        },
        {
            "x": 549.5548371856524,
            "y": 686.841384789368,
            "z": 10.905401622091418
        },
        {
            "x": 510.74341821589996,
            "y": 689.1248924146915,
            "z": 9.148841161725029
        },
        {
            "x": 535.2301803671955,
            "y": 688.3786293737874,
            "z": 11.399452893815367
        },
        {
            "x": 507.4325304708697,
            "y": 634.382586120377,
            "z": 12.463717240601337
        },
        {
            "x": 497.7818145569925,
            "y": 624.5642126055725,
            "z": 9.596330250344582
        },
        {
            "x": 546.7574413827311,
            "y": 638.9147820282616,
            "z": 13.12057764696398
        },
        {
            "x": 524.6867383294774,
            "y": 695.1495457727594,
            "z": 10.273608841750043
        },
        {
            "x": 515.0219414620944,
            "y": 627.7193196694955,
            "z": 10.27073864996053
        },
        {
            "x": 524.6637691300032,
            "y": 690.8610400217101,
            "z": 10.045947083441522
        },
        {
            "x": 554.9963455672939,
            "y": 641.7448489359894,
            "z": 12.501827216353039
        },
        {
            "x": 542.8892457654292,
            "y": 632.6985398559499,
            "z": 11.119983256987274
        }
    ],
    "center": {
        "x": 520.4139351572054,
        "y": 660.0071053762925,
        "z": 11.000000000000002
    },
    "radius": 25
}