{
    "W": 1000,
    "H": 1000,
    "depth": 1.0,
    "height": 10.0,
    "num_of_relays": 200,
    "num_of_sensors": 400,
    "relays": [
        {
            "x": 538.8176299068236,
            "y": 499.34137070586144,
            "z": 10.0
        },
        {
            "x": 538.5607183245738,
            "y": 532.3450603966076,
            "z": 10.0
        },
        {
            "x": 525.3174088166187,
            "y": 514.6044118094212,
            "z": 10.0
        },
        {
            "x": 528.2735335454253,
            "y": 495.0911987946322,
            "z": 10.0
        },
        {
            "x": 543.0818675219696,
            "y": 505.6097750805807,
            "z": 10.0
        },
        {
            "x": 548.9839162967761,
            "y": 509.1215338844112,
            "z": 10.0
        },
        {
            "x": 541.344359289637,
            "y": 505.0351727096596,
            "z": 10.0
        },
        {
            "x": 544.2881189615688,
            "y": 512.7765719871139,
            "z": 10.0
        },
        {
            "x": 545.7009047881609,
            "y": 501.8980162377746,
            "z": 10.0
        },
        {
            "x": 548.6172140509528,
            "y": 516.5015124071319,
            "z": 10.0
        },
        {
            "x": 529.1808298197134,
            "y": 496.68652087791827,
            "z": 10.0
        },
        {
            "x": 518.5237297787772,
            "y": 515.4902263271524,
            "z": 10.0
        },
        {
            "x": 516.8901870295131,
            "y": 516.6639867547353,
            "z": 10.0
        },
        {
            "x": 519.7235160663755,
            "y": 506.01223796878656,
            "z": 10.0
        },
        {
            "x": 551.8744112544955,
            "y": 528.7009914371162,
            "z": 10.0
        },
        {
            "x": 541.7026873293896,
            "y": 503.59803364345566,
            "z": 10.0
        },
        {
            "x": 546.6122872811561,
            "y": 503.5623650389026,
            "z": 10.0
        },
        {
            "x": 533.7488426658584,
            "y": 505.66570166064423,
            "z": 10.0
        },
        {
            "x": 541.4472183964398,
            "y": 515.8524120609796,
            "z": 10.0
        },
        {
            "x": 530.8389467795744,
            "y": 520.7284774168105,
            "z": 10.0
        },
        {
            "x": 525.9423758397057,
            "y": 510.6668773244959,
            "z": 10.0
        },
        {
            "x": 529.6946337894253,
            "y": 501.4320828736675,
            "z": 10.0
        },
        {
            "x": 542.9155214267929,
            "y": 522.1413586647983,
            "z": 10.0
        },
        {
            "x": 526.4408018802505,
            "y": 501.2454225239892,
            "z": 10.0
        },
        {
            "x": 549.9463414957734,
            "y": 524.882739058113,
            "z": 10.0
        },
        {
            "x": 532.8677590408652,
            "y": 521.2004138844457,
            "z": 10.0
        },
        {
            "x": 518.7190629872933,
            "y": 513.0029143792643,
            "z": 10.0
        },
        {
            "x": 537.0189047173601,
            "y": 494.7904056197498,
            "z": 10.0
        },
        {
            "x": 536.479923392809,
            "y": 499.7070279252318,
            "z": 10.0
        },
        {
            "x": 532.0949320491873,
            "y": 527.3685444776492,
            "z": 10.0
        },
        {
            "x": 542.086849870681,
            "y": 515.44177805258,
            "z": 10.0
        },
        {
            "x": 544.2194359110764,
            "y": 515.4453744004671,
            "z": 10.0
        },
        {
            "x": 520.2920311114682,
            "y": 520.0934300880093,
            "z": 10.0
        },
        {
            "x": 515.6136718565682,
            "y": 507.4784650305947,
            "z": 10.0
        },
        {
            "x": 539.3655722147514,
            "y": 500.0327895174921,
            "z": 10.0
        },
        {
            "x": 531.8982795162535,
            "y": 504.29898797023117,
            "z": 10.0
        },
        {
            "x": 528.3305535237569,
            "y": 514.790084949615,
            "z": 10.0
        },
        {
            "x": 540.5603231153934,
            "y": 498.73947723168595,
            "z": 10.0
        },
        {
            "x": 541.0212498363157,
            "y": 491.2103581595613,
            "z": 10.0
        },
        {
            "x": 524.6599882937916,
            "y": 521.9593213424776,
            "z": 10.0
        },
        {
            "x": 531.2527997150763,
            "y": 510.72574544915796,
            "z": 10.0
        },
        {
            "x": 519.3663810235546,
            "y": 523.3260574412946,
            "z": 10.0
        },
        {
            "x": 528.7783284758123,
            "y": 520.7065254080386,
            "z": 10.0
        },
        {
            "x": 534.4251840196914,
            "y": 524.789853810464,
            "z": 10.0
        },
        {
            "x": 536.9978044053221,
            "y": 506.9115999710991,
            "z": 10.0
        },
        {
            "x": 521.4249780488809,
            "y": 513.5088310089122,
            "z": 10.0
        },
        {
            "x": 526.8367802734246,
            "y": 510.0110557067995,
            "z": 10.0
        },
        {
            "x": 525.2133650968716,
            "y": 527.6556696381007,
            "z": 10.0
        },
        {
            "x": 520.287301461395,
            "y": 527.692794923188,
            "z": 10.0
        },
        {
            "x": 532.3293079312341,
            "y": 491.74251104363174,
            "z": 10.0
        },
        {
            "x": 541.475202548914,
            "y": 503.54339961777623,
            "z": 10.0
        },
        {
            "x": 521.5972603941626,
            "y": 525.0040353673269,
            "z": 10.0
        },
        {
            "x": 522.2347628512407,
            "y": 504.4369151269857,
            "z": 10.0
        },
        {
            "x": 525.7645953840014,
            "y": 506.3544856619559,
            "z": 10.0
        },
        {
            "x": 538.845023062961,
            "y": 518.915029866036,
            "z": 10.0
        },
        {
            "x": 537.5014781440024,
            "y": 517.595636464132,
            "z": 10.0
        },
        {
            "x": 519.5880360312898,
            "y": 523.8420074681162,
            "z": 10.0
        },
        {
            "x": 541.1767871321581,
            "y": 516.8385556543052,
            "z": 10.0
        },
        {
            "x": 516.4631557864959,
            "y": 521.5734172074765,
            "z": 10.0
        },
        {
            "x": 530.1106608365073,
            "y": 505.9017168824189,
            "z": 10.0
        },
        {
            "x": 534.4515717837567,
            "y": 518.0573088911311,
            "z": 10.0
        },
        {
            "x": 520.9535256734152,
            "y": 517.4410122494224,
            "z": 10.0
        },
        {
            "x": 516.685322869334,
            "y": 511.0428641623597,
            "z": 10.0
        },
        {
            "x": 538.3057551957194,
            "y": 510.1877048840434,
            "z": 10.0
        },
        {
            "x": 534.6586127290717,
            "y": 491.12669391800614,
            "z": 10.0
        },
        {
            "x": 520.7404421157971,
            "y": 501.81460928345115,
            "z": 10.0
        },
        {
            "x": 522.9856350404145,
            "y": 503.47184135501124,
            "z": 10.0
        },
        {
            "x": 549.5875104021181,
            "y": 526.4854876415187,
            "z": 10.0
        },
        {
            "x": 545.5070952552428,
            "y": 518.8126916989024,
            "z": 10.0
        },
        {
            "x": 532.7495391397133,
            "y": 518.4497552757028,
            "z": 10.0
        },
        {
            "x": 556.8272018963097,
            "y": 503.9995562366184,
            "z": 10.0
        },
        {
            "x": 545.7034319244307,
            "y": 528.6572688669864,
            "z": 10.0
        },
        {
            "x": 532.5166066705003,
            "y": 511.50273337339456,
            "z": 10.0
        },
        {
            "x": 558.5781154785967,
            "y": 508.4930185141136,
            "z": 10.0
        },
        {
            "x": 537.3819867604846,
            "y": 507.0991408423439,
            "z": 10.0
        },
        {
            "x": 549.4119575147804,
            "y": 505.2588883301989,
            "z": 10.0
        },
        {
            "x": 554.8345817799551,
            "y": 510.18549276432014,
            "z": 10.0
        },
        {
            "x": 551.8761212895247,
            "y": 495.2945822094416,
            "z": 10.0
        },
        {
            "x": 528.6532697574252,
            "y": 492.8177197963262,
            "z": 10.0
        },
        {
            "x": 559.5326375341486,
            "y": 519.410665033191,
            "z": 10.0
        },
        {
            "x": 539.8871171604749,
            "y": 501.7846163471353,
            "z": 10.0
        },
        {
            "x": 524.7824274736709,
            "y": 520.5614151251611,
            "z": 10.0
        },
        {
            "x": 534.6880133790419,
            "y": 535.4334655023174,
            "z": 10.0
        },
        {
            "x": 526.832467982728,
            "y": 496.03927690176795,
            "z": 10.0
        },
        {
            "x": 559.0033841563223,
            "y": 506.1056158269896,
            "z": 10.0
        },
        {
            "x": 534.2836899353719,
            "y": 500.8104050463855,
            "z": 10.0
        },
        {
            "x": 550.5740893302464,
            "y": 526.5931304986568,
            "z": 10.0
        },
        {
            "x": 522.6544411170521,
            "y": 508.0345675160425,
            "z": 10.0
        },
        {
            "x": 534.990433420973,
            "y": 502.548688900323,
            "z": 10.0
        },
        {
            "x": 554.5019721950996,
            "y": 499.53248195081267,
            "z": 10.0
        },
        {
            "x": 533.6196424807132,
            "y": 512.3716601080714,
            "z": 10.0
        },
        {
            "x": 543.6924718797114,
            "y": 502.48938920520993,
            "z": 10.0
        },
        {
            "x": 535.436697798217,
            "y": 511.88931511605495,
            "z": 10.0
        },
        {
            "x": 552.5882174912344,
            "y": 495.8291392988576,
            "z": 10.0
        },
        {
            "x": 560.060605331209,
            "y": 512.9552414343682,
            "z": 10.0
        },
        {
            "x": 554.1753946727047,
            "y": 513.9822802540114,
            "z": 10.0
        },
        {
            "x": 557.0449550695157,
            "y": 509.5545275618246,
            "z": 10.0
        },
        {
            "x": 558.8818157172001,
            "y": 508.13623043945375,
            "z": 10.0
        },
        {
            "x": 549.6541303030007,
            "y": 522.7259084153932,
            "z": 10.0
        },
        {
            "x": 547.1146669918884,
            "y": 505.33797646680796,
            "z": 10.0
        },
        {
            "x": 534.7017804925755,
            "y": 516.2896582193072,
            "z": 10.0
        },
        {
            "x": 521.0256765949086,
            "y": 508.91906926057175,
            "z": 10.0
        },
        {
            "x": 550.914348583438,
            "y": 525.2919015690187,
            "z": 10.0
        },
        {
            "x": 530.3359153800104,
            "y": 508.6991811142789,
            "z": 10.0
        },
        {
            "x": 533.1316623541143,
            "y": 492.220562752446,
            "z": 10.0
        },
        {
            "x": 552.6316629420035,
            "y": 515.6060324994817,
            "z": 10.0
        },
        {
            "x": 531.8752342228843,
            "y": 510.2533726279909,
            "z": 10.0
        },
        {
            "x": 533.6896720651816,
            "y": 514.2746428326982,
            "z": 10.0
        },
        {
            "x": 551.6407657663224,
            "y": 512.664953137935,
            "z": 10.0
        },
        {
            "x": 518.0400132656702,
            "y": 509.0269930749429,
            "z": 10.0
        },
        {
            "x": 542.0013698246588,
            "y": 518.9029802487962,
            "z": 10.0
        },
        {
            "x": 533.3120372162941,
            "y": 507.0705834824534,
            "z": 10.0
        },
        {
            "x": 536.7855145675965,
            "y": 522.4709170117239,
            "z": 10.0
        },
        {
            "x": 535.4699372068322,
            "y": 525.6180009451542,
            "z": 10.0
        },
        {
            "x": 516.6052401787717,
            "y": 508.3499430181099,
            "z": 10.0
        },
        {
            "x": 546.1172335031794,
            "y": 501.2303738416759,
            "z": 10.0
        },
        {
            "x": 535.4947061969413,
            "y": 512.0471002508772,
            "z": 10.0
        },
        {
            "x": 545.343155725302,
            "y": 504.2787503983001,
            "z": 10.0
        },
        {
            "x": 542.498871486343,
            "y": 532.4198855931747,
            "z": 10.0
        },
        {
            "x": 543.0340356305568,
            "y": 498.3145610034577,
            "z": 10.0
        },
        {
            "x": 535.6923758267314,
            "y": 512.0740651786475,
            "z": 10.0
        },
        {
            "x": 547.6002759681181,
            "y": 532.5597617935064,
            "z": 10.0
        },
        {
            "x": 556.8552660945547,
            "y": 513.6697672866705,
            "z": 10.0
        },
        {
            "x": 549.0734899433819,
            "y": 506.99697235057783,
            "z": 10.0
        },
        {
            "x": 535.0065570150069,
            "y": 527.9063000258266,
            "z": 10.0
        },
        {
            "x": 548.9459868293618,
            "y": 511.9209555339695,
            "z": 10.0
        },
        {
            "x": 535.6404459393916,
            "y": 493.6498990229514,
            "z": 10.0
        },
        {
            "x": 546.1358728580262,
            "y": 524.1675269784139,
            "z": 10.0
        },
        {
            "x": 532.3520477951912,
            "y": 526.9524814186976,
            "z": 10.0
        },
        {
            "x": 549.3140708774839,
            "y": 509.3614422490496,
            "z": 10.0
        },
        {
            "x": 540.8179936463322,
            "y": 505.22594865590634,
            "z": 10.0
        },
        {
            "x": 534.8039071799061,
            "y": 525.6464317747924,
            "z": 10.0
        },
        {
            "x": 530.5125729390311,
            "y": 531.5771673402975,
            "z": 10.0
        },
        {
            "x": 549.2150238443469,
            "y": 532.2450497436915,
            "z": 10.0
        },
        {
            "x": 531.8034958544516,
            "y": 519.8110641404974,
            "z": 10.0
        },
        {
            "x": 540.128125367355,
            "y": 498.49565614905055,
            "z": 10.0
        },
        {
            "x": 537.4608657191163,
            "y": 503.5262634474412,
            "z": 10.0
        },
        {
            "x": 537.2454262936784,
            "y": 509.83822682546764,
            "z": 10.0
        },
        {
            "x": 549.3666502315838,
            "y": 502.88860531920045,
            "z": 10.0
        },
        {
            "x": 553.1314767419484,
            "y": 518.9481010580928,
            "z": 10.0
        },
        {
            "x": 525.5863229264567,
            "y": 497.80215827767853,
            "z": 10.0
        },
        {
            "x": 532.2175826026639,
            "y": 514.6584337816994,
            "z": 10.0
        },
        {
            "x": 521.3426851781767,
            "y": 523.2416837852047,
            "z": 10.0
        },
        {
            "x": 537.6015381912596,
            "y": 495.11811915994247,
            "z": 10.0
        },
        {
            "x": 530.4624805295387,
            "y": 530.5010116115991,
            "z": 10.0
        },
        {
            "x": 559.9279589525358,
            "y": 513.6109132014955,
            "z": 10.0
        },
        {
            "x": 557.3549212276668,
            "y": 513.471388756055,
            "z": 10.0
        },
        {
            "x": 532.15999058141,
            "y": 513.5728100345667,
            "z": 10.0
        },
        {
            "x": 521.0381416684672,
            "y": 518.374719736648,
            "z": 10.0
        },
        {
            "x": 531.0692699056144,
            "y": 530.9113446913566,
            "z": 10.0
        },
        {
            "x": 543.4490169203415,
            "y": 534.1690163630528,
            "z": 10.0
        },
        {
            "x": 521.6641247755747,
            "y": 519.2216327016997,
            "z": 10.0
        },
        {
            "x": 548.0647187251457,
            "y": 494.96019811707805,
            "z": 10.0
        },
        {
            "x": 530.6558100291015,
            "y": 495.76962126486717,
            "z": 10.0
        },
        {
            "x": 534.5845033010769,
            "y": 509.05062647566405,
            "z": 10.0
        },
        {
            "x": 555.882477735332,
            "y": 511.37516030063864,
            "z": 10.0
        },
        {
            "x": 552.4220223904415,
            "y": 514.4994934637397,
            "z": 10.0
        },
        {
            "x": 538.5789006723979,
            "y": 498.79518747080095,
            "z": 10.0
        },
        {
            "x": 529.1150814657093,
            "y": 500.1212466547831,
            "z": 10.0
        },
        {
            "x": 529.4982847749845,
            "y": 526.2221493192002,
            "z": 10.0
        },
        {
            "x": 525.939206932894,
            "y": 523.7359547356434,
            "z": 10.0
        },
        {
            "x": 527.1122908252883,
            "y": 510.2541775068739,
            "z": 10.0
        },
        {
            "x": 535.3942786845356,
            "y": 525.9283896161663,
            "z": 10.0
        },
        {
            "x": 546.3270422825475,
            "y": 511.94189160423394,
            "z": 10.0
        },
        {
            "x": 546.7784654372546,
            "y": 521.9107069703823,
            "z": 10.0
        },
        {
            "x": 535.1970375755126,
            "y": 500.9833236806358,
            "z": 10.0
        },
        {
            "x": 552.4698020803606,
            "y": 517.4856209283282,
            "z": 10.0
        },
        {
            "x": 524.3544877483005,
            "y": 497.03954409313894,
            "z": 10.0
        },
        {
            "x": 529.1026040952227,
            "y": 495.9681389143776,
            "z": 10.0
        },
        {
            "x": 521.9522932618052,
            "y": 516.4344691389442,
            "z": 10.0
        },
        {
            "x": 532.4958643331884,
            "y": 524.4359366874014,
            "z": 10.0
        },
        {
            "x": 535.3221941590963,
            "y": 494.4597150100363,
            "z": 10.0
        },
        {
            "x": 538.0418072191712,
            "y": 504.5237404471142,
            "z": 10.0
        },
        {
            "x": 528.0444636368801,
            "y": 533.0409363155849,
            "z": 10.0
        },
        {
            "x": 548.01400179453,
            "y": 519.014022040859,
            "z": 10.0
        },
        {
            "x": 527.5631629787333,
            "y": 503.3694378051557,
            "z": 10.0
        },
        {
            "x": 541.0005267812353,
            "y": 529.5383210865173,
            "z": 10.0
        },
        {
            "x": 543.3273328193508,
            "y": 512.5469744767212,
            "z": 10.0
        },
        {
            "x": 533.7937967112439,
            "y": 529.8043997219249,
            "z": 10.0
        },
        {
            "x": 549.4008476833934,
            "y": 499.34700442209834,
            "z": 10.0
        },
        {
            "x": 541.5841452781867,
            "y": 523.1780387706877,
            "z": 10.0
        },
        {
            "x": 521.6376183454751,
            "y": 527.8303097372877,
            "z": 10.0
        },
        {
            "x": 548.7287580698537,
            "y": 524.9667428246786,
            "z": 10.0
        },
        {
            "x": 552.5043649506322,
            "y": 528.1455570395065,
            "z": 10.0
        },
        {
            "x": 553.2663853761027,
            "y": 498.5842568204406,
            "z": 10.0
        },
        {
            "x": 532.5698529231969,
            "y": 529.3385720805151,
            "z": 10.0
        },
        {
            "x": 552.9297235370271,
            "y": 511.5145258877372,
            "z": 10.0
        },
        {
            "x": 547.67814148777,
            "y": 513.2394005020938,
            "z": 10.0
        },
        {
            "x": 537.7810947649784,
            "y": 507.19437509715067,
            "z": 10.0
        },
        {
            "x": 556.573646316253,
            "y": 508.9827791177977,
            "z": 10.0
        },
        {
            "x": 540.1547648046811,
            "y": 501.69399386646,
            "z": 10.0
        },
        {
            "x": 524.9986003998845,
            "y": 504.139746349105,
            "z": 10.0
        },
        {
            "x": 552.1267126911528,
            "y": 521.649561976529,
            "z": 10.0
        },
        {
            "x": 542.4320880473603,
            "y": 521.4339981978288,
            "z": 10.0
        },
        {
            "x": 520.4213410960548,
            "y": 506.6158296384842,
            "z": 10.0
        },
        {
            "x": 532.9949356052615,
            "y": 524.7434759638401,
            "z": 10.0
        },
        {
            "x": 528.669282817364,
            "y": 527.3842974373987,
            "z": 10.0
        },
        {
            "x": 533.0907658108528,
            "y": 506.4569049599118,
            "z": 10.0
        },
        {
            "x": 550.3456109834731,
            "y": 519.1629683056211,
            "z": 10.0
        },
        {
            "x": 538.2345456234361,
            "y": 494.8909968408219,
            "z": 10.0
        }
    ],
    "sensors": [
        {
            "x": 557.7553700866978,
            "y": 537.8524713459396,
            "z": -1.0
        },
        {
            "x": 505.8543172442775,
            "y": 511.8063892879511,
            "z": -1.0
        },
        {
            "x": 508.0379291448158,
            "y": 488.222776769752,
            "z": -1.0
        },
        {
            "x": 514.3466700820547,
            "y": 503.640996481666,
            "z": -1.0
        },
        {
            "x": 548.0502934829942,
            "y": 541.6565440722792,
            "z": -1.0
        },
        {
            "x": 521.4722751893386,
            "y": 492.01535193480066,
            "z": -1.0
        },
        {
            "x": 540.1695070549571,
            "y": 556.7583356208459,
            "z": -1.0
        },
        {
            "x": 564.6302535644106,
            "y": 500.9411586580023,
            "z": -1.0
        },
        {
            "x": 527.5586805310984,
            "y": 475.84981977822474,
            "z": -1.0
        },
        {
            "x": 558.6868822350639,
            "y": 547.2031404934786,
            "z": -1.0
        },
        {
            "x": 543.882102549375,
            "y": 543.7919921930002,
            "z": -1.0
        },
        {
            "x": 570.5174781048815,
            "y": 531.3973186351243,
            "z": -1.0
        },
        {
            "x": 508.1562463518541,
            "y": 487.52398356902773,
            "z": -1.0
        },
        {
            "x": 563.2982619125378,
            "y": 518.8093803419654,
            "z": -1.0
        },
        {
            "x": 511.98498979891644,
            "y": 526.7424830984286,
            "z": -1.0
        },
        {
            "x": 542.4818510624614,
            "y": 482.98370525378976,
            "z": -1.0
        },
        {
            "x": 532.7112589909678,
            "y": 539.2503851344268,
            "z": -1.0
        },
        {
            "x": 541.0076223488346,
            "y": 541.9421654872622,
            "z": -1.0
        },
        {
            "x": 539.6557001255912,
            "y": 484.7378553116094,
            "z": -1.0
        },
        {
            "x": 527.3593738044688,
            "y": 538.5491853689867,
            "z": -1.0
        },
        {
            "x": 565.9808159082181,
            "y": 485.6340368671778,
            "z": -1.0
        },
        {
            "x": 554.6273292580427,
            "y": 553.7879932549793,
            "z": -1.0
        },
        {
            "x": 506.92283730555073,
            "y": 527.9353031213149,
            "z": -1.0
        },
        {
            "x": 524.8535628225573,
            "y": 485.93541196524467,
            "z": -1.0
        },
        {
            "x": 537.8473151332892,
            "y": 477.12390600827393,
            "z": -1.0
        },
        {
            "x": 536.9118530941014,
            "y": 471.6973138400229,
            "z": -1.0
        },
        {
            "x": 562.6096440225899,
            "y": 542.4912985092761,
            "z": -1.0
        },
        {
            "x": 511.81860808137657,
            "y": 486.0875154990787,
            "z": -1.0
        },
        {
            "x": 558.5119616563504,
            "y": 493.9046447277104,
            "z": -1.0
        },
        {
            "x": 568.5164771489945,
            "y": 541.7132446672936,
            "z": -1.0
        },
        {
            "x": 552.9747000486619,
            "y": 486.9799118576715,
            "z": -1.0
        },
        {
            "x": 505.68795236628125,
            "y": 509.4037428582612,
            "z": -1.0
        },
        {
            "x": 561.4584165346677,
            "y": 477.12801315888606,
            "z": -1.0
        },
        {
            "x": 542.0143252640672,
            "y": 474.45488697450867,
            "z": -1.0
        },
        {
            "x": 502.359674426129,
            "y": 520.2688788189581,
            "z": -1.0
        },
        {
            "x": 499.211255583744,
            "y": 497.416808396057,
            "z": -1.0
        },
        {
            "x": 574.0690865641354,
            "y": 526.0804826638206,
            "z": -1.0
        },
        {
            "x": 496.5055627047491,
            "y": 529.8612920331891,
            "z": -1.0
        },
        {
            "x": 561.6455157698025,
            "y": 479.16778073397194,
            "z": -1.0
        },
        {
            "x": 494.55501868408277,
            "y": 515.9608155084026,
            "z": -1.0
        },
        {
            "x": 525.4187225548897,
            "y": 547.7510099569507,
            "z": -1.0
        },
        {
            "x": 574.9871053665009,
            "y": 500.4118917735321,
            "z": -1.0
        },
        {
            "x": 565.3153940769679,
            "y": 531.0023641014699,
            "z": -1.0
        },
        {
            "x": 564.8986875356961,
            "y": 492.96178520934103,
            "z": -1.0
        },
        {
            "x": 561.0372062777103,
            "y": 491.1304477665868,
            "z": -1.0
        },
        {
            "x": 522.0312373027951,
            "y": 473.97628146935364,
            "z": -1.0
        },
        {
            "x": 494.9364457819932,
            "y": 521.970667045864,
            "z": -1.0
        },
        {
            "x": 552.8954039259247,
            "y": 475.0328959451399,
            "z": -1.0
        },
        {
            "x": 501.61583638393563,
            "y": 498.47994418652553,
            "z": -1.0
        },
        {
            "x": 553.0002351236615,
            "y": 473.99140662384673,
            "z": -1.0
        },
        {
            "x": 532.4794556263978,
            "y": 557.6212723469908,
            "z": -1.0
        },
        {
            "x": 568.2154557580491,
            "y": 480.62231989322834,
            "z": -1.0
        },
        {
            "x": 578.4042035853516,
            "y": 496.6635096819842,
            "z": -1.0
        },
        {
            "x": 510.2069360130104,
            "y": 481.55985192435,
            "z": -1.0
        },
        {
            "x": 513.1667925416145,
            "y": 518.6829839491319,
            "z": -1.0
        },
        {
            "x": 529.792636520026,
            "y": 479.1421042998491,
            "z": -1.0
        },
        {
            "x": 568.1905994144985,
            "y": 524.7576429234267,
            "z": -1.0
        },
        {
            "x": 580.240495111258,
            "y": 517.2612384178976,
            "z": -1.0
        },
        {
            "x": 524.8673324909932,
            "y": 541.866942870631,
            "z": -1.0
        },
        {
            "x": 558.1320695150328,
            "y": 545.9304534790464,
            "z": -1.0
        },
        {
            "x": 544.4484562358152,
            "y": 476.41220584811634,
            "z": -1.0
        },
        {
            "x": 503.34271031194294,
            "y": 514.3299873053044,
            "z": -1.0
        },
        {
            "x": 575.0673682096211,
            "y": 529.2191712898248,
            "z": -1.0
        },
        {
            "x": 523.383397456703,
            "y": 542.6825039262985,
            "z": -1.0
        },
        {
            "x": 566.0251432415927,
            "y": 479.89514961462345,
            "z": -1.0
        },
        {
            "x": 547.5887803783946,
            "y": 473.9949783458892,
            "z": -1.0
        },
        {
            "x": 543.6021890901262,
            "y": 548.3372257754029,
            "z": -1.0
        },
        {
            "x": 553.7368665787358,
            "y": 483.78961737664423,
            "z": -1.0
        },
        {
            "x": 550.5822204476419,
            "y": 543.3277189084256,
            "z": -1.0
        },
        {
            "x": 551.0718443493025,
            "y": 481.6382856763018,
            "z": -1.0
        },
        {
            "x": 579.0086317908002,
            "y": 520.6805111606936,
            "z": -1.0
        },
        {
            "x": 502.33477572363756,
            "y": 519.3400808665592,
            "z": -1.0
        },
        {
            "x": 559.4727133134458,
            "y": 537.0842888035954,
            "z": -1.0
        },
        {
            "x": 508.286313260098,
            "y": 516.8558994905679,
            "z": -1.0
        },
        {
            "x": 562.718791441783,
            "y": 484.4283905994207,
            "z": -1.0
        },
        {
            "x": 519.540479324417,
            "y": 491.7269027114459,
            "z": -1.0
        },
        {
            "x": 495.2960512403132,
            "y": 508.90265209243114,
            "z": -1.0
        },
        {
            "x": 529.0273767577714,
            "y": 538.8317139360967,
            "z": -1.0
        },
        {
            "x": 526.6234190066074,
            "y": 480.217340141026,
            "z": -1.0
        },
        {
            "x": 512.3369508989095,
            "y": 480.7356887468546,
            "z": -1.0
        },
        {
            "x": 564.3741474946577,
            "y": 529.5683389723604,
            "z": -1.0
        },
        {
            "x": 504.22158394218957,
            "y": 504.1669276581164,
            "z": -1.0
        },
        {
            "x": 576.9954772772552,
            "y": 506.5909916547763,
            "z": -1.0
        },
        {
            "x": 495.1650362967213,
            "y": 524.8906689823436,
            "z": -1.0
        },
        {
            "x": 501.07101533643004,
            "y": 519.1479069010143,
            "z": -1.0
        },
        {
            "x": 545.3605856556968,
            "y": 544.9790848145745,
            "z": -1.0
        },
        {
            "x": 538.0373291631348,
            "y": 544.6068213431248,
            "z": -1.0
        },
        {
            "x": 572.6952872107775,
            "y": 507.7430730513833,
            "z": -1.0
        },
        {
            "x": 559.9297678582722,
            "y": 532.6431668539416,
            "z": -1.0
        },
        {
            "x": 506.10961476647407,
            "y": 488.3424920244446,
            "z": -1.0
        },
        {
            "x": 549.3888938672872,
            "y": 549.8432953438564,
            "z": -1.0
        },
        {
            "x": 498.51282737081453,
            "y": 523.4891437773201,
            "z": -1.0
        },
        {
            "x": 560.2574316372675,
            "y": 498.9916495972117,
            "z": -1.0
        },
        {
            "x": 531.4000742710477,
            "y": 474.6976816656659,
            "z": -1.0
        },
        {
            "x": 517.9334716424393,
            "y": 529.0709929760487,
            "z": -1.0
        },
        {
            "x": 562.0302746374607,
            "y": 478.10206029632644,
            "z": -1.0
        },
        {
            "x": 564.2221066577948,
            "y": 498.0413588911656,
            "z": -1.0
        },
        {
            "x": 504.4808557588804,
            "y": 526.7813024352308,
            "z": -1.0
        },
        {
            "x": 497.68013120226476,
            "y": 498.73544651625656,
            "z": -1.0
        },
        {
            "x": 507.5675466178856,
            "y": 482.74538248231363,
            "z": -1.0
        },
        {
            "x": 562.5906994780187,
            "y": 546.5865316913241,
            "z": -1.0
        },
        {
            "x": 572.1731212471824,
            "y": 488.74207109053054,
            "z": -1.0
        },
        {
            "x": 526.8504641873014,
            "y": 475.63844562788677,
            "z": -1.0
        },
        {
            "x": 556.0454702445961,
            "y": 494.2765121448339,
            "z": -1.0
        },
        {
            "x": 530.5291281118531,
            "y": 537.5563086239624,
            "z": -1.0
        },
        {
            "x": 572.471437296755,
            "y": 516.1485986356423,
            "z": -1.0
        },
        {
            "x": 498.47054484808905,
            "y": 499.93974616847737,
            "z": -1.0
        },
        {
            "x": 563.3070514276662,
            "y": 520.1006305875907,
            "z": -1.0
        },
        {
            "x": 509.84446498395477,
            "y": 514.8679244376933,
            "z": -1.0
        },
        {
            "x": 567.1507499349157,
            "y": 496.5432237936282,
            "z": -1.0
        },
        {
            "x": 572.0855472692119,
            "y": 488.3173789557218,
            "z": -1.0
        },
        {
            "x": 504.2671384204703,
            "y": 511.5602318290137,
            "z": -1.0
        },
        {
            "x": 554.4855302120072,
            "y": 539.8343418983393,
            "z": -1.0
        },
        {
            "x": 555.4677783177672,
            "y": 473.2769883218141,
            "z": -1.0
        },
        {
            "x": 565.6276063894555,
            "y": 494.9871631926775,
            "z": -1.0
        },
        {
            "x": 514.0593943158232,
            "y": 534.7366333721335,
            "z": -1.0
        },
        {
            "x": 524.9479053866255,
            "y": 536.9938147830022,
            "z": -1.0
        },
        {
            "x": 528.2802835976466,
            "y": 547.9766748762787,
            "z": -1.0
        },
        {
            "x": 521.5257795028651,
            "y": 547.9095464285468,
            "z": -1.0
        },
        {
            "x": 507.89821390207504,
            "y": 542.800549740243,
            "z": -1.0
        },
        {
            "x": 523.3892674636013,
            "y": 475.3633101289436,
            "z": -1.0
        },
        {
            "x": 516.3170442483375,
            "y": 483.23036833450055,
            "z": -1.0
        },
        {
            "x": 507.66407879257207,
            "y": 529.7135850733019,
            "z": -1.0
        },
        {
            "x": 551.9523772269763,
            "y": 488.66327352177603,
            "z": -1.0
        },
        {
            "x": 549.09089753621,
            "y": 538.7175567895674,
            "z": -1.0
        },
        {
            "x": 539.4328204058105,
            "y": 547.6191651249732,
            "z": -1.0
        },
        {
            "x": 497.9232243720113,
            "y": 516.421354564461,
            "z": -1.0
        },
        {
            "x": 514.9917400082537,
            "y": 546.9337804727509,
            "z": -1.0
        },
        {
            "x": 513.558611519136,
            "y": 539.5585302789349,
            "z": -1.0
        },
        {
            "x": 538.5702828322632,
            "y": 475.94019600926674,
            "z": -1.0
        },
        {
            "x": 565.8794581045415,
            "y": 500.1875052195755,
            "z": -1.0
        },
        {
            "x": 573.1801381936306,
            "y": 489.01889352968067,
            "z": -1.0
        },
        {
            "x": 522.7959527764726,
            "y": 541.5463859956789,
            "z": -1.0
        },
        {
            "x": 538.3740903511817,
            "y": 549.0188634693188,
            "z": -1.0
        },
        {
            "x": 571.2443380594942,
            "y": 495.4523748881116,
            "z": -1.0
        },
        {
            "x": 494.87139323494057,
            "y": 527.0248840160878,
            "z": -1.0
        },
        {
            "x": 517.3012254954327,
            "y": 542.8173839498312,
            "z": -1.0
        },
        {
            "x": 569.2045297410489,
            "y": 510.9120736084789,
            "z": -1.0
        },
        {
            "x": 522.9942718572892,
            "y": 543.7617935198328,
            "z": -1.0
        },
        {
            "x": 499.0821848974598,
            "y": 493.24202767545034,
            "z": -1.0
        },
        {
            "x": 572.8601585348698,
            "y": 512.6124619079817,
            "z": -1.0
        },
        {
            "x": 562.0157535230803,
            "y": 504.6848960574348,
            "z": -1.0
        },
        {
            "x": 562.8134733987904,
            "y": 488.22910903010194,
            "z": -1.0
        },
        {
            "x": 571.750207098654,
            "y": 504.89026513031587,
            "z": -1.0
        },
        {
            "x": 537.1981883680484,
            "y": 555.7400007145219,
            "z": -1.0
        },
        {
            "x": 499.1128693224016,
            "y": 529.9676873625594,
            "z": -1.0
        },
        {
            "x": 511.6693624268579,
            "y": 517.1445111656789,
            "z": -1.0
        },
        {
            "x": 548.83210554089,
            "y": 485.2924782614638,
            "z": -1.0
        },
        {
            "x": 538.5579026446507,
            "y": 477.3926722869977,
            "z": -1.0
        },
        {
            "x": 547.6628376543239,
            "y": 536.1236497501498,
            "z": -1.0
        },
        {
            "x": 561.8032352143254,
            "y": 522.1836663268405,
            "z": -1.0
        },
        {
            "x": 503.4434445436313,
            "y": 526.7913976929811,
            "z": -1.0
        },
        {
            "x": 513.7077415174966,
            "y": 524.6310966682993,
            "z": -1.0
        },
        {
            "x": 524.0403485589713,
            "y": 535.4444145912146,
            "z": -1.0
        },
        {
            "x": 515.1270477281968,
            "y": 550.7902519765013,
            "z": -1.0
        },
        {
            "x": 523.1357609352791,
            "y": 488.7698312264497,
            "z": -1.0
        },
        {
            "x": 578.4972829053432,
            "y": 519.9430860657388,
            "z": -1.0
        },
        {
            "x": 558.3837745365191,
            "y": 479.44458833453314,
            "z": -1.0
        },
        {
            "x": 498.4724551199887,
            "y": 499.4272905484336,
            "z": -1.0
        },
        {
            "x": 522.3011045255494,
            "y": 479.074718413786,
            "z": -1.0
        },
        {
            "x": 506.47946295696244,
            "y": 543.2446663954536,
            "z": -1.0
        },
        {
            "x": 556.8937011744015,
            "y": 491.2546381525873,
            "z": -1.0
        },
        {
            "x": 557.3031512906938,
            "y": 493.3577737861657,
            "z": -1.0
        },
        {
            "x": 563.8025604345113,
            "y": 532.7783713137518,
            "z": -1.0
        },
        {
            "x": 543.4822745377122,
            "y": 540.7666336522163,
            "z": -1.0
        },
        {
            "x": 539.7010769673203,
            "y": 539.8820692748313,
            "z": -1.0
        },
        {
            "x": 508.2874842635953,
            "y": 530.6090317265206,
            "z": -1.0
        },
        {
            "x": 536.4636911137624,
            "y": 542.9950400281945,
            "z": -1.0
        },
        {
            "x": 566.8959706765498,
            "y": 485.17291115647873,
            "z": -1.0
        },
        {
            "x": 523.5118584423842,
            "y": 484.12606713529914,
            "z": -1.0
        },
        {
            "x": 515.4438659908923,
            "y": 528.3542398165725,
            "z": -1.0
        },
        {
            "x": 509.7300886028236,
            "y": 494.335088975318,
            "z": -1.0
        },
        {
            "x": 511.80892919558534,
            "y": 505.8278015254738,
            "z": -1.0
        },
        {
            "x": 570.1737883210732,
            "y": 516.2744547901693,
            "z": -1.0
        },
        {
            "x": 557.7539102496474,
            "y": 545.1995358926436,
            "z": -1.0
        },
        {
            "x": 525.0316214460489,
            "y": 553.508792564683,
            "z": -1.0
        },
        {
            "x": 533.8531749467986,
            "y": 481.6370928857529,
            "z": -1.0
        },
        {
            "x": 550.0365058440573,
            "y": 490.69264928434797,
            "z": -1.0
        },
        {
            "x": 497.184859816769,
            "y": 527.8114538334912,
            "z": -1.0
        },
        {
            "x": 509.314463932952,
            "y": 546.1577171163497,
            "z": -1.0
        },
        {
            "x": 542.7928631668633,
            "y": 480.256617572353,
            "z": -1.0
        },
        {
            "x": 550.9499688266708,
            "y": 539.7188788762161,
            "z": -1.0
        },
        {
            "x": 513.35342142297,
            "y": 492.05651285280015,
            "z": -1.0
        },
        {
            "x": 504.5783885691011,
            "y": 538.0386465448798,
            "z": -1.0
        },
        {
            "x": 546.8623198015019,
            "y": 555.5595851885018,
            "z": -1.0
        },
        {
            "x": 564.6461948765668,
            "y": 485.6228501325167,
            "z": -1.0
        },
        {
            "x": 525.2004614877526,
            "y": 547.5132934226122,
            "z": -1.0
        },
        {
            "x": 545.5713998393772,
            "y": 554.1628857354423,
            "z": -1.0
        },
        {
            "x": 515.080375038146,
            "y": 477.63701215850875,
            "z": -1.0
        },
        {
            "x": 557.35771184283,
            "y": 528.573803763913,
            "z": -1.0
        },
        {
            "x": 542.7125212141326,
            "y": 480.3711161359869,
            "z": -1.0
        },
        {
            "x": 554.3883121268884,
            "y": 475.2248534080703,
            "z": -1.0
        },
        {
            "x": 494.6249663483465,
            "y": 510.8672010599085,
            "z": -1.0
        },
        {
            "x": 516.6651465831335,
            "y": 487.16916199197686,
            "z": -1.0
        },
        {
            "x": 512.7820476694945,
            "y": 522.6770709463779,
            "z": -1.0
        },
        {
            "x": 549.9474482359827,
            "y": 535.9759482311775,
            "z": -1.0
        },
        {
            "x": 575.4422555460079,
            "y": 524.7337944155488,
            "z": -1.0
        },
        {
            "x": 533.5293342615257,
            "y": 538.7465193000228,
            "z": -1.0
        },
        {
            "x": 515.2426424094492,
            "y": 535.8862818077137,
            "z": -1.0
        },
        {
            "x": 511.398082938699,
            "y": 513.0135928728768,
            "z": -1.0
        },
        {
            "x": 485.725849275034,
            "y": 531.1797753696167,
            "z": -1.0
        },
        {
            "x": 560.6752292795825,
            "y": 466.0482017700663,
            "z": -1.0
        },
        {
            "x": 507.2156395243695,
            "y": 475.22372234246035,
            "z": -1.0
        },
        {
            "x": 578.9167613114017,
            "y": 485.3691706044459,
            "z": -1.0
        },
        {
            "x": 542.525114537369,
            "y": 468.1290900433285,
            "z": -1.0
        },
        {
            "x": 507.81743612859424,
            "y": 465.0401997931695,
            "z": -1.0
        },
        {
            "x": 550.8281087081089,
            "y": 576.3503014769594,
            "z": -1.0
        },
        {
            "x": 507.6339135395618,
            "y": 551.2308048217753,
            "z": -1.0
        },
        {
            "x": 533.40408387819,
            "y": 587.5518911646249,
            "z": -1.0
        },
        {
            "x": 482.7964628074365,
            "y": 496.198223983096,
            "z": -1.0
        },
        {
            "x": 489.938931457449,
            "y": 485.220556947481,
            "z": -1.0
        },
        {
            "x": 599.0574285070511,
            "y": 479.2148884653467,
            "z": -1.0
        },
        {
            "x": 511.7350959158721,
            "y": 449.0616828763495,
            "z": -1.0
        },
        {
            "x": 482.18581578915246,
            "y": 508.6415632784691,
            "z": -1.0
        },
        {
            "x": 588.9495500819772,
            "y": 545.5766637536889,
            "z": -1.0
        },
        {
            "x": 591.4147986585361,
            "y": 505.46925283406847,
            "z": -1.0
        },
        {
            "x": 520.741033034747,
            "y": 583.767363358519,
            "z": -1.0
        },
        {
            "x": 523.4312754220563,
            "y": 597.5599964352065,
            "z": -1.0
        },
        {
            "x": 586.2871686422096,
            "y": 566.6337398527216,
            "z": -1.0
        },
        {
            "x": 600.9194206425225,
            "y": 579.5417272631908,
            "z": -1.0
        },
        {
            "x": 593.3717046620426,
            "y": 541.7998361669316,
            "z": -1.0
        },
        {
            "x": 573.0016412643785,
            "y": 552.0039307594006,
            "z": -1.0
        },
        {
            "x": 586.1952693800313,
            "y": 482.70847321726063,
            "z": -1.0
        },
        {
            "x": 539.9854942064128,
            "y": 460.52108723461083,
            "z": -1.0
        },
        {
            "x": 514.3439062922291,
            "y": 620.041478230622,
            "z": -1.0
        },
        {
            "x": 601.2691565409675,
            "y": 535.0026107487523,
            "z": -1.0
        },
        {
            "x": 500.52423651977966,
            "y": 628.796652560432,
            "z": -1.0
        },
        {
            "x": 574.0917247326327,
            "y": 450.85297916859065,
            "z": -1.0
        },
        {
            "x": 591.1065340894371,
            "y": 567.0878892449844,
            "z": -1.0
        },
        {
            "x": 500.9939107580898,
            "y": 624.9735574882689,
            "z": -1.0
        },
        {
            "x": 577.9184539736495,
            "y": 453.08312891307446,
            "z": -1.0
        },
        {
            "x": 507.9977984118255,
            "y": 592.4889513768354,
            "z": -1.0
        },
        {
            "x": 546.5420824383251,
            "y": 557.4391929754463,
            "z": -1.0
        },
        {
            "x": 509.2069608297875,
            "y": 648.1963948678666,
            "z": -1.0
        },
        {
            "x": 496.02601516612407,
            "y": 613.5481271126037,
            "z": -1.0
        },
        {
            "x": 614.1502566870846,
            "y": 553.3588016570797,
            "z": -1.0
        },
        {
            "x": 468.771578954748,
            "y": 538.3034497002723,
            "z": -1.0
        },
        {
            "x": 519.0919198025215,
            "y": 560.6678886856647,
            "z": -1.0
        },
        {
            "x": 497.2062173342206,
            "y": 453.5500216425228,
            "z": -1.0
        },
        {
            "x": 493.4887249387111,
            "y": 453.4109310994895,
            "z": -1.0
        },
        {
            "x": 470.7918526257058,
            "y": 518.8309233979697,
            "z": -1.0
        },
        {
            "x": 587.5987275419141,
            "y": 499.91144634610276,
            "z": -1.0
        },
        {
            "x": 497.040241015068,
            "y": 533.5510836465572,
            "z": -1.0
        },
        {
            "x": 485.355286917949,
            "y": 606.956807988382,
            "z": -1.0
        },
        {
            "x": 467.14843738007175,
            "y": 484.54569111528707,
            "z": -1.0
        },
        {
            "x": 502.0300824964727,
            "y": 485.8376634421111,
            "z": -1.0
        },
        {
            "x": 480.89869200937267,
            "y": 598.4531740473547,
            "z": -1.0
        },
        {
            "x": 486.1083492554259,
            "y": 469.7863600004141,
            "z": -1.0
        },
        {
            "x": 597.2185891297455,
            "y": 456.8062137754004,
            "z": -1.0
        },
        {
            "x": 511.26474259917,
            "y": 671.155403876212,
            "z": -1.0
        },
        {
            "x": 574.729539521542,
            "y": 446.1831451068725,
            "z": -1.0
        },
        {
            "x": 620.8832188274556,
            "y": 580.7357049822688,
            "z": -1.0
        },
        {
            "x": 455.19184822484897,
            "y": 476.9922741818475,
            "z": -1.0
        },
        {
            "x": 594.3736139843825,
            "y": 565.7023380525437,
            "z": -1.0
        },
        {
            "x": 501.1427448105967,
            "y": 583.462340108722,
            "z": -1.0
        },
        {
            "x": 603.4456744330802,
            "y": 590.1297268510625,
            "z": -1.0
        },
        {
            "x": 639.8314825638407,
            "y": 578.9629978493065,
            "z": -1.0
        },
        {
            "x": 558.1813672689085,
            "y": 439.07494255521175,
            "z": -1.0
        },
        {
            "x": 552.3736159391001,
            "y": 559.5673549990561,
            "z": -1.0
        },
        {
            "x": 593.1510948624478,
            "y": 503.2837876423889,
            "z": -1.0
        },
        {
            "x": 488.0568227445465,
            "y": 664.4775163789864,
            "z": -1.0
        },
        {
            "x": 482.74594141411524,
            "y": 549.3708208343369,
            "z": -1.0
        },
        {
            "x": 491.07650963503534,
            "y": 595.9700723593096,
            "z": -1.0
        },
        {
            "x": 604.1741930146146,
            "y": 560.030001429415,
            "z": -1.0
        },
        {
            "x": 487.80764948658083,
            "y": 635.8534106229588,
            "z": -1.0
        },
        {
            "x": 490.1452935667216,
            "y": 620.8821973006816,
            "z": -1.0
        },
        {
            "x": 470.3292225530208,
            "y": 584.1848240157698,
            "z": -1.0
        },
        {
            "x": 497.29420004995814,
            "y": 659.9862410683353,
            "z": -1.0
        },
        {
            "x": 528.9452836360224,
            "y": 455.6901049800856,
            "z": -1.0
        },
        {
            "x": 445.49119578621594,
            "y": 477.8219129525752,
            "z": -1.0
        },
        {
            "x": 477.955623419926,
            "y": 604.8576770576403,
            "z": -1.0
        },
        {
            "x": 532.3399967065284,
            "y": 675.6621525737285,
            "z": -1.0
        },
        {
            "x": 525.5843810967441,
            "y": 558.4679426599284,
            "z": -1.0
        },
        {
            "x": 521.2954793500726,
            "y": 607.1998559187674,
            "z": -1.0
        },
        {
            "x": 565.3632812050454,
            "y": 424.40245607014873,
            "z": -1.0
        },
        {
            "x": 485.4773873786752,
            "y": 511.6447018349782,
            "z": -1.0
        },
        {
            "x": 605.3713843515279,
            "y": 506.4462103965994,
            "z": -1.0
        },
        {
            "x": 521.5934525687819,
            "y": 580.3223342041674,
            "z": -1.0
        },
        {
            "x": 429.299224968674,
            "y": 473.9859311815014,
            "z": -1.0
        },
        {
            "x": 510.6539632847365,
            "y": 474.2504438397036,
            "z": -1.0
        },
        {
            "x": 502.36448624837095,
            "y": 648.4009981079753,
            "z": -1.0
        },
        {
            "x": 646.1865268920551,
            "y": 555.104559288409,
            "z": -1.0
        },
        {
            "x": 509.3142504973518,
            "y": 681.5749527751855,
            "z": -1.0
        },
        {
            "x": 538.8597500958076,
            "y": 449.55436916090395,
            "z": -1.0
        },
        {
            "x": 614.7700942289597,
            "y": 508.1266880169854,
            "z": -1.0
        },
        {
            "x": 528.5492799843835,
            "y": 441.2186016882097,
            "z": -1.0
        },
        {
            "x": 484.67913312667633,
            "y": 593.8675952149032,
            "z": -1.0
        },
        {
            "x": 518.7599135459852,
            "y": 680.6018403737205,
            "z": -1.0
        },
        {
            "x": 620.1526631273662,
            "y": 556.2875872976105,
            "z": -1.0
        },
        {
            "x": 578.6818305640825,
            "y": 480.6222629517877,
            "z": -1.0
        },
        {
            "x": 606.41373987107,
            "y": 556.232738162234,
            "z": -1.0
        },
        {
            "x": 482.9573616058461,
            "y": 448.36866199404494,
            "z": -1.0
        },
        {
            "x": 502.8744304857542,
            "y": 568.6998100241606,
            "z": -1.0
        },
        {
            "x": 530.735944646471,
            "y": 418.49661065859516,
            "z": -1.0
        },
        {
            "x": 493.79158559544106,
            "y": 489.53111513187736,
            "z": -1.0
        },
        {
            "x": 575.9474151793519,
            "y": 430.68816220924924,
            "z": -1.0
        },
        {
            "x": 584.3149950064188,
            "y": 452.8517331806472,
            "z": -1.0
        },
        {
            "x": 496.6138646380044,
            "y": 642.1392176684656,
            "z": -1.0
        },
        {
            "x": 523.9305273669778,
            "y": 415.4114125332269,
            "z": -1.0
        },
        {
            "x": 553.3258295365027,
            "y": 687.4151625315424,
            "z": -1.0
        },
        {
            "x": 488.46591322603894,
            "y": 573.7301201347923,
            "z": -1.0
        },
        {
            "x": 471.69748343095176,
            "y": 605.8700132107676,
            "z": -1.0
        },
        {
            "x": 432.9094104802871,
            "y": 465.88153555820645,
            "z": -1.0
        },
        {
            "x": 561.5876100946995,
            "y": 693.7290353136076,
            "z": -1.0
        },
        {
            "x": 463.63335063039267,
            "y": 494.4768681907921,
            "z": -1.0
        },
        {
            "x": 466.021917811623,
            "y": 436.17247330953444,
            "z": -1.0
        },
        {
            "x": 535.5518544294364,
            "y": 422.6531612059608,
            "z": -1.0
        },
        {
            "x": 463.5261472919937,
            "y": 518.0411936979525,
            "z": -1.0
        },
        {
            "x": 507.93037434489423,
            "y": 672.060669374041,
            "z": -1.0
        },
        {
            "x": 561.5311603865887,
            "y": 448.9217456938932,
            "z": -1.0
        },
        {
            "x": 560.3799547566549,
            "y": 565.8278053032349,
            "z": -1.0
        },
        {
            "x": 510.22068178585107,
            "y": 440.7924990696418,
            "z": -1.0
        },
        {
            "x": 543.2558614631168,
            "y": 580.798672912176,
            "z": -1.0
        },
        {
            "x": 557.1021955579404,
            "y": 456.99184892122213,
            "z": -1.0
        },
        {
            "x": 470.5173305950001,
            "y": 452.62145208437215,
            "z": -1.0
        },
        {
            "x": 565.9611406040585,
            "y": 466.9250363705441,
            "z": -1.0
        },
        {
            "x": 454.30108123642975,
            "y": 601.3617878323806,
            "z": -1.0
        },
        {
            "x": 450.4788757727329,
            "y": 481.8775020860062,
            "z": -1.0
        },
        {
            "x": 477.58727770322025,
            "y": 551.4162998610655,
            "z": -1.0
        },
        {
            "x": 491.00622315778764,
            "y": 535.963921935461,
            "z": -1.0
        },
        {
            "x": 512.6164030732959,
            "y": 456.92939799628033,
            "z": -1.0
        },
        {
            "x": 512.5362418935746,
            "y": 669.2919951007185,
            "z": -1.0
        },
        {
            "x": 420.87212890267426,
            "y": 487.7189346061048,
            "z": -1.0
        },
        {
            "x": 655.0500443867137,
            "y": 539.4969537799949,
            "z": -1.0
        },
        {
            "x": 481.7142863804456,
            "y": 656.1501628993711,
            "z": -1.0
        },
        {
            "x": 510.56351024584757,
            "y": 569.4693394677686,
            "z": -1.0
        },
        {
            "x": 643.6611466694845,
            "y": 591.9218718877015,
            "z": -1.0
        },
        {
            "x": 515.5959394380211,
            "y": 574.5575179706185,
            "z": -1.0
        },
        {
            "x": 530.8502380266431,
            "y": 630.39438683733,
            "z": -1.0
        },
        {
            "x": 464.76353443598845,
            "y": 653.405273294728,
            "z": -1.0
        },
        {
            "x": 660.0734410888389,
            "y": 531.5224350028549,
            "z": -1.0
        },
        {
            "x": 558.3081764025103,
            "y": 447.2311252080145,
            "z": -1.0
        },
        {
            "x": 630.6538641884243,
            "y": 606.7551299716665,
            "z": -1.0
        },
        {
            "x": 476.2065759823165,
            "y": 484.5970135709542,
            "z": -1.0
        },
        {
            "x": 603.8783714935773,
            "y": 471.39786613677416,
            "z": -1.0
        },
        {
            "x": 560.1390068069926,
            "y": 454.72208916853475,
            "z": -1.0
        },
        {
            "x": 538.9574900341622,
            "y": 399.4131011497862,
            "z": -1.0
        },
        {
            "x": 528.523658085153,
            "y": 687.2304419667996,
            "z": -1.0
        },
        {
            "x": 579.9756363898175,
            "y": 454.6579536149163,
            "z": -1.0
        },
        {
            "x": 481.9914200728199,
            "y": 507.17699772251285,
            "z": -1.0
        },
        {
            "x": 598.4295065040164,
            "y": 561.0548387842952,
            "z": -1.0
        },
        {
            "x": 457.9666852000644,
            "y": 480.313214789657,
            "z": -1.0
        },
        {
            "x": 537.027929956474,
            "y": 435.4636301710064,
            "z": -1.0
        },
        {
            "x": 536.3005397523752,
            "y": 645.2890489704567,
            "z": -1.0
        },
        {
            "x": 441.9204845491307,
            "y": 481.2818994745512,
            "z": -1.0
        },
        {
            "x": 451.8159139614284,
            "y": 551.6579630058526,
            "z": -1.0
        },
        {
            "x": 491.4129758345005,
            "y": 455.9426109841325,
            "z": -1.0
        },
        {
            "x": 499.80673816152137,
            "y": 440.5374508852427,
            "z": -1.0
        },
        {
            "x": 418.73480435494497,
            "y": 495.49600370020977,
            "z": -1.0
        },
        {
            "x": 499.40066849930037,
            "y": 479.78013770596436,
            "z": -1.0
        },
        {
            "x": 448.12046581659257,
            "y": 557.9910423380181,
            "z": -1.0
        },
        {
            "x": 435.5834328378278,
            "y": 444.0859345126656,
            "z": -1.0
        },
        {
            "x": 460.9442788489521,
            "y": 453.86459077035266,
            "z": -1.0
        },
        {
            "x": 472.77061366911624,
            "y": 568.4658994007424,
            "z": -1.0
        },
        {
            "x": 568.1523861449807,
            "y": 550.6825361382025,
            "z": -1.0
        },
        {
            "x": 564.5488052469987,
            "y": 407.44680929132477,
            "z": -1.0
        },
        {
            "x": 643.941117841197,
            "y": 574.7218551404794,
            "z": -1.0
        },
        {
            "x": 519.1147592975765,
            "y": 673.2041864829994,
            "z": -1.0
        },
        {
            "x": 446.2794583994971,
            "y": 459.7391077757365,
            "z": -1.0
        },
        {
            "x": 561.9219895162838,
            "y": 551.6284240871628,
            "z": -1.0
        },
        {
            "x": 482.1114511033902,
            "y": 594.444354639077,
            "z": -1.0
        },
        {
            "x": 610.7118143692721,
            "y": 516.7977572345808,
            "z": -1.0
        },
        {
            "x": 443.96822244404393,
            "y": 578.3098502613051,
            "z": -1.0
        },
        {
            "x": 563.6210808937128,
            "y": 445.6349864734911,
            "z": -1.0
        },
        {
            "x": 594.2930399060073,
            "y": 516.0784286967877,
            "z": -1.0
        },
        {
            "x": 576.586754361213,
            "y": 400.2791662270878,
            "z": -1.0
        },
        {
            "x": 519.5183441640404,
            "y": 696.2936805320704,
            "z": -1.0
        },
        {
            "x": 402.8494156228743,
            "y": 485.88408699910985,
            "z": -1.0
        },
        {
            "x": 534.5045903767009,
            "y": 623.5328076529298,
            "z": -1.0
        },
        {
            "x": 526.0224423482197,
            "y": 402.5486153115357,
            "z": -1.0
        },
        {
            "x": 468.40801181442157,
            "y": 617.5840792714864,
            "z": -1.0
        },
        {
            "x": 450.1922252320394,
            "y": 561.2543629837202,
            "z": -1.0
        },
        {
            "x": 462.48888814096927,
            "y": 564.1556523621516,
            "z": -1.0
        },
        {
            "x": 494.1195289947001,
            "y": 420.7917971149938,
            "z": -1.0
        },
        {
            "x": 474.4678663399879,
            "y": 467.20191871079106,
            "z": -1.0
        },
        {
            "x": 622.9538705689199,
            "y": 576.3543815842431,
            "z": -1.0
        },
        {
            "x": 598.4339494326291,
            "y": 563.7547544486521,
            "z": -1.0
        },
        {
            "x": 577.7607046616969,
            "y": 562.9049638664972,
            "z": -1.0
        },
        {
            "x": 610.1596092243337,
            "y": 606.7595131699633,
            "z": -1.0
        },
        {
            "x": 591.2879761268237,
            "y": 467.5784122039985,
            "z": -1.0
        },
        {
            "x": 492.8727646494765,
            "y": 599.0379476574046,
            "z": -1.0
        },
        {
            "x": 596.2710677021535,
            "y": 521.4593419298494,
            "z": -1.0
        },
        {
            "x": 481.3629065237697,
            "y": 484.3007050831752,
            "z": -1.0
        },
        {
            "x": 461.2762556078521,
            "y": 450.6034404553233,
            "z": -1.0
        },
        {
            "x": 464.41367021485274,
            "y": 631.284537063545,
            "z": -1.0
        },
        {
            "x": 524.0306106267819,
            "y": 565.320647608151,
            "z": -1.0
        },
        {
            "x": 659.7480721864276,
            "y": 531.848320467435,
            "z": -1.0
        },
        {
            "x": 480.4916123120955,
            "y": 580.8766267143208,
            "z": -1.0
        },
        {
            "x": 389.87053714712107,
            "y": 475.09264474680083,
            "z": -1.0
        },
        {
            "x": 433.7346492678853,
            "y": 431.95564399048067,
            "z": -1.0
        },
        {
            "x": 574.5034650595745,
            "y": 423.7523220158197,
            "z": -1.0
        },
        {
            "x": 477.760577697848,
            "y": 655.4369384445267,
            "z": -1.0
        },
        {
            "x": 505.89405910664857,
            "y": 587.3080372625594,
            "z": -1.0
        },
        {
            "x": 604.3745353351186,
            "y": 556.2510735575896,
            "z": -1.0
        },
        {
            "x": 564.7986573707708,
            "y": 574.6224387320589,
            "z": -1.0
        },
        {
            "x": 526.2490824670322,
            "y": 437.0470566080591,
            "z": -1.0
        },
        {
            "x": 510.0844786609914,
            "y": 655.6110748563608,
            "z": -1.0
        },
        {
            "x": 518.6495191381879,
            "y": 439.221835580361,
            "z": -1.0
        },
        {
            "x": 464.2570836223244,
            "y": 486.19849617285377,
            "z": -1.0
        },
        {
            "x": 405.2224669166032,
            "y": 456.9259684986098,
            "z": -1.0
        }
    ],
    "center": {
        "x": 537.6159362705107,
        "y": 512.9476554976679,
        "z": 0.0
    },
    "radius": 25
}