{
    "W": 1000,
    "H": 1000,
    "depth": 1.0,
    "height": 10.0,
    "num_of_relays": 200,
    "num_of_sensors": 400,
    "relays": [
        {
            "x": 225.40164227334606,
            "y": 448.5987947071379,
            "z": 17.0
        },
        {
            "x": 256.5023676420507,
            "y": 438.8216721680275,
            "z": 17.352031424241808
        },
        {
            "x": 223.09332296341188,
            "y": 456.251421460637,
            "z": 17.115955640759644
        },
        {
            "x": 217.5212653866891,
            "y": 445.1491594060544,
            "z": 17.0
        },
        {
            "x": 227.28441554450603,
            "y": 444.694630910369,
            "z": 17.0
        },
        {
            "x": 258.1079457018915,
            "y": 448.5871129804135,
            "z": 16.83752715977065
        },
        {
            "x": 249.8491478518769,
            "y": 441.56610847057914,
            "z": 17.0
        },
        {
            "x": 246.39572659212138,
            "y": 449.7600847612126,
            "z": 17.0
        },
        {
            "x": 259.9706484189914,
            "y": 436.9759045991571,
            "z": 16.310599693242306
        },
        {
            "x": 221.30530554125727,
            "y": 444.0668078857009,
            "z": 17.0
        },
        {
            "x": 225.17579519025696,
            "y": 432.19277658647286,
            "z": 17.0
        },
        {
            "x": 254.82202330903127,
            "y": 425.9116047243815,
            "z": 18.372974542339286
        },
        {
            "x": 247.02583452292347,
            "y": 426.5151084442226,
            "z": 17.193770106142168
        },
        {
            "x": 236.2202918145178,
            "y": 448.12880219479854,
            "z": 17.0
        },
        {
            "x": 242.18416941056023,
            "y": 450.2310880103478,
            "z": 17.0
        },
        {
            "x": 233.773940083696,
            "y": 459.11633993819163,
            "z": 17.0
        },
        {
            "x": 228.82994762244135,
            "y": 432.2666959684975,
            "z": 17.0
        },
        {
            "x": 245.31597716818777,
            "y": 437.88422952523524,
            "z": 17.0
        },
        {
            "x": 246.28860583485906,
            "y": 456.6115203267277,
            "z": 17.0
        },
        {
            "x": 243.56466245477333,
            "y": 453.5435633124731,
            "z": 17.0
        },
        {
            "x": 246.5875486981217,
            "y": 419.71701051583574,
            "z": 17.64976967806883
        },
        {
            "x": 233.81582008638298,
            "y": 426.176365921151,
            "z": 17.0
        },
        {
            "x": 230.7785708751348,
            "y": 435.7484586372322,
            "z": 17.0
        },
        {
            "x": 227.44890695779907,
            "y": 438.5985047286316,
            "z": 17.0
        },
        {
            "x": 234.82588828874884,
            "y": 442.6892618213717,
            "z": 17.0
        },
        {
            "x": 226.69683113741354,
            "y": 445.1149677941497,
            "z": 17.0
        },
        {
            "x": 238.97945453410472,
            "y": 455.77365742795234,
            "z": 17.0
        },
        {
            "x": 258.8599859143937,
            "y": 447.530799955576,
            "z": 16.9141478197476
        },
        {
            "x": 244.34837554691873,
            "y": 420.8004700098474,
            "z": 17.04523955881612
        },
        {
            "x": 233.75528231942667,
            "y": 447.1943425352905,
            "z": 17.0
        },
        {
            "x": 243.02301320863552,
            "y": 450.37055503066557,
            "z": 17.000000000000004
        },
        {
            "x": 240.27406522926174,
            "y": 429.52447174976413,
            "z": 17.926343909639453
        },
        {
            "x": 231.11191585692035,
            "y": 458.1152413180727,
            "z": 17.0
        },
        {
            "x": 226.58264958818268,
            "y": 425.23540985358153,
            "z": 17.0
        },
        {
            "x": 232.10611400492928,
            "y": 423.1204096999006,
            "z": 17.0
        },
        {
            "x": 243.11644769447997,
            "y": 453.17099650171696,
            "z": 17.0
        },
        {
            "x": 229.90822880198323,
            "y": 422.00946083722005,
            "z": 17.0
        },
        {
            "x": 243.3970681103948,
            "y": 426.81593563026127,
            "z": 17.450051587305484
        },
        {
            "x": 233.89928194742782,
            "y": 419.2806265962497,
            "z": 17.61007180525722
        },
        {
            "x": 231.59213642838534,
            "y": 433.28963411413395,
            "z": 17.0
        },
        {
            "x": 245.34831832863148,
            "y": 462.3734838843403,
            "z": 17.407890359249862
        },
        {
            "x": 224.88648826090554,
            "y": 446.69066868225843,
            "z": 17.0
        },
        {
            "x": 241.71115200492028,
            "y": 445.3711859105859,
            "z": 17.0
        },
        {
            "x": 255.03714115821697,
            "y": 436.8007395415903,
            "z": 17.669970460426768
        },
        {
            "x": 231.05911490381317,
            "y": 461.53258915462635,
            "z": 17.105911490381317
        },
        {
            "x": 252.4102438894828,
            "y": 450.50711724986724,
            "z": 17.01222276252744
        },
        {
            "x": 227.63643667070312,
            "y": 424.36073716895737,
            "z": 17.0
        },
        {
            "x": 231.17811478514318,
            "y": 440.5298328284854,
            "z": 17.0
        },
        {
            "x": 246.7385871259219,
            "y": 437.56796366390756,
            "z": 17.0
        },
        {
            "x": 220.0337640871718,
            "y": 443.2104910200992,
            "z": 17.0
        },
        {
            "x": 218.44233595339426,
            "y": 450.6130757559805,
            "z": 17.051757914968686
        },
        {
            "x": 244.58414699233904,
            "y": 430.59785230801367,
            "z": 17.0
        },
        {
            "x": 241.86237915591192,
            "y": 421.98868753891793,
            "z": 17.161831851690767
        },
        {
            "x": 246.23599468737484,
            "y": 442.203648413358,
            "z": 17.0
        },
        {
            "x": 236.34977312375497,
            "y": 424.72798668217365,
            "z": 17.0
        },
        {
            "x": 259.7230953881223,
            "y": 449.24526388206965,
            "z": 16.974399437930288
        },
        {
            "x": 238.00153386642194,
            "y": 441.4888572857703,
            "z": 17.0
        },
        {
            "x": 231.7419858120159,
            "y": 445.2609621816282,
            "z": 17.0
        },
        {
            "x": 245.4848640058911,
            "y": 460.47503987595996,
            "z": 17.522431109418953
        },
        {
            "x": 256.9740108313556,
            "y": 431.8730438599856,
            "z": 17.039408031309932
        },
        {
            "x": 224.44447434490326,
            "y": 443.6799907817412,
            "z": 17.0
        },
        {
            "x": 244.39023078973344,
            "y": 419.9825535881339,
            "z": 17.439235844669057
        },
        {
            "x": 248.97762738170175,
            "y": 443.97406831524,
            "z": 17.0
        },
        {
            "x": 257.5698295004586,
            "y": 453.7111346361849,
            "z": 17.280926564491665
        },
        {
            "x": 245.58208681232358,
            "y": 453.3829348409528,
            "z": 17.0
        },
        {
            "x": 243.44111921231382,
            "y": 435.42517956758456,
            "z": 17.0
        },
        {
            "x": 260.38348836778744,
            "y": 445.8157366678134,
            "z": 17.738464489878332
        },
        {
            "x": 230.9143749507029,
            "y": 455.4409102127017,
            "z": 17.0
        },
        {
            "x": 244.3853038691018,
            "y": 429.0637670114964,
            "z": 17.508902975708118
        },
        {
            "x": 243.27477265627772,
            "y": 431.34484225926064,
            "z": 17.0
        },
        {
            "x": 249.62148135493638,
            "y": 438.4847782080317,
            "z": 17.0
        },
        {
            "x": 237.72757517972838,
            "y": 423.57976791828224,
            "z": 17.0
        },
        {
            "x": 244.51519295669283,
            "y": 428.4444822802188,
            "z": 17.463163558876268
        },
        {
            "x": 228.345642903537,
            "y": 425.67470311912416,
            "z": 17.0
        },
        {
            "x": 225.34137952183346,
            "y": 451.38251255945215,
            "z": 17.460292709445994
        },
        {
            "x": 255.7220521136661,
            "y": 434.77483269050134,
            "z": 17.339576147586993
        },
        {
            "x": 233.73948553312465,
            "y": 431.1612292079486,
            "z": 17.0
        },
        {
            "x": 242.0562407676419,
            "y": 433.2224087328295,
            "z": 17.0
        },
        {
            "x": 246.3562187880075,
            "y": 453.92730509014706,
            "z": 17.0
        },
        {
            "x": 245.72829620992175,
            "y": 441.88126986377426,
            "z": 17.0
        },
        {
            "x": 241.4398322202535,
            "y": 460.853902237831,
            "z": 17.131688462475594
        },
        {
            "x": 250.10557063855168,
            "y": 433.53147568789586,
            "z": 18.044529900632725
        },
        {
            "x": 235.14499089854252,
            "y": 445.3722575461385,
            "z": 17.0
        },
        {
            "x": 230.12164687589626,
            "y": 461.80655191744245,
            "z": 17.012164687589628
        },
        {
            "x": 238.31762870934358,
            "y": 425.7134482673232,
            "z": 17.0
        },
        {
            "x": 244.9749197506245,
            "y": 454.50276987635283,
            "z": 17.0
        },
        {
            "x": 221.6010802019493,
            "y": 451.7332223221689,
            "z": 17.132357740738918
        },
        {
            "x": 245.0850277092539,
            "y": 428.6539797572931,
            "z": 17.425340707117734
        },
        {
            "x": 239.90139948078678,
            "y": 448.0789760432526,
            "z": 17.0
        },
        {
            "x": 248.85691229923813,
            "y": 426.6496884998661,
            "z": 17.076011771380948
        },
        {
            "x": 252.71849098212766,
            "y": 436.4867799257366,
            "z": 18.240663868474513
        },
        {
            "x": 258.3449336045902,
            "y": 433.1213505398066,
            "z": 16.894506641488466
        },
        {
            "x": 237.29680062137294,
            "y": 421.08204949269305,
            "z": 17.0
        },
        {
            "x": 241.15402861396586,
            "y": 429.39514898122263,
            "z": 17.831092190554234
        },
        {
            "x": 253.4124064624268,
            "y": 433.8319273288764,
            "z": 17.626534455438616
        },
        {
            "x": 218.29830918516217,
            "y": 441.1486888282798,
            "z": 17.0
        },
        {
            "x": 242.88788935144123,
            "y": 448.9937892685975,
            "z": 17.0
        },
        {
            "x": 240.76063226105452,
            "y": 423.94855755196915,
            "z": 17.364821752610332
        },
        {
            "x": 259.18693732915784,
            "y": 437.8308730982376,
            "z": 16.471592314027404
        },
        {
            "x": 244.3279824728809,
            "y": 437.74708545627607,
            "z": 17.0
        },
        {
            "x": 250.9070699555689,
            "y": 427.4279427967056,
            "z": 18.111422916720393
        },
        {
            "x": 227.98704312864697,
            "y": 445.8587761280949,
            "z": 17.0
        },
        {
            "x": 256.85361751468383,
            "y": 434.1608995097857,
            "z": 17.107581302651443
        },
        {
            "x": 243.2533537026764,
            "y": 433.4238387768268,
            "z": 17.000000000000004
        },
        {
            "x": 254.61263896247365,
            "y": 431.2905974080628,
            "z": 17.149056826846923
        },
        {
            "x": 223.41488808811368,
            "y": 446.937812619252,
            "z": 17.0
        },
        {
            "x": 252.97045084336887,
            "y": 434.66119339837553,
            "z": 17.84452418506026
        },
        {
            "x": 244.5296748264243,
            "y": 425.6505502576195,
            "z": 17.309103473188106
        },
        {
            "x": 250.04238146963965,
            "y": 433.9891302254498,
            "z": 18.1899764595734
        },
        {
            "x": 247.34043237342274,
            "y": 424.0560995921626,
            "z": 17.107874711654887
        },
        {
            "x": 232.8141155491487,
            "y": 419.43128712838774,
            "z": 17.718588445085132
        },
        {
            "x": 233.34828111857405,
            "y": 428.6877408329275,
            "z": 17.0
        },
        {
            "x": 218.84135537035706,
            "y": 434.8533554421874,
            "z": 17.0
        },
        {
            "x": 227.15775962786034,
            "y": 429.8733332434984,
            "z": 17.0
        },
        {
            "x": 227.37552786030392,
            "y": 427.9454619072866,
            "z": 17.0
        },
        {
            "x": 240.17646829580673,
            "y": 433.428416857324,
            "z": 17.0
        },
        {
            "x": 242.6253912523594,
            "y": 440.94221664009075,
            "z": 17.0
        },
        {
            "x": 236.75853672860927,
            "y": 425.10546187159684,
            "z": 17.0
        },
        {
            "x": 225.8009406349973,
            "y": 445.1017615305555,
            "z": 17.0
        },
        {
            "x": 222.86612788128883,
            "y": 433.7669399382879,
            "z": 17.0
        },
        {
            "x": 255.2319567978351,
            "y": 437.3388902158195,
            "z": 17.66579680261696
        },
        {
            "x": 239.38797626560864,
            "y": 432.81532040395984,
            "z": 17.0
        },
        {
            "x": 227.19616600449547,
            "y": 448.6916942252278,
            "z": 17.0
        },
        {
            "x": 239.6566255891899,
            "y": 436.05723820220305,
            "z": 17.0
        },
        {
            "x": 225.5131306561605,
            "y": 450.6778539499975,
            "z": 17.513942091694744
        },
        {
            "x": 230.47183418283464,
            "y": 425.9512919227215,
            "z": 17.0
        },
        {
            "x": 222.87446250158916,
            "y": 454.76838830348163,
            "z": 17.150380716445177
        },
        {
            "x": 233.9093742402493,
            "y": 443.9794640223151,
            "z": 17.0
        },
        {
            "x": 242.41251417463036,
            "y": 428.67877749298697,
            "z": 17.65850101209576
        },
        {
            "x": 238.77836151110722,
            "y": 424.43186831516914,
            "z": 17.0
        },
        {
            "x": 258.0059107690971,
            "y": 449.98614063972377,
            "z": 16.800867444920453
        },
        {
            "x": 244.7160067698023,
            "y": 451.2131406538701,
            "z": 17.0
        },
        {
            "x": 227.58520460457044,
            "y": 442.16629178117387,
            "z": 17.0
        },
        {
            "x": 227.50241366205944,
            "y": 423.97590700761026,
            "z": 17.0
        },
        {
            "x": 241.60882570075904,
            "y": 420.68147813279006,
            "z": 17.057184017933626
        },
        {
            "x": 257.74780861771046,
            "y": 431.51724908251094,
            "z": 16.98496050408562
        },
        {
            "x": 248.35172578721577,
            "y": 439.291800376623,
            "z": 17.0
        },
        {
            "x": 226.24096276768392,
            "y": 435.9114963020259,
            "z": 17.0
        },
        {
            "x": 242.46866873274723,
            "y": 440.89663325451096,
            "z": 17.0
        },
        {
            "x": 221.9729595576295,
            "y": 442.10825526433933,
            "z": 17.0
        },
        {
            "x": 247.20442722615232,
            "y": 438.9123454541963,
            "z": 17.0
        },
        {
            "x": 222.14963875070555,
            "y": 439.97752883306515,
            "z": 17.0
        },
        {
            "x": 225.04539675771412,
            "y": 433.4639243775665,
            "z": 17.0
        },
        {
            "x": 234.04217627295316,
            "y": 431.2528940237982,
            "z": 17.0
        },
        {
            "x": 231.178894423359,
            "y": 460.6708181952376,
            "z": 17.1178894423359
        },
        {
            "x": 256.0503033983129,
            "y": 436.2365219827587,
            "z": 17.361642588990087
        },
        {
            "x": 255.46700076500895,
            "y": 442.9027165936763,
            "z": 16.868419879014695
        },
        {
            "x": 220.92702932308873,
            "y": 442.9853564591916,
            "z": 17.0
        },
        {
            "x": 237.0281972783306,
            "y": 462.75741302673197,
            "z": 17.70281972783306
        },
        {
            "x": 220.7586047959482,
            "y": 426.87012126354585,
            "z": 17.0
        },
        {
            "x": 220.7088388797119,
            "y": 438.76526210772545,
            "z": 17.0
        },
        {
            "x": 254.97514845996713,
            "y": 447.18288256166795,
            "z": 16.639070814981274
        },
        {
            "x": 218.5830087177319,
            "y": 435.470578870885,
            "z": 17.0
        },
        {
            "x": 228.00781535342406,
            "y": 439.53966701003793,
            "z": 17.0
        },
        {
            "x": 234.68627552261,
            "y": 421.1635993562162,
            "z": 17.0
        },
        {
            "x": 223.31621399052892,
            "y": 450.4844532114358,
            "z": 17.315555893877693
        },
        {
            "x": 227.88331873234148,
            "y": 460.2417866529286,
            "z": 17.99488214720976
        },
        {
            "x": 243.0192650471239,
            "y": 444.81295210170754,
            "z": 17.0
        },
        {
            "x": 257.5763081707801,
            "y": 443.11325592800523,
            "z": 16.924544270450234
        },
        {
            "x": 241.4481592835033,
            "y": 443.8443701788858,
            "z": 17.0
        },
        {
            "x": 259.0814356490944,
            "y": 435.28509880706537,
            "z": 16.66567825350083
        },
        {
            "x": 237.03630662468618,
            "y": 452.0431358382967,
            "z": 17.0
        },
        {
            "x": 234.6178913413495,
            "y": 463.08581052217954,
            "z": 17.461789134134953
        },
        {
            "x": 257.9613590388636,
            "y": 432.0282797329784,
            "z": 16.962569392473867
        },
        {
            "x": 225.19065272821916,
            "y": 422.41164576574,
            "z": 17.0
        },
        {
            "x": 250.9323545390616,
            "y": 433.0149045753401,
            "z": 17.792032973975793
        },
        {
            "x": 223.021750961917,
            "y": 445.21414843477055,
            "z": 17.0
        },
        {
            "x": 231.80116428048927,
            "y": 432.3116631047501,
            "z": 17.0
        },
        {
            "x": 245.84226692493573,
            "y": 434.8049759378664,
            "z": 17.0
        },
        {
            "x": 233.79418566090908,
            "y": 448.08966735703416,
            "z": 17.0
        },
        {
            "x": 244.93669581367965,
            "y": 439.2002640824572,
            "z": 17.0
        },
        {
            "x": 231.66523294893096,
            "y": 440.35081900772906,
            "z": 17.0
        },
        {
            "x": 258.6820844584324,
            "y": 432.7746358967851,
            "z": 16.868805841144066
        },
        {
            "x": 243.29809679641744,
            "y": 445.3425160363221,
            "z": 17.0
        },
        {
            "x": 237.99088604425026,
            "y": 459.32235927518775,
            "z": 17.0
        },
        {
            "x": 251.4594490558682,
            "y": 445.73366121625753,
            "z": 16.510313742861598
        },
        {
            "x": 254.6395825758197,
            "y": 455.8659669749453,
            "z": 17.2721563816729
        },
        {
            "x": 238.81584147117547,
            "y": 446.3891940600611,
            "z": 17.0
        },
        {
            "x": 227.69321441186992,
            "y": 448.6697197674765,
            "z": 17.0
        },
        {
            "x": 231.9348336907458,
            "y": 430.7770708479938,
            "z": 17.0
        },
        {
            "x": 227.23069760301422,
            "y": 428.8744986654327,
            "z": 17.0
        },
        {
            "x": 238.24255872674752,
            "y": 449.7340321607464,
            "z": 17.0
        },
        {
            "x": 248.5730849846248,
            "y": 441.4768398345007,
            "z": 17.0
        },
        {
            "x": 239.6673522635911,
            "y": 450.2532056451001,
            "z": 17.0
        },
        {
            "x": 254.48922989573984,
            "y": 430.7147237370311,
            "z": 17.086074754410333
        },
        {
            "x": 251.4528731312284,
            "y": 432.204175922792,
            "z": 17.533157257848597
        },
        {
            "x": 253.9366315054445,
            "y": 436.7682572672494,
            "z": 17.964711788366515
        },
        {
            "x": 242.08199652892887,
            "y": 455.7148068553181,
            "z": 17.0
        },
        {
            "x": 236.6103691554165,
            "y": 432.72275037373197,
            "z": 17.0
        },
        {
            "x": 230.27133236739365,
            "y": 458.5751736388806,
            "z": 17.0
        },
        {
            "x": 227.26959908364643,
            "y": 438.0161558999091,
            "z": 17.0
        },
        {
            "x": 221.32069567865,
            "y": 430.67406380718256,
            "z": 17.0
        },
        {
            "x": 230.5060703133994,
            "y": 441.683226256994,
            "z": 17.0
        },
        {
            "x": 241.4188482739782,
            "y": 445.4380410739345,
            "z": 17.0
        },
        {
            "x": 238.58135648746884,
            "y": 421.8440831590852,
            "z": 17.0
        },
        {
            "x": 257.3783338179585,
            "y": 440.4371360347323,
            "z": 16.988539752407906
        },
        {
            "x": 240.82191500004564,
            "y": 449.3574671877143,
            "z": 17.0
        },
        {
            "x": 253.99703948537504,
            "y": 430.0003801221935,
            "z": 17.000053262121387
        },
        {
            "x": 254.71652150634102,
            "y": 452.1414968529713,
            "z": 17.101004159628005
        },
        {
            "x": 250.98029654304122,
            "y": 430.18582231536084,
            "z": 17.048460255673525
        }
    ],
    "sensors": [
        {
            "x": 208.6919331816431,
            "y": 464.2383939869632,
            "z": 6.3683983733216225
        },
        {
            "x": 270.8087579142807,
            "y": 468.39143477760405,
            "z": 6.08087579142807
        },
        {
            "x": 236.14198554193365,
            "y": 468.79972951472706,
            "z": 6.614198554193365
        },
        {
            "x": 238.79470859942512,
            "y": 466.8442541526588,
            "z": 6.879470859942513
        },
        {
            "x": 239.98142853887452,
            "y": 400.05772983370326,
            "z": 7.001846424838924
        },
        {
            "x": 209.2695515846974,
            "y": 452.0704834268738,
            "z": 6.000000000000002
        },
        {
            "x": 257.2747943829768,
            "y": 408.8927760026189,
            "z": 6.949625861401208
        },
        {
            "x": 273.15067555547995,
            "y": 450.0989877239273,
            "z": 6.6781524540799815
        },
        {
            "x": 236.3737746132486,
            "y": 480.46466082079337,
            "z": 7.839627947225688
        },
        {
            "x": 267.7029621456633,
            "y": 429.6463039544117,
            "z": 7.575962033691496
        },
        {
            "x": 212.50871924110805,
            "y": 418.54282694292607,
            "z": 6.749128075889196
        },
        {
            "x": 252.6611511863832,
            "y": 465.1572645650492,
            "z": 6.378483849347195
        },
        {
            "x": 198.75253037202413,
            "y": 458.11399287906977,
            "z": 6.165073346077957
        },
        {
            "x": 252.26732882285802,
            "y": 470.4333513262707,
            "z": 6.216907382761028
        },
        {
            "x": 208.96446196869562,
            "y": 448.92527723949985,
            "z": 6.0
        },
        {
            "x": 245.68507739265084,
            "y": 465.6642191302788,
            "z": 6.246492498019401
        },
        {
            "x": 257.3656601726393,
            "y": 462.5590652796338,
            "z": 6.067414475869554
        },
        {
            "x": 231.79671957092995,
            "y": 471.98982618447036,
            "z": 7.287840721218256
        },
        {
            "x": 211.56628247050708,
            "y": 446.59625431759633,
            "z": 6.000000000000002
        },
        {
            "x": 265.4642637031839,
            "y": 467.69379778593344,
            "z": 6.5250126507145225
        },
        {
            "x": 255.848005623096,
            "y": 420.69060037930285,
            "z": 6.536358484734661
        },
        {
            "x": 264.986340932448,
            "y": 465.3029737744825,
            "z": 6.499917233214958
        },
        {
            "x": 261.09394519677073,
            "y": 454.4320192779063,
            "z": 6.455628723446486
        },
        {
            "x": 241.87253136074253,
            "y": 470.62152994866955,
            "z": 6.94948534833829
        },
        {
            "x": 280.77892715845996,
            "y": 445.74869718056334,
            "z": 7.403679341042762
        },
        {
            "x": 274.93711865059976,
            "y": 443.8881383589375,
            "z": 7.314326130859799
        },
        {
            "x": 246.97807472762207,
            "y": 401.73152069920076,
            "z": 6.93149845329113
        },
        {
            "x": 206.9228858436622,
            "y": 428.5874967180001,
            "z": 6.0
        },
        {
            "x": 206.57133712718974,
            "y": 444.0622045406369,
            "z": 6.0
        },
        {
            "x": 206.27464745844628,
            "y": 461.0813651253482,
            "z": 6.067851849354187
        },
        {
            "x": 232.6359501736195,
            "y": 480.5407818612739,
            "z": 8.464436775899385
        },
        {
            "x": 263.39865942173736,
            "y": 433.10326343551134,
            "z": 7.752087308283269
        },
        {
            "x": 251.99572528526124,
            "y": 464.44513983673323,
            "z": 6.3558012039864185
        },
        {
            "x": 215.770171097113,
            "y": 402.90014457478225,
            "z": 7.12267115344965
        },
        {
            "x": 212.11332828988958,
            "y": 442.25366567283396,
            "z": 6.0
        },
        {
            "x": 233.37129767917781,
            "y": 484.91180417934453,
            "z": 8.50252041042354
        },
        {
            "x": 255.95331058326613,
            "y": 481.3248182595998,
            "z": 9.844173465673087
        },
        {
            "x": 229.64249802736572,
            "y": 484.3925874754995,
            "z": 7.071500394526858
        },
        {
            "x": 222.42944731971625,
            "y": 474.46441237750236,
            "z": 7.4858894639432485
        },
        {
            "x": 230.41204643985935,
            "y": 465.95236614198103,
            "z": 6.041204643985935
        },
        {
            "x": 211.25331417753802,
            "y": 461.7666527784711,
            "z": 6.279854985860465
        },
        {
            "x": 206.48477677514614,
            "y": 465.20635616359436,
            "z": 6.337620575328158
        },
        {
            "x": 217.37874571199592,
            "y": 469.660054413376,
            "z": 6.991089161733738
        },
        {
            "x": 213.3698463651013,
            "y": 425.33284327727654,
            "z": 6.000000000000002
        },
        {
            "x": 269.5265601501559,
            "y": 471.39204921154754,
            "z": 6.1392049211547555
        },
        {
            "x": 226.83402130370837,
            "y": 481.64179866335616,
            "z": 7.633195739258326
        },
        {
            "x": 213.92327217781263,
            "y": 452.69462544300353,
            "z": 6.105717490301618
        },
        {
            "x": 204.76652476260523,
            "y": 445.73212898874016,
            "z": 6.000000000000001
        },
        {
            "x": 212.8016885610163,
            "y": 456.1636862100105,
            "z": 6.172687291482805
        },
        {
            "x": 203.65086255999557,
            "y": 428.6113616735607,
            "z": 6.0
        },
        {
            "x": 278.8453651779832,
            "y": 452.91513548995493,
            "z": 6.0818043127256916
        },
        {
            "x": 247.320336483389,
            "y": 415.73536095967853,
            "z": 6.534125697264042
        },
        {
            "x": 245.44312245401707,
            "y": 465.60983792053617,
            "z": 6.23896189791504
        },
        {
            "x": 204.22524789754834,
            "y": 443.2592701990625,
            "z": 6.000000000000002
        },
        {
            "x": 244.10058747926556,
            "y": 401.20481279868545,
            "z": 7.021672474325577
        },
        {
            "x": 255.12211976967453,
            "y": 464.27099241826875,
            "z": 6.2083338948094315
        },
        {
            "x": 197.01128150487312,
            "y": 438.70203138157825,
            "z": 5.908995766317541
        },
        {
            "x": 229.27991190950434,
            "y": 472.0679660570021,
            "z": 8.855982381900867
        },
        {
            "x": 271.22559319331117,
            "y": 467.4969350931763,
            "z": 6.122559319331117
        },
        {
            "x": 213.12440240996335,
            "y": 422.6464674387351,
            "z": 6.000000000000002
        },
        {
            "x": 278.32223059176215,
            "y": 424.2863570529762,
            "z": 7.66444611835243
        },
        {
            "x": 224.6848732562105,
            "y": 470.75484285643404,
            "z": 7.936974651242098
        },
        {
            "x": 245.38601264024857,
            "y": 408.98510355428095,
            "z": 6.930632729082106
        },
        {
            "x": 263.7420802429813,
            "y": 446.3677158668445,
            "z": 6.807952709586732
        },
        {
            "x": 236.9703350537476,
            "y": 484.40588290058304,
            "z": 8.87449001085875
        },
        {
            "x": 279.0852385206539,
            "y": 457.95222548855696,
            "z": 6.018732252414551
        },
        {
            "x": 260.0423182271428,
            "y": 461.39848688422074,
            "z": 6.8571031185761
        },
        {
            "x": 264.64071975441516,
            "y": 448.2431354561669,
            "z": 7.171930981296512
        },
        {
            "x": 225.6125552137799,
            "y": 419.3453460218607,
            "z": 6.438744478622011
        },
        {
            "x": 274.66201345751665,
            "y": 468.1190287890673,
            "z": 6.466201345751665
        },
        {
            "x": 248.85512977966374,
            "y": 476.2175407670477,
            "z": 6.928817227320805
        },
        {
            "x": 277.48798486947845,
            "y": 425.0192511453527,
            "z": 7.497596973895693
        },
        {
            "x": 213.51832559683743,
            "y": 451.34136637493856,
            "z": 6.047193636516833
        },
        {
            "x": 219.16739420348,
            "y": 479.20187552298546,
            "z": 8.613977189568843
        },
        {
            "x": 199.68092257077876,
            "y": 434.50160369079845,
            "z": 5.467704510671641
        },
        {
            "x": 248.7927706684842,
            "y": 464.7648190403266,
            "z": 6.460317455864233
        },
        {
            "x": 237.0678214767102,
            "y": 473.162775883746,
            "z": 7.966485588998818
        },
        {
            "x": 263.15979511756643,
            "y": 425.3762841194774,
            "z": 7.094330611565546
        },
        {
            "x": 249.20031367339058,
            "y": 467.5541420775259,
            "z": 6.2250266008730915
        },
        {
            "x": 207.2941805840635,
            "y": 445.1969633757105,
            "z": 6.0
        },
        {
            "x": 277.96697303292984,
            "y": 449.78184599662904,
            "z": 6.423985664032853
        },
        {
            "x": 273.206451855217,
            "y": 445.8977007213444,
            "z": 7.490247880283611
        },
        {
            "x": 277.7505823922881,
            "y": 461.25166096314956,
            "z": 6.775058239228811
        },
        {
            "x": 274.271963149612,
            "y": 432.69711667198044,
            "z": 8.0
        },
        {
            "x": 232.4549906960607,
            "y": 413.331251813231,
            "z": 6.754500930393932
        },
        {
            "x": 230.0580320263461,
            "y": 470.539264195556,
            "z": 7.010980513389141
        },
        {
            "x": 211.975236132166,
            "y": 425.6154543911195,
            "z": 6.000000000000002
        },
        {
            "x": 257.9538776652262,
            "y": 471.1458455846727,
            "z": 6.7042486104853545
        },
        {
            "x": 270.6180980277284,
            "y": 463.76170863721967,
            "z": 6.061809802772842
        },
        {
            "x": 215.4232897068378,
            "y": 430.02139793551197,
            "z": 6.000000000000002
        },
        {
            "x": 267.5931429988014,
            "y": 469.64712993236327,
            "z": 6.741013448972565
        },
        {
            "x": 225.5737637844382,
            "y": 409.75522008443556,
            "z": 7.44262362155618
        },
        {
            "x": 233.8105564222327,
            "y": 466.7254529159976,
            "z": 6.381055642223272
        },
        {
            "x": 207.22707637853227,
            "y": 454.1050114327677,
            "z": 6.0
        },
        {
            "x": 273.9412762832767,
            "y": 451.9080173252205,
            "z": 6.490270873470008
        },
        {
            "x": 264.6816407118487,
            "y": 471.41256443197756,
            "z": 6.141256443197757
        },
        {
            "x": 209.85017218158004,
            "y": 457.5029292432334,
            "z": 6.000000000000002
        },
        {
            "x": 215.953747809795,
            "y": 419.7999355444606,
            "z": 6.404625219020501
        },
        {
            "x": 278.5701011807655,
            "y": 421.9009688289333,
            "z": 7.714020236153102
        },
        {
            "x": 273.22359598302,
            "y": 450.64941133286584,
            "z": 6.633633666050957
        },
        {
            "x": 244.2466536644834,
            "y": 477.28314614998,
            "z": 6.580975377869809
        },
        {
            "x": 214.08317854766835,
            "y": 445.20070435025616,
            "z": 6.0
        },
        {
            "x": 265.0400981168383,
            "y": 410.5839417807331,
            "z": 6.912642882547544
        },
        {
            "x": 253.0113914524142,
            "y": 468.71189567050067,
            "z": 6.608840285485368
        },
        {
            "x": 259.9850571012172,
            "y": 405.56924472182925,
            "z": 6.5582486387359875
        },
        {
            "x": 247.76710970630427,
            "y": 464.95984571467017,
            "z": 6.391474312708565
        },
        {
            "x": 218.43497191976894,
            "y": 425.63225434552305,
            "z": 6.000000000000001
        },
        {
            "x": 268.63380008313663,
            "y": 419.14949510781753,
            "z": 5.960050094661826
        },
        {
            "x": 241.50827854722445,
            "y": 468.7955573007461,
            "z": 6.0181663508464585
        },
        {
            "x": 263.79453220951143,
            "y": 417.46258158426866,
            "z": 5.790653745022412
        },
        {
            "x": 268.39286099156527,
            "y": 429.0523917760773,
            "z": 7.773333020705326
        },
        {
            "x": 236.8348595951744,
            "y": 475.08238611142986,
            "z": 7.6722240094331315
        },
        {
            "x": 258.5852944951024,
            "y": 406.38646626653144,
            "z": 6.740888347950568
        },
        {
            "x": 279.85728240946366,
            "y": 449.1982980791519,
            "z": 6.107569540527356
        },
        {
            "x": 222.44953423761257,
            "y": 478.7852277728193,
            "z": 7.489906847522514
        },
        {
            "x": 219.44846217888977,
            "y": 407.0253513241456,
            "z": 7.0387474696185315
        },
        {
            "x": 262.63338367044724,
            "y": 473.7927947911695,
            "z": 6.379279479116952
        },
        {
            "x": 234.55506271639712,
            "y": 404.5871783308288,
            "z": 7.294724745159639
        },
        {
            "x": 219.51508387926611,
            "y": 472.68949815232895,
            "z": 6.816215627449626
        },
        {
            "x": 216.2625736210149,
            "y": 467.2333028648977,
            "z": 6.896596731446063
        },
        {
            "x": 213.42786014315737,
            "y": 414.473196678412,
            "z": 6.657213985684265
        },
        {
            "x": 272.774737176284,
            "y": 452.3450805255723,
            "z": 6.553088050971218
        },
        {
            "x": 270.33773751231297,
            "y": 438.2559615490641,
            "z": 8.000000000000002
        },
        {
            "x": 221.07954996242108,
            "y": 476.01954019902485,
            "z": 7.215909992484219
        },
        {
            "x": 244.78191629215723,
            "y": 412.29237264018917,
            "z": 6.511809788281682
        },
        {
            "x": 225.83869351023003,
            "y": 470.37537801194946,
            "z": 8.167738702046007
        },
        {
            "x": 250.48824259013026,
            "y": 480.06749739844474,
            "z": 7.237371555220655
        },
        {
            "x": 248.98251260641,
            "y": 413.2493672567095,
            "z": 6.360561660613029
        },
        {
            "x": 241.96198523474044,
            "y": 399.15000161763317,
            "z": 8.119969148200658
        },
        {
            "x": 238.72953299881857,
            "y": 403.8783989371501,
            "z": 7.07777292144748
        },
        {
            "x": 203.87857429679082,
            "y": 463.4775817632361,
            "z": 6.134880592418763
        },
        {
            "x": 269.1965859999741,
            "y": 470.0753918480689,
            "z": 6.007539184806888
        },
        {
            "x": 213.14521274243117,
            "y": 452.5277837590232,
            "z": 6.0795041768899045
        },
        {
            "x": 267.9551712729365,
            "y": 419.2031167937384,
            "z": 5.891500344642596
        },
        {
            "x": 276.72254467053165,
            "y": 446.4984991045608,
            "z": 6.890881027728637
        },
        {
            "x": 263.78955744934484,
            "y": 433.30048391963516,
            "z": 7.654423565262398
        },
        {
            "x": 217.31352576181536,
            "y": 420.9157843500577,
            "z": 6.0
        },
        {
            "x": 279.47246061178106,
            "y": 458.5293109498273,
            "z": 6.0077584640178845
        },
        {
            "x": 237.0280175736509,
            "y": 480.2064663809249,
            "z": 7.654676663830417
        },
        {
            "x": 250.53182084605504,
            "y": 404.2523411113731,
            "z": 7.513631392602987
        },
        {
            "x": 230.29763872309104,
            "y": 409.30555381996334,
            "z": 7.067377677260852
        },
        {
            "x": 203.46733623631093,
            "y": 457.1034054221958,
            "z": 6.0
        },
        {
            "x": 213.60492137824758,
            "y": 435.5706679897529,
            "z": 6.000000000000002
        },
        {
            "x": 266.92927162770366,
            "y": 418.3447182034849,
            "z": 5.909284550188925
        },
        {
            "x": 212.76295471314285,
            "y": 415.54599585602625,
            "z": 6.723704528685715
        },
        {
            "x": 267.50693448867275,
            "y": 463.59199239618084,
            "z": 6.429404343553447
        },
        {
            "x": 269.9692356753066,
            "y": 451.1905904909891,
            "z": 6.878597072680583
        },
        {
            "x": 195.25097229654102,
            "y": 444.4025977900589,
            "z": 5.734177818375874
        },
        {
            "x": 198.70888068239248,
            "y": 432.09946550393846,
            "z": 5.311951877466744
        },
        {
            "x": 201.16714562249422,
            "y": 450.56593112709834,
            "z": 6.000000000000001
        },
        {
            "x": 253.48544366945072,
            "y": 398.39460808738266,
            "z": 7.160539191261735
        },
        {
            "x": 205.3145485600773,
            "y": 425.7335891722945,
            "z": 6.0
        },
        {
            "x": 247.32060911574467,
            "y": 471.6240104485355,
            "z": 6.956486412082587
        },
        {
            "x": 281.27565053846075,
            "y": 431.5463344469783,
            "z": 7.8453665553021725
        },
        {
            "x": 279.84096371144506,
            "y": 425.2351459250455,
            "z": 7.968192742289013
        },
        {
            "x": 273.9088046428591,
            "y": 449.67020895489406,
            "z": 7.231129959111019
        },
        {
            "x": 271.71352834480103,
            "y": 430.9444245279476,
            "z": 8.0
        },
        {
            "x": 227.39512232026817,
            "y": 401.34740415517774,
            "z": 7.260487767973183
        },
        {
            "x": 248.55361855026302,
            "y": 478.83837216045333,
            "z": 6.872163424612486
        },
        {
            "x": 239.50752583899197,
            "y": 415.3001076890751,
            "z": 6.049247416100803
        },
        {
            "x": 204.86729215098381,
            "y": 441.1100475229143,
            "z": 6.000000000000001
        },
        {
            "x": 202.67732403615042,
            "y": 442.42419109930006,
            "z": 6.000000000000001
        },
        {
            "x": 216.19988052506716,
            "y": 417.41789872558,
            "z": 6.380011947493285
        },
        {
            "x": 220.0183336868676,
            "y": 480.59884707309817,
            "z": 8.996333262626479
        },
        {
            "x": 250.2499447374901,
            "y": 464.80980511533573,
            "z": 6.468958656764262
        },
        {
            "x": 269.30474353923694,
            "y": 422.4549321838333,
            "z": 8.615455489464058
        },
        {
            "x": 263.45879542852583,
            "y": 466.8556651481525,
            "z": 6.442800807810841
        },
        {
            "x": 233.25806391281242,
            "y": 399.2406446198576,
            "z": 9.047321109766695
        },
        {
            "x": 200.831617973348,
            "y": 442.2089451930392,
            "z": 6.0
        },
        {
            "x": 267.2547854188633,
            "y": 410.7326961716934,
            "z": 6.906616300689901
        },
        {
            "x": 199.61712106894504,
            "y": 434.6436896581434,
            "z": 5.484877149595226
        },
        {
            "x": 197.45743193832055,
            "y": 446.6254314983845,
            "z": 5.91419929905843
        },
        {
            "x": 277.29600162917814,
            "y": 426.94351656203986,
            "z": 7.459200325835628
        },
        {
            "x": 268.5007047134011,
            "y": 415.873516679602,
            "z": 6.324586973304927
        },
        {
            "x": 261.33754094446607,
            "y": 403.0925998296621,
            "z": 6.649375228063571
        },
        {
            "x": 280.35234784171166,
            "y": 426.1185900729511,
            "z": 6.63921113550699
        },
        {
            "x": 264.0368636837849,
            "y": 414.8553891737169,
            "z": 6.22492760751682
        },
        {
            "x": 220.94357734213196,
            "y": 404.87904014494586,
            "z": 7.905642265786804
        },
        {
            "x": 223.26328604790143,
            "y": 469.8612305820368,
            "z": 6.335677103531318
        },
        {
            "x": 223.86225191347523,
            "y": 465.24134827151045,
            "z": 6.67829924675727
        },
        {
            "x": 237.4687803171343,
            "y": 409.46205965799425,
            "z": 7.013616451818926
        },
        {
            "x": 253.36838370237467,
            "y": 417.4926970373046,
            "z": 6.83372528809505
        },
        {
            "x": 265.99218571865623,
            "y": 471.9496695547407,
            "z": 6.1949669554740705
        },
        {
            "x": 225.43628639379642,
            "y": 467.27433175712997,
            "z": 6.668020331839472
        },
        {
            "x": 252.19473771965997,
            "y": 465.7771832069531,
            "z": 6.450924301718451
        },
        {
            "x": 269.64306225403044,
            "y": 414.66663418826715,
            "z": 6.51667960228904
        },
        {
            "x": 226.6163471036267,
            "y": 474.41562570172925,
            "z": 8.323269420725342
        },
        {
            "x": 269.30082909062503,
            "y": 434.0097344222944,
            "z": 6.370449103942802
        },
        {
            "x": 278.80684538373293,
            "y": 427.8728903048984,
            "z": 7.761369076746588
        },
        {
            "x": 224.0306170385913,
            "y": 413.0117379569916,
            "z": 6.596938296140872
        },
        {
            "x": 205.5460663453129,
            "y": 445.9185691996844,
            "z": 6.0
        },
        {
            "x": 255.0429463489742,
            "y": 482.95909503917716,
            "z": 9.225563670569384
        },
        {
            "x": 211.9983029476805,
            "y": 446.4677313990228,
            "z": 6.0
        },
        {
            "x": 196.19260075702016,
            "y": 441.53020472144846,
            "z": 5.677521078682487
        },
        {
            "x": 253.45104602267148,
            "y": 415.95153439845853,
            "z": 6.734867850967073
        },
        {
            "x": 253.31327508949687,
            "y": 411.4768837207605,
            "z": 6.4300826606049455
        },
        {
            "x": 227.9584733566623,
            "y": 479.1783666940374,
            "z": 8.59169467133246
        },
        {
            "x": 268.086629028723,
            "y": 446.06123864994737,
            "z": 6.646734729522867
        },
        {
            "x": 254.61680462131574,
            "y": 473.2535424435944,
            "z": 6.311470764239239
        },
        {
            "x": 270.1912869626874,
            "y": 415.11684831144987,
            "z": 6.022922631118127
        },
        {
            "x": 296.1743956376166,
            "y": 415.9988609898887,
            "z": 6.7826743372494676
        },
        {
            "x": 315.3294154400124,
            "y": 400.2193869625348,
            "z": 6.989753346401223
        },
        {
            "x": 298.46935973126807,
            "y": 461.2987456833972,
            "z": 7.616235261091569
        },
        {
            "x": 178.56213555492167,
            "y": 447.9110637318465,
            "z": 5.677356000556946
        },
        {
            "x": 288.858478090053,
            "y": 451.6834802365988,
            "z": 6.485826775229245
        },
        {
            "x": 192.4477841121523,
            "y": 403.507776531623,
            "z": 6.8410843854156465
        },
        {
            "x": 300.9451351713617,
            "y": 422.7588502233017,
            "z": 6.662572487575833
        },
        {
            "x": 271.69202736648447,
            "y": 492.6016887431178,
            "z": 11.883152563317784
        },
        {
            "x": 269.886438856322,
            "y": 388.87683713455084,
            "z": 7.949443016685029
        },
        {
            "x": 285.8692750671196,
            "y": 418.82091849056053,
            "z": 7.295164342344094
        },
        {
            "x": 291.63912452861496,
            "y": 399.0708273980049,
            "z": 6.8513178431709765
        },
        {
            "x": 305.4272121730643,
            "y": 410.72422302234065,
            "z": 6.535889022750784
        },
        {
            "x": 297.25228012489924,
            "y": 439.87384864229483,
            "z": 7.271305701581703
        },
        {
            "x": 298.46266617631557,
            "y": 376.56266143011953,
            "z": 8.502532760643511
        },
        {
            "x": 187.81336736933326,
            "y": 436.6538002349421,
            "z": 5.218663263066674
        },
        {
            "x": 274.0352062321257,
            "y": 411.5981902423416,
            "z": 5.594178127160506
        },
        {
            "x": 297.3978710681063,
            "y": 481.6738361849407,
            "z": 10.355745970768048
        },
        {
            "x": 170.5019185352112,
            "y": 419.77841565603126,
            "z": 5.977841565603127
        },
        {
            "x": 314.9946252470497,
            "y": 416.94840907945445,
            "z": 7.152415530554245
        },
        {
            "x": 298.53948136418376,
            "y": 459.17722855391276,
            "z": 7.668155014464411
        },
        {
            "x": 167.56835848304075,
            "y": 452.8356788885768,
            "z": 6.473267959446396
        },
        {
            "x": 171.09157573304702,
            "y": 425.113940443589,
            "z": 5.5113940443589
        },
        {
            "x": 302.5678285578577,
            "y": 433.65542584470995,
            "z": 7.283809490991462
        },
        {
            "x": 278.1585122342153,
            "y": 507.21592216252355,
            "z": 10.52882790315468
        },
        {
            "x": 200.24879697739385,
            "y": 476.8771934190018,
            "z": 6.670609092544175
        },
        {
            "x": 305.3178691275398,
            "y": 499.0565858872973,
            "z": 10.050169527844272
        },
        {
            "x": 196.52338472824044,
            "y": 486.4631207090751,
            "z": 6.230724243520495
        },
        {
            "x": 315.333300839849,
            "y": 455.42361266747525,
            "z": 7.280226397181993
        },
        {
            "x": 296.66227509250444,
            "y": 457.0243478275504,
            "z": 7.494885912436862
        },
        {
            "x": 160.68634548600335,
            "y": 475.7645783585222,
            "z": 6.818014703046066
        },
        {
            "x": 324.43374908061185,
            "y": 429.98789524642814,
            "z": 9.327304165625762
        },
        {
            "x": 171.3549528728633,
            "y": 397.5004173984508,
            "z": 6.398456358673113
        },
        {
            "x": 288.9338516552595,
            "y": 494.1338813976616,
            "z": 14.049470328249306
        },
        {
            "x": 252.79712490209323,
            "y": 371.0616017328201,
            "z": 6.5594249804186475
        },
        {
            "x": 334.0141792285714,
            "y": 444.54523209545823,
            "z": 10.942334422376724
        },
        {
            "x": 287.91139933407294,
            "y": 418.7325027657007,
            "z": 7.0821103431627765
        },
        {
            "x": 171.01812504001907,
            "y": 433.0285477340005,
            "z": 5.27202037057126
        },
        {
            "x": 167.20142975001795,
            "y": 497.5008029595857,
            "z": 6.8200220808200385
        },
        {
            "x": 335.0505187515911,
            "y": 411.5883056670813,
            "z": 7.643821232761809
        },
        {
            "x": 324.3625738667223,
            "y": 443.3936742898429,
            "z": 7.877947995661369
        },
        {
            "x": 288.5762366707538,
            "y": 485.1014983053929,
            "z": 10.575761192530127
        },
        {
            "x": 175.69579142976403,
            "y": 377.9590338079831,
            "z": 7.161385904573018
        },
        {
            "x": 205.81968568713546,
            "y": 493.6192184168702,
            "z": 6.742682865041565
        },
        {
            "x": 288.5492584733882,
            "y": 431.2946125577004,
            "z": 7.870538744229959
        },
        {
            "x": 199.28395709263515,
            "y": 465.55536114498295,
            "z": 6.031825521279332
        },
        {
            "x": 235.45774243272808,
            "y": 385.7338435099023,
            "z": 8.4435429138153
        },
        {
            "x": 200.65159504764932,
            "y": 411.9820675806965,
            "z": 6.934840495235068
        },
        {
            "x": 201.78684485914073,
            "y": 513.2426038958614,
            "z": 11.47307198636427
        },
        {
            "x": 348.05304285208695,
            "y": 433.3573065238327,
            "z": 12.454877863245946
        },
        {
            "x": 202.78321839375928,
            "y": 509.67143445068274,
            "z": 6.129725987492533
        },
        {
            "x": 305.8903298887118,
            "y": 471.3530793535049,
            "z": 9.435060750933307
        },
        {
            "x": 213.05867541063975,
            "y": 489.7865476127994,
            "z": 8.337286833073321
        },
        {
            "x": 235.80506457657646,
            "y": 367.7334897016467,
            "z": 7.131572386454165
        },
        {
            "x": 146.00703725806227,
            "y": 498.16782080592236,
            "z": 8.252979809023664
        },
        {
            "x": 289.87223546237,
            "y": 402.94682000545885,
            "z": 7.308939935207597
        },
        {
            "x": 299.259428661299,
            "y": 431.07778816119753,
            "z": 7.0079817902137425
        },
        {
            "x": 326.8297061819119,
            "y": 410.02383948048566,
            "z": 7.000872384896365
        },
        {
            "x": 366.68087557634874,
            "y": 428.7310864499042,
            "z": 13.922411163994871
        },
        {
            "x": 316.8727528491463,
            "y": 474.2975056782742,
            "z": 8.962167773141397
        },
        {
            "x": 165.00256298472146,
            "y": 401.3314887186783,
            "z": 5.433203391446366
        },
        {
            "x": 296.6736004374744,
            "y": 504.1489557819141,
            "z": 13.844483581091936
        },
        {
            "x": 312.5288396904109,
            "y": 443.71156287264915,
            "z": 5.966502087437691
        },
        {
            "x": 304.9443748578723,
            "y": 527.2484695511894,
            "z": 11.33726076257561
        },
        {
            "x": 186.11110998463494,
            "y": 366.75039107790616,
            "z": 7.286150106254112
        },
        {
            "x": 190.05218262338656,
            "y": 478.1764106540587,
            "z": 6.000000000000002
        },
        {
            "x": 227.46946076046277,
            "y": 388.6323027656155,
            "z": 8.956515663667366
        },
        {
            "x": 308.7288827676166,
            "y": 481.2619754507895,
            "z": 9.888929464185093
        },
        {
            "x": 330.8988083152038,
            "y": 407.04210910287964,
            "z": 5.9447627831805265
        },
        {
            "x": 189.8209691463067,
            "y": 533.0330836396419,
            "z": 8.599573953625608
        },
        {
            "x": 259.06394569653355,
            "y": 351.71472191667976,
            "z": 6.906082510385106
        },
        {
            "x": 337.1470066452226,
            "y": 452.8162181093634,
            "z": 10.155134567190988
        },
        {
            "x": 193.15003331859975,
            "y": 464.6160910763423,
            "z": 6.36879596742749
        },
        {
            "x": 313.5297150317342,
            "y": 532.310879645431,
            "z": 12.92114364048166
        },
        {
            "x": 296.2989060464961,
            "y": 548.7116191811182,
            "z": 10.307465393884957
        },
        {
            "x": 169.71333277355956,
            "y": 445.125597039548,
            "z": 5.487440296045202
        },
        {
            "x": 168.45936442353292,
            "y": 527.7022492024385,
            "z": 7.194375113510366
        },
        {
            "x": 200.49029416054913,
            "y": 357.0438882601037,
            "z": 11.005548486334858
        },
        {
            "x": 296.74558736818847,
            "y": 364.77166441526526,
            "z": 7.321876792048478
        },
        {
            "x": 280.5297558512177,
            "y": 346.9365786599058,
            "z": 6.669949476872577
        },
        {
            "x": 317.08821441852336,
            "y": 475.95662758480853,
            "z": 8.690940148047346
        },
        {
            "x": 257.9379313760902,
            "y": 500.0063936481427,
            "z": 7.794300661011018
        },
        {
            "x": 286.47534860410076,
            "y": 404.24679555724697,
            "z": 7.68055561823607
        },
        {
            "x": 310.7970197507159,
            "y": 381.21670750303645,
            "z": 8.933174602837541
        },
        {
            "x": 263.08542707281686,
            "y": 487.4858003305457,
            "z": 8.06032465944733
        },
        {
            "x": 312.2295927584197,
            "y": 488.9029671778186,
            "z": 8.219406564436282
        },
        {
            "x": 318.9908927094408,
            "y": 539.5810554053459,
            "z": 9.07934991014991
        },
        {
            "x": 302.866027124905,
            "y": 560.3168886639731,
            "z": 11.318182745553534
        },
        {
            "x": 368.7873436808366,
            "y": 423.21922908144614,
            "z": 15.666283302554309
        },
        {
            "x": 371.7456908414565,
            "y": 440.90418587943753,
            "z": 7.863267587770375
        },
        {
            "x": 342.5802966789365,
            "y": 461.3377809841659,
            "z": 8.0
        },
        {
            "x": 260.6738569427363,
            "y": 353.0621115534977,
            "z": 5.714423095947806
        },
        {
            "x": 384.0490111413528,
            "y": 435.6382923896614,
            "z": 11.84381338594917
        },
        {
            "x": 242.7317725697099,
            "y": 341.0271735678526,
            "z": 7.2731772569709925
        },
        {
            "x": 145.60601319782756,
            "y": 465.30486458649915,
            "z": 6.79369636958665
        },
        {
            "x": 329.852838144727,
            "y": 472.06722113020913,
            "z": 8.413444226041827
        },
        {
            "x": 207.5059318772229,
            "y": 503.4273353688023,
            "z": 10.767911034391712
        },
        {
            "x": 359.45455995638736,
            "y": 412.6956975871714,
            "z": 12.647598797661418
        },
        {
            "x": 279.75247812381144,
            "y": 384.1895051206883,
            "z": 9.353514953530908
        },
        {
            "x": 375.59369698856113,
            "y": 431.8953660128215,
            "z": 10.60527716092391
        },
        {
            "x": 227.91671103475488,
            "y": 387.9347786400282,
            "z": 9.054811842808837
        },
        {
            "x": 380.1593526980017,
            "y": 443.355460141388,
            "z": 11.336837040289524
        },
        {
            "x": 256.12138561939423,
            "y": 512.247084621544,
            "z": 8.699294309215011
        },
        {
            "x": 317.66796371801024,
            "y": 425.55153290145495,
            "z": 7.10373986673045
        },
        {
            "x": 194.0834571175514,
            "y": 415.51050621913015,
            "z": 6.326031463494832
        },
        {
            "x": 216.29040142549042,
            "y": 499.7412926971156,
            "z": 6.974129269711565
        },
        {
            "x": 295.66126258656936,
            "y": 439.45562523797537,
            "z": 7.410254749873827
        },
        {
            "x": 298.7357565340816,
            "y": 341.8992872911066,
            "z": 7.795174537769984
        },
        {
            "x": 386.53468089604354,
            "y": 416.170502134247,
            "z": 9.001963723582058
        },
        {
            "x": 157.58828762742667,
            "y": 548.2316061208664,
            "z": 8.464326746034796
        },
        {
            "x": 251.78054405230932,
            "y": 518.2118011695959,
            "z": 8.853019784877816
        },
        {
            "x": 159.66109452881057,
            "y": 374.9008291317433,
            "z": 7.561089003002433
        },
        {
            "x": 357.07090240843513,
            "y": 392.88272662826625,
            "z": 7.77574301591007
        },
        {
            "x": 280.86183540971797,
            "y": 326.39076916426967,
            "z": 6.3609230835730335
        },
        {
            "x": 351.2014339633414,
            "y": 450.27184273230864,
            "z": 7.952163475363935
        },
        {
            "x": 286.96499223173277,
            "y": 520.1154218228833,
            "z": 10.888450964319498
        },
        {
            "x": 212.3554069142923,
            "y": 392.01654065175944,
            "z": 5.981048102504181
        },
        {
            "x": 190.1866122908155,
            "y": 557.2783884254363,
            "z": 12.557700008467224
        },
        {
            "x": 265.8269379900298,
            "y": 383.99708460024226,
            "z": 8.651018755816636
        },
        {
            "x": 372.9241419208739,
            "y": 427.0574836285952,
            "z": 13.672056731093603
        },
        {
            "x": 155.66421314181622,
            "y": 432.3181201342274,
            "z": 6.969205482850748
        },
        {
            "x": 277.6411547415793,
            "y": 525.8470491106344,
            "z": 10.805615262664542
        },
        {
            "x": 273.1536938155814,
            "y": 504.75990261698337,
            "z": 13.829925680015657
        },
        {
            "x": 293.7228155334561,
            "y": 556.5030152066546,
            "z": 10.757904739743651
        },
        {
            "x": 246.96734129990793,
            "y": 371.48426973956316,
            "z": 7.058401303176925
        },
        {
            "x": 309.565855717876,
            "y": 363.7537788607181,
            "z": 7.956585571787601
        },
        {
            "x": 370.319123733591,
            "y": 401.1146132455314,
            "z": 6.840902097611923
        },
        {
            "x": 315.02386013199805,
            "y": 463.7076967161187,
            "z": 8.316116516063317
        },
        {
            "x": 338.6028925220737,
            "y": 478.46528998165076,
            "z": 11.948240997686295
        },
        {
            "x": 369.5317861384551,
            "y": 418.2518757213332,
            "z": 12.804529495192298
        },
        {
            "x": 246.65241186460318,
            "y": 340.72377752042246,
            "z": 7.665241186460321
        },
        {
            "x": 223.4828286433683,
            "y": 509.1361008220531,
            "z": 7.0
        },
        {
            "x": 382.23290212427185,
            "y": 466.17971828667334,
            "z": 9.137987060897146
        },
        {
            "x": 188.03476576902,
            "y": 463.4951849297456,
            "z": 6.591335225278269
        },
        {
            "x": 293.8789544902771,
            "y": 360.3207852060988,
            "z": 7.012443112156115
        },
        {
            "x": 196.54303152954253,
            "y": 537.2197331000438,
            "z": 15.149926120156682
        },
        {
            "x": 211.1497991252167,
            "y": 493.54501123379873,
            "z": 6.354501123379873
        },
        {
            "x": 363.0833202019211,
            "y": 433.850052591223,
            "z": 13.805369530618108
        },
        {
            "x": 373.5351414063481,
            "y": 423.0375572114567,
            "z": 13.424115869307562
        },
        {
            "x": 289.26191110176995,
            "y": 465.79312309939064,
            "z": 7.054466305549203
        },
        {
            "x": 280.05142572309484,
            "y": 324.73789322215947,
            "z": 6.526210677784054
        },
        {
            "x": 401.3671433416939,
            "y": 467.17368166168507,
            "z": 10.434736332337014
        },
        {
            "x": 368.17558925404046,
            "y": 431.615473769015,
            "z": 10.924519891328607
        },
        {
            "x": 167.8516978974087,
            "y": 540.740099928541,
            "z": 7.355650427664159
        },
        {
            "x": 316.878691849043,
            "y": 428.4085588148068,
            "z": 7.049673783431125
        },
        {
            "x": 238.12543791183094,
            "y": 518.4365442594524,
            "z": 8.371012331411883
        },
        {
            "x": 193.03434309794295,
            "y": 385.39083243669387,
            "z": 6.303434309794295
        },
        {
            "x": 238.63444032215483,
            "y": 336.30525394253175,
            "z": 6.964351956934605
        },
        {
            "x": 164.76187277180549,
            "y": 461.36670875806186,
            "z": 7.274435469154335
        },
        {
            "x": 219.48476923246227,
            "y": 330.0703053399081,
            "z": 10.89101001672893
        },
        {
            "x": 188.49469390993283,
            "y": 562.9288383352701,
            "z": 9.351877687597343
        },
        {
            "x": 339.20161677153067,
            "y": 536.5293102520842,
            "z": 8.267230651944647
        },
        {
            "x": 414.0564037169207,
            "y": 460.18571515540793,
            "z": 11.07831461602294
        },
        {
            "x": 190.4225550089629,
            "y": 369.8051508485935,
            "z": 8.878989202473688
        },
        {
            "x": 274.2341767144942,
            "y": 482.91387906438473,
            "z": 8.693670685797679
        },
        {
            "x": 141.16464697888347,
            "y": 374.6619995627463,
            "z": 10.834670691674045
        },
        {
            "x": 312.55706097401526,
            "y": 438.37445070877914,
            "z": 6.916867426921621
        },
        {
            "x": 355.5794239009698,
            "y": 551.9031397700177,
            "z": 11.461458699896486
        },
        {
            "x": 360.22526361775977,
            "y": 567.1172690248789,
            "z": 8.935443507385735
        },
        {
            "x": 330.9696742238508,
            "y": 513.2694763717947,
            "z": 8.542524057314745
        },
        {
            "x": 278.33567828713876,
            "y": 507.52941148878466,
            "z": 10.3673970997013
        },
        {
            "x": 157.4023807976301,
            "y": 484.6553207956697,
            "z": 7.930101427549307
        },
        {
            "x": 147.05705422254147,
            "y": 407.85059140827025,
            "z": 7.303369859564668
        },
        {
            "x": 406.9159664443699,
            "y": 402.5155040528508,
            "z": 6.077578989083156
        },
        {
            "x": 265.8127097049718,
            "y": 545.1423137663162,
            "z": 9.0
        },
        {
            "x": 399.44158832571446,
            "y": 437.3474896804445,
            "z": 12.213673528341362
        },
        {
            "x": 324.50438784421374,
            "y": 391.4711482292961,
            "z": 5.759250809188644
        },
        {
            "x": 301.1609332889808,
            "y": 477.81987235732356,
            "z": 9.283486438073519
        },
        {
            "x": 155.44777780663384,
            "y": 543.5166608789973,
            "z": 10.677965809350269
        },
        {
            "x": 294.7306890454539,
            "y": 510.71133948842686,
            "z": 13.05402371428804
        },
        {
            "x": 330.8618422177303,
            "y": 448.6555806149644,
            "z": 13.026234332252669
        },
        {
            "x": 371.94843436836715,
            "y": 428.41231597931034,
            "z": 14.057764354116166
        },
        {
            "x": 268.5192003224637,
            "y": 333.1992261487146,
            "z": 6.793882773768716
        },
        {
            "x": 273.25199574361716,
            "y": 510.6924285171799,
            "z": 11.859630765555451
        },
        {
            "x": 251.03727797308088,
            "y": 507.385482161915,
            "z": 7.180335776979449
        },
        {
            "x": 166.74472155346768,
            "y": 460.511894291427,
            "z": 7.588756881599224
        },
        {
            "x": 433.9694494457805,
            "y": 453.04920130771865,
            "z": 7.94393808416986
        },
        {
            "x": 268.9940177062815,
            "y": 351.8568721182447,
            "z": 5.981320195273463
        },
        {
            "x": 284.03060817867777,
            "y": 338.7195834875728,
            "z": 6.179650223913756
        },
        {
            "x": 223.12104997092075,
            "y": 392.16025677103124,
            "z": 8.29720596755808
        },
        {
            "x": 261.83487263343864,
            "y": 526.781394401062,
            "z": 11.952034713721737
        },
        {
            "x": 304.5785059993247,
            "y": 435.8075426055401,
            "z": 6.695496452905527
        },
        {
            "x": 332.5629565631702,
            "y": 414.06594974929146,
            "z": 8.337149135370435
        },
        {
            "x": 180.15962243764142,
            "y": 585.3334291624351,
            "z": 10.083712531764935
        },
        {
            "x": 209.2762828751945,
            "y": 551.8557971014774,
            "z": 8.937246519626365
        },
        {
            "x": 353.24573094406014,
            "y": 521.6229426387936,
            "z": 7.8903820875523145
        },
        {
            "x": 215.6067582380379,
            "y": 331.93991893875767,
            "z": 10.183035740628958
        },
        {
            "x": 297.4983743134487,
            "y": 556.040104478488,
            "z": 10.547090357279588
        },
        {
            "x": 168.015013000286,
            "y": 563.2353176485757,
            "z": 12.530183263328727
        },
        {
            "x": 325.18769346051687,
            "y": 421.0420416641567,
            "z": 7.266377948217633
        },
        {
            "x": 357.7367653385526,
            "y": 403.892195291551,
            "z": 7.180941550314156
        },
        {
            "x": 272.7909190862879,
            "y": 333.07084448283234,
            "z": 7.2790919086287875
        },
        {
            "x": 450.3456046541755,
            "y": 443.67449039196674,
            "z": 7.354749829384806
        },
        {
            "x": 248.60005165733395,
            "y": 546.9415117356668,
            "z": 9.0
        },
        {
            "x": 294.9738316529977,
            "y": 375.57159562094773,
            "z": 8.054542727394544
        },
        {
            "x": 374.37017047500933,
            "y": 438.71835412212596,
            "z": 10.667426167116155
        },
        {
            "x": 317.3903445981157,
            "y": 375.29107624855556,
            "z": 8.99198437039063
        },
        {
            "x": 376.3954781650426,
            "y": 461.9863810681248,
            "z": 9.5125092490178
        },
        {
            "x": 393.4891783178366,
            "y": 468.74675127293136,
            "z": 9.043728082853445
        },
        {
            "x": 331.2196577444165,
            "y": 553.9089726023808,
            "z": 8.952323912927943
        },
        {
            "x": 211.4132606429194,
            "y": 547.4946696637692,
            "z": 10.422521248535535
        }
    ],
    "center": {
        "x": 238.77166346086238,
        "y": 440.83881560411794,
        "z": 7.000000000000001
    },
    "radius": 25
}