{
    "W": 1000,
    "H": 1000,
    "depth": 1.0,
    "height": 10.0,
    "num_of_relays": 200,
    "num_of_sensors": 200,
    "relays": [
        {
            "x": 414.67326119239044,
            "y": 543.1509539159687,
            "z": 10.0
        },
        {
            "x": 370.17484437280143,
            "y": 506.20284078839603,
            "z": 10.0
        },
        {
            "x": 404.43516576715854,
            "y": 507.4956526441042,
            "z": 10.0
        },
        {
            "x": 382.65967507856027,
            "y": 550.0303603842955,
            "z": 10.0
        },
        {
            "x": 384.949793086903,
            "y": 504.8396250396564,
            "z": 10.0
        },
        {
            "x": 362.27779206595744,
            "y": 495.38433181384534,
            "z": 10.0
        },
        {
            "x": 402.34152134621803,
            "y": 508.3281187336609,
            "z": 10.0
        },
        {
            "x": 355.0228935930281,
            "y": 519.3292898535727,
            "z": 10.0
        },
        {
            "x": 357.47198616123376,
            "y": 496.25765838563564,
            "z": 10.0
        },
        {
            "x": 353.19182254353086,
            "y": 503.02740193130757,
            "z": 10.0
        },
        {
            "x": 372.2858438218814,
            "y": 501.6660728678367,
            "z": 10.0
        },
        {
            "x": 365.96772685080725,
            "y": 532.2570035883796,
            "z": 10.0
        },
        {
            "x": 392.4214885434306,
            "y": 494.2275770413894,
            "z": 10.0
        },
        {
            "x": 383.1186643204364,
            "y": 547.0238773331956,
            "z": 10.0
        },
        {
            "x": 389.44158159887434,
            "y": 493.68505161764676,
            "z": 10.0
        },
        {
            "x": 365.7788166519973,
            "y": 516.1113186790491,
            "z": 10.0
        },
        {
            "x": 352.1876308562942,
            "y": 517.9918052418197,
            "z": 10.0
        },
        {
            "x": 366.453407919708,
            "y": 521.7408915953938,
            "z": 10.0
        },
        {
            "x": 383.6094299927114,
            "y": 493.0423832717464,
            "z": 10.0
        },
        {
            "x": 415.99254689443524,
            "y": 543.1817599973588,
            "z": 10.0
        },
        {
            "x": 385.33689690642,
            "y": 540.3927901118782,
            "z": 10.0
        },
        {
            "x": 356.8235512102421,
            "y": 512.3241152550446,
            "z": 10.0
        },
        {
            "x": 343.00039132523165,
            "y": 510.1720817232097,
            "z": 10.0
        },
        {
            "x": 358.6613838140988,
            "y": 508.2613459026331,
            "z": 10.0
        },
        {
            "x": 401.123966836774,
            "y": 528.2263353554008,
            "z": 10.0
        },
        {
            "x": 385.62616167893106,
            "y": 527.0204563061924,
            "z": 10.0
        },
        {
            "x": 416.6112549162377,
            "y": 542.7461234194403,
            "z": 10.0
        },
        {
            "x": 404.227431472481,
            "y": 553.2924259641969,
            "z": 10.0
        },
        {
            "x": 399.889726136745,
            "y": 536.012437991466,
            "z": 10.0
        },
        {
            "x": 361.90291797482286,
            "y": 488.93861264969576,
            "z": 10.0
        },
        {
            "x": 383.6329922532886,
            "y": 564.1945524506507,
            "z": 10.0
        },
        {
            "x": 365.4172420476288,
            "y": 485.49046652879827,
            "z": 10.0
        },
        {
            "x": 370.22531684636283,
            "y": 559.4328011674337,
            "z": 10.0
        },
        {
            "x": 397.7703034313508,
            "y": 522.937905629723,
            "z": 10.0
        },
        {
            "x": 420.80817167246255,
            "y": 519.806780180853,
            "z": 10.0
        },
        {
            "x": 345.73063125789037,
            "y": 515.8066509553844,
            "z": 10.0
        },
        {
            "x": 386.72507194922076,
            "y": 520.007560807019,
            "z": 10.0
        },
        {
            "x": 409.6326585845438,
            "y": 519.6627859656479,
            "z": 10.0
        },
        {
            "x": 366.6613419728457,
            "y": 492.42078747859017,
            "z": 10.0
        },
        {
            "x": 339.43057798226306,
            "y": 519.3231161665572,
            "z": 10.0
        },
        {
            "x": 376.3280997708649,
            "y": 491.837837712922,
            "z": 10.0
        },
        {
            "x": 413.6560922019908,
            "y": 519.9947836821643,
            "z": 10.0
        },
        {
            "x": 402.4744622024589,
            "y": 517.1791145569105,
            "z": 10.0
        },
        {
            "x": 340.7547554535448,
            "y": 527.4366414317988,
            "z": 10.0
        },
        {
            "x": 341.53063642560386,
            "y": 528.5778287103557,
            "z": 10.0
        },
        {
            "x": 392.22842688458735,
            "y": 536.2915648283681,
            "z": 10.0
        },
        {
            "x": 407.10563257849043,
            "y": 547.9269845464698,
            "z": 10.0
        },
        {
            "x": 405.90932277847656,
            "y": 485.73434485952293,
            "z": 10.0
        },
        {
            "x": 365.24984930314895,
            "y": 562.7430057133948,
            "z": 10.0
        },
        {
            "x": 414.1289536568097,
            "y": 543.6061406733872,
            "z": 10.0
        },
        {
            "x": 346.7650582753373,
            "y": 538.0557882364983,
            "z": 10.0
        },
        {
            "x": 363.61223310563963,
            "y": 520.1728536454137,
            "z": 10.0
        },
        {
            "x": 414.6431400539161,
            "y": 509.62641157837584,
            "z": 10.0
        },
        {
            "x": 409.6598446360018,
            "y": 515.6544557451521,
            "z": 10.0
        },
        {
            "x": 402.4930963239065,
            "y": 544.219936911842,
            "z": 10.0
        },
        {
            "x": 407.1869971753488,
            "y": 492.2289425707281,
            "z": 10.0
        },
        {
            "x": 359.4242623326521,
            "y": 544.3032134390245,
            "z": 10.0
        },
        {
            "x": 419.60591072311513,
            "y": 495.7248214848189,
            "z": 10.0
        },
        {
            "x": 393.41002905114397,
            "y": 566.2204640362761,
            "z": 10.0
        },
        {
            "x": 361.91840852200573,
            "y": 505.71230319610794,
            "z": 10.0
        },
        {
            "x": 412.2567055258367,
            "y": 506.9906655732282,
            "z": 10.0
        },
        {
            "x": 382.96957127872554,
            "y": 519.781114628325,
            "z": 10.0
        },
        {
            "x": 418.12521750036893,
            "y": 491.6780681537585,
            "z": 10.0
        },
        {
            "x": 430.9993345747001,
            "y": 532.8650070933935,
            "z": 10.0
        },
        {
            "x": 381.79961713065035,
            "y": 536.2463772608853,
            "z": 10.0
        },
        {
            "x": 391.77551460890334,
            "y": 525.836983874109,
            "z": 10.0
        },
        {
            "x": 419.50595071713883,
            "y": 516.8951801545421,
            "z": 10.0
        },
        {
            "x": 384.46637211908507,
            "y": 489.93191602649756,
            "z": 10.0
        },
        {
            "x": 361.5211136028742,
            "y": 517.0826206104996,
            "z": 10.0
        },
        {
            "x": 416.73719460411195,
            "y": 541.9828876379538,
            "z": 10.0
        },
        {
            "x": 394.63494146673816,
            "y": 479.1666513285191,
            "z": 10.0
        },
        {
            "x": 388.9208470623648,
            "y": 502.5662996485968,
            "z": 10.0
        },
        {
            "x": 426.93312540654193,
            "y": 506.00140450583456,
            "z": 10.0
        },
        {
            "x": 372.73741713143306,
            "y": 546.2154950845757,
            "z": 10.0
        },
        {
            "x": 361.80727777594024,
            "y": 506.4550667824813,
            "z": 10.0
        },
        {
            "x": 425.26746652238677,
            "y": 532.8498827810288,
            "z": 10.0
        },
        {
            "x": 407.75398065945325,
            "y": 502.27106765862584,
            "z": 10.0
        },
        {
            "x": 417.7990060492528,
            "y": 513.7524736329253,
            "z": 10.0
        },
        {
            "x": 367.9341679703938,
            "y": 549.8356966622399,
            "z": 10.0
        },
        {
            "x": 347.49584407985947,
            "y": 501.210150600076,
            "z": 10.0
        },
        {
            "x": 392.9556457751031,
            "y": 488.72044323624186,
            "z": 10.0
        },
        {
            "x": 371.64252342275705,
            "y": 515.3673168009399,
            "z": 10.0
        },
        {
            "x": 369.09144553577164,
            "y": 513.3053581554465,
            "z": 10.0
        },
        {
            "x": 396.7761205580853,
            "y": 479.2564336173255,
            "z": 10.0
        },
        {
            "x": 424.7045133781332,
            "y": 514.7191935907044,
            "z": 10.0
        },
        {
            "x": 390.2082272855808,
            "y": 531.2111933277489,
            "z": 10.0
        },
        {
            "x": 399.79393509559424,
            "y": 490.80286740805843,
            "z": 10.0
        },
        {
            "x": 424.6339639012198,
            "y": 500.03146862232416,
            "z": 10.0
        },
        {
            "x": 399.0221215724848,
            "y": 539.7016090276429,
            "z": 10.0
        },
        {
            "x": 424.4407260159161,
            "y": 517.430792365746,
            "z": 10.0
        },
        {
            "x": 354.84777870609395,
            "y": 494.21665958145513,
            "z": 10.0
        },
        {
            "x": 356.8280294397893,
            "y": 512.1575171012719,
            "z": 10.0
        },
        {
            "x": 368.77710700753397,
            "y": 569.0973621397573,
            "z": 10.0
        },
        {
            "x": 371.1631957133149,
            "y": 564.446282692938,
            "z": 10.0
        },
        {
            "x": 395.27998935308807,
            "y": 528.5083927801758,
            "z": 10.0
        },
        {
            "x": 412.3047534972463,
            "y": 543.2402480993899,
            "z": 10.0
        },
        {
            "x": 435.6939767047,
            "y": 519.3879412304004,
            "z": 10.0
        },
        {
            "x": 400.0998521577129,
            "y": 479.2929734855406,
            "z": 10.0
        },
        {
            "x": 346.6958074985962,
            "y": 530.8455281373472,
            "z": 10.0
        },
        {
            "x": 418.60856417327165,
            "y": 562.6488845390755,
            "z": 10.0
        },
        {
            "x": 378.96571758378303,
            "y": 516.0431432336405,
            "z": 10.0
        },
        {
            "x": 413.8861753370404,
            "y": 532.0907242117647,
            "z": 10.0
        },
        {
            "x": 354.42979980336145,
            "y": 504.3383687557307,
            "z": 10.0
        },
        {
            "x": 396.64338256708965,
            "y": 484.5482041729269,
            "z": 10.0
        },
        {
            "x": 414.87495597810664,
            "y": 512.614401879625,
            "z": 10.0
        },
        {
            "x": 357.0028952098031,
            "y": 530.6870550773683,
            "z": 10.0
        },
        {
            "x": 396.4635976061788,
            "y": 518.4811920217053,
            "z": 10.0
        },
        {
            "x": 353.30915024760134,
            "y": 541.565127919079,
            "z": 10.0
        },
        {
            "x": 377.71786571172083,
            "y": 522.5450268238907,
            "z": 10.0
        },
        {
            "x": 410.9476386046108,
            "y": 518.5278471509151,
            "z": 10.0
        },
        {
            "x": 377.86374031307867,
            "y": 538.975341042374,
            "z": 10.0
        },
        {
            "x": 384.53406747123995,
            "y": 509.6580845621649,
            "z": 10.0
        },
        {
            "x": 371.7966363848583,
            "y": 509.5730701065473,
            "z": 10.0
        },
        {
            "x": 374.916130856455,
            "y": 516.6020771105292,
            "z": 10.0
        },
        {
            "x": 397.8157881070093,
            "y": 510.54667074435724,
            "z": 10.0
        },
        {
            "x": 343.49065968005465,
            "y": 545.9266976384224,
            "z": 10.0
        },
        {
            "x": 424.79891058879906,
            "y": 515.7908923791417,
            "z": 10.0
        },
        {
            "x": 413.52408113711914,
            "y": 546.4488951803783,
            "z": 10.0
        },
        {
            "x": 403.8900479659585,
            "y": 543.1826935594376,
            "z": 10.0
        },
        {
            "x": 384.9306115557639,
            "y": 545.2640506186295,
            "z": 10.0
        },
        {
            "x": 402.73518935232,
            "y": 508.0978693833679,
            "z": 10.0
        },
        {
            "x": 429.77185687463106,
            "y": 509.2274027627045,
            "z": 10.0
        },
        {
            "x": 411.35893786004397,
            "y": 485.57862745438496,
            "z": 10.0
        },
        {
            "x": 394.2341912209839,
            "y": 537.4584319755605,
            "z": 10.0
        },
        {
            "x": 397.787682164768,
            "y": 483.10874193866437,
            "z": 10.0
        },
        {
            "x": 372.0611856270246,
            "y": 536.3708696942093,
            "z": 10.0
        },
        {
            "x": 408.5879241654615,
            "y": 542.7235385322023,
            "z": 10.0
        },
        {
            "x": 390.77158870773235,
            "y": 494.02913924270763,
            "z": 10.0
        },
        {
            "x": 404.64279142646063,
            "y": 499.68251956094787,
            "z": 10.0
        },
        {
            "x": 427.6642499049523,
            "y": 546.2225690666702,
            "z": 10.0
        },
        {
            "x": 388.4153350509091,
            "y": 537.01731536997,
            "z": 10.0
        },
        {
            "x": 399.5380996755721,
            "y": 534.1141525376638,
            "z": 10.0
        },
        {
            "x": 365.83940840291086,
            "y": 545.1317906755297,
            "z": 10.0
        },
        {
            "x": 411.77957977732893,
            "y": 552.1129254176768,
            "z": 10.0
        },
        {
            "x": 355.60432797059616,
            "y": 561.0441221249898,
            "z": 10.0
        },
        {
            "x": 369.5385755067212,
            "y": 549.426075794627,
            "z": 10.0
        },
        {
            "x": 391.19167689410796,
            "y": 485.94895382272273,
            "z": 10.0
        },
        {
            "x": 391.8676529897568,
            "y": 508.4566095831964,
            "z": 10.0
        },
        {
            "x": 393.8664525879568,
            "y": 515.6244408578154,
            "z": 10.0
        },
        {
            "x": 418.77145923521755,
            "y": 529.6507058336958,
            "z": 10.0
        },
        {
            "x": 398.64929902641865,
            "y": 518.9347105790321,
            "z": 10.0
        },
        {
            "x": 386.25917636136853,
            "y": 513.5245696849029,
            "z": 10.0
        },
        {
            "x": 410.5466955360928,
            "y": 484.6831642573732,
            "z": 10.0
        },
        {
            "x": 362.101057305927,
            "y": 539.0529595609373,
            "z": 10.0
        },
        {
            "x": 402.6289330010749,
            "y": 548.8109428108811,
            "z": 10.0
        },
        {
            "x": 353.54912686439076,
            "y": 556.1297502035632,
            "z": 10.0
        },
        {
            "x": 419.0612066122067,
            "y": 549.7445420648722,
            "z": 10.0
        },
        {
            "x": 344.68105401746254,
            "y": 510.2813110738362,
            "z": 10.0
        },
        {
            "x": 418.0218968130893,
            "y": 503.6582902022192,
            "z": 10.0
        },
        {
            "x": 358.8774340611128,
            "y": 503.23608606552574,
            "z": 10.0
        },
        {
            "x": 410.5341015805708,
            "y": 528.1998943790704,
            "z": 10.0
        },
        {
            "x": 426.519212511522,
            "y": 511.60186223478235,
            "z": 10.0
        },
        {
            "x": 364.0000789342841,
            "y": 520.308229003738,
            "z": 10.0
        },
        {
            "x": 392.00807354003496,
            "y": 569.2144000013312,
            "z": 10.0
        },
        {
            "x": 429.39462876716294,
            "y": 504.0350704225832,
            "z": 10.0
        },
        {
            "x": 375.92974961565494,
            "y": 499.23845858913865,
            "z": 10.0
        },
        {
            "x": 365.4446142219798,
            "y": 489.80524581641174,
            "z": 10.0
        },
        {
            "x": 374.61984354071285,
            "y": 557.8957130305533,
            "z": 10.0
        },
        {
            "x": 393.4630488004164,
            "y": 539.3442687607014,
            "z": 10.0
        },
        {
            "x": 419.7702675797218,
            "y": 528.7100519857537,
            "z": 10.0
        },
        {
            "x": 353.5370365096495,
            "y": 490.8814436070207,
            "z": 10.0
        },
        {
            "x": 343.492668278332,
            "y": 505.64837002880716,
            "z": 10.0
        },
        {
            "x": 391.9631042314101,
            "y": 539.4205153460174,
            "z": 10.0
        },
        {
            "x": 396.43378895540314,
            "y": 570.6792051680602,
            "z": 10.0
        },
        {
            "x": 382.8752989219426,
            "y": 546.862301292488,
            "z": 10.0
        },
        {
            "x": 420.4022179332712,
            "y": 556.9210504368634,
            "z": 10.0
        },
        {
            "x": 376.8411908832864,
            "y": 507.22826089288554,
            "z": 10.0
        },
        {
            "x": 351.20845299338197,
            "y": 524.8685173264633,
            "z": 10.0
        },
        {
            "x": 393.08958196525055,
            "y": 542.739816605441,
            "z": 10.0
        },
        {
            "x": 365.2040310128698,
            "y": 502.28369750260504,
            "z": 10.0
        },
        {
            "x": 406.27289646719754,
            "y": 520.0874966760513,
            "z": 10.0
        },
        {
            "x": 360.048522268715,
            "y": 510.77832398723376,
            "z": 10.0
        },
        {
            "x": 371.44229716710396,
            "y": 520.6947164637073,
            "z": 10.0
        },
        {
            "x": 354.76434302878744,
            "y": 497.9038684196482,
            "z": 10.0
        },
        {
            "x": 351.24431521902267,
            "y": 555.5843224972165,
            "z": 10.0
        },
        {
            "x": 397.0728513241099,
            "y": 567.4506055156687,
            "z": 10.0
        },
        {
            "x": 412.91020013587786,
            "y": 563.1685038539545,
            "z": 10.0
        },
        {
            "x": 378.4496990767153,
            "y": 533.9149663256246,
            "z": 10.0
        },
        {
            "x": 367.009123342663,
            "y": 531.0904594192197,
            "z": 10.0
        },
        {
            "x": 380.76266233245946,
            "y": 485.84454742781026,
            "z": 10.0
        },
        {
            "x": 372.2605315326867,
            "y": 487.6984762926061,
            "z": 10.0
        },
        {
            "x": 413.99024833877183,
            "y": 556.7155019697254,
            "z": 10.0
        },
        {
            "x": 375.656935151491,
            "y": 496.11819383699964,
            "z": 10.0
        },
        {
            "x": 389.12055898900843,
            "y": 514.1273051088209,
            "z": 10.0
        },
        {
            "x": 365.74526215704105,
            "y": 533.7208919427434,
            "z": 10.0
        },
        {
            "x": 366.3143743926951,
            "y": 483.8933476051087,
            "z": 10.0
        },
        {
            "x": 344.08552984734206,
            "y": 513.1586778700571,
            "z": 10.0
        },
        {
            "x": 387.81198721379906,
            "y": 527.1688475688386,
            "z": 10.0
        },
        {
            "x": 362.9479121260234,
            "y": 499.40831733293754,
            "z": 10.0
        },
        {
            "x": 353.9683753212298,
            "y": 537.0700139121608,
            "z": 10.0
        },
        {
            "x": 423.4524184902235,
            "y": 551.7213993516241,
            "z": 10.0
        },
        {
            "x": 398.93730068036615,
            "y": 570.053342938871,
            "z": 10.0
        },
        {
            "x": 376.2013374366141,
            "y": 498.5020431500635,
            "z": 10.0
        },
        {
            "x": 405.39035792117585,
            "y": 506.17005985419115,
            "z": 10.0
        },
        {
            "x": 419.3143939524191,
            "y": 500.90407087763754,
            "z": 10.0
        },
        {
            "x": 397.07132107517305,
            "y": 495.1615819163824,
            "z": 10.0
        },
        {
            "x": 340.75417773840866,
            "y": 535.2264045623467,
            "z": 10.0
        },
        {
            "x": 422.7072434894411,
            "y": 545.9825869532062,
            "z": 10.0
        },
        {
            "x": 393.0232487867925,
            "y": 556.0817222681027,
            "z": 10.0
        },
        {
            "x": 358.3420644722644,
            "y": 489.2703288995791,
            "z": 10.0
        }
    ],
    "sensors": [
        {
            "x": 412.6891187812631,
            "y": 643.8440976681678,
            "z": -1.0
        },
        {
            "x": 368.5823916658486,
            "y": 640.1880798317427,
            "z": -1.0
        },
        {
            "x": 332.8383242761448,
            "y": 412.09074034709937,
            "z": -1.0
        },
        {
            "x": 451.88505835674954,
            "y": 637.3621159411334,
            "z": -1.0
        },
        {
            "x": 271.8329103897039,
            "y": 552.9418130970018,
            "z": -1.0
        },
        {
            "x": 464.9332266569901,
            "y": 596.9221367242098,
            "z": -1.0
        },
        {
            "x": 312.5723202584747,
            "y": 646.4824859643661,
            "z": -1.0
        },
        {
            "x": 485.68417053544357,
            "y": 470.99080296803385,
            "z": -1.0
        },
        {
            "x": 314.16282583473054,
            "y": 435.2219776030731,
            "z": -1.0
        },
        {
            "x": 457.1860939041412,
            "y": 436.83026293765715,
            "z": -1.0
        },
        {
            "x": 275.29450025449364,
            "y": 520.2561935989781,
            "z": -1.0
        },
        {
            "x": 257.0302788068921,
            "y": 498.6571109691681,
            "z": -1.0
        },
        {
            "x": 467.8520117959797,
            "y": 404.7635153069028,
            "z": -1.0
        },
        {
            "x": 441.960943990945,
            "y": 423.0101685751527,
            "z": -1.0
        },
        {
            "x": 352.72408989698465,
            "y": 659.0894478509529,
            "z": -1.0
        },
        {
            "x": 370.2966937582045,
            "y": 412.9120767568473,
            "z": -1.0
        },
        {
            "x": 442.7277494916539,
            "y": 641.6703955577012,
            "z": -1.0
        },
        {
            "x": 429.2745154631008,
            "y": 384.9399874826875,
            "z": -1.0
        },
        {
            "x": 322.362824662792,
            "y": 438.2831263082862,
            "z": -1.0
        },
        {
            "x": 247.99982637290097,
            "y": 536.2947322299503,
            "z": -1.0
        },
        {
            "x": 318.7907448485265,
            "y": 399.00952330245264,
            "z": -1.0
        },
        {
            "x": 457.49172596164,
            "y": 612.3017415243218,
            "z": -1.0
        },
        {
            "x": 276.70605122226056,
            "y": 489.26805021567054,
            "z": -1.0
        },
        {
            "x": 488.5553091598815,
            "y": 571.9932799039892,
            "z": -1.0
        },
        {
            "x": 397.0753733502951,
            "y": 386.63432804220287,
            "z": -1.0
        },
        {
            "x": 461.936232501694,
            "y": 448.6975611473967,
            "z": -1.0
        },
        {
            "x": 465.089388335295,
            "y": 644.7453756227554,
            "z": -1.0
        },
        {
            "x": 386.41593333549395,
            "y": 668.3670617190553,
            "z": -1.0
        },
        {
            "x": 462.02684166230455,
            "y": 403.75717783923614,
            "z": -1.0
        },
        {
            "x": 489.37780218879965,
            "y": 453.9913382341155,
            "z": -1.0
        },
        {
            "x": 333.3772765667807,
            "y": 406.34961622338903,
            "z": -1.0
        },
        {
            "x": 455.31365464113725,
            "y": 428.476159707689,
            "z": -1.0
        },
        {
            "x": 378.9963108039097,
            "y": 668.1453311093813,
            "z": -1.0
        },
        {
            "x": 299.58833804613283,
            "y": 594.8818707575514,
            "z": -1.0
        },
        {
            "x": 271.26859368012936,
            "y": 490.2905834041723,
            "z": -1.0
        },
        {
            "x": 284.74274148193604,
            "y": 475.09957675243896,
            "z": -1.0
        },
        {
            "x": 421.44710150149433,
            "y": 655.379091235134,
            "z": -1.0
        },
        {
            "x": 312.37709350369823,
            "y": 428.9449401611052,
            "z": -1.0
        },
        {
            "x": 515.5463681163908,
            "y": 460.11906078144125,
            "z": -1.0
        },
        {
            "x": 493.0188216287992,
            "y": 449.4765076683685,
            "z": -1.0
        },
        {
            "x": 257.1485366959316,
            "y": 515.7725874742833,
            "z": -1.0
        },
        {
            "x": 342.6397681827004,
            "y": 398.09498302019506,
            "z": -1.0
        },
        {
            "x": 526.8568156104685,
            "y": 481.70757838687126,
            "z": -1.0
        },
        {
            "x": 482.8713970483014,
            "y": 584.766879083301,
            "z": -1.0
        },
        {
            "x": 323.469818374429,
            "y": 411.50224282255834,
            "z": -1.0
        },
        {
            "x": 317.3170877752467,
            "y": 636.3100172449872,
            "z": -1.0
        },
        {
            "x": 482.6138628641399,
            "y": 581.1942822517207,
            "z": -1.0
        },
        {
            "x": 281.9883166217855,
            "y": 506.1340542413556,
            "z": -1.0
        },
        {
            "x": 280.9169042146166,
            "y": 570.323278901197,
            "z": -1.0
        },
        {
            "x": 316.45325729923337,
            "y": 438.24107424679016,
            "z": -1.0
        },
        {
            "x": 378.11237393199673,
            "y": 390.26256167524167,
            "z": -1.0
        },
        {
            "x": 287.33032035986963,
            "y": 460.06842631412803,
            "z": -1.0
        },
        {
            "x": 476.8941145253216,
            "y": 571.0491640402538,
            "z": -1.0
        },
        {
            "x": 471.78412349386247,
            "y": 620.3541706429978,
            "z": -1.0
        },
        {
            "x": 483.1502619244715,
            "y": 603.1120194062759,
            "z": -1.0
        },
        {
            "x": 263.24928937933845,
            "y": 573.0529555510645,
            "z": -1.0
        },
        {
            "x": 439.1119200943926,
            "y": 645.7481953575793,
            "z": -1.0
        },
        {
            "x": 278.20938348083126,
            "y": 516.4116673216008,
            "z": -1.0
        },
        {
            "x": 305.8247816251519,
            "y": 616.6788632793937,
            "z": -1.0
        },
        {
            "x": 324.3919556029199,
            "y": 633.5877692363807,
            "z": -1.0
        },
        {
            "x": 504.59448764619395,
            "y": 500.9178321665718,
            "z": -1.0
        },
        {
            "x": 501.557321245663,
            "y": 563.8705950173546,
            "z": -1.0
        },
        {
            "x": 460.88107965047044,
            "y": 631.3687107442861,
            "z": -1.0
        },
        {
            "x": 513.7396243589756,
            "y": 466.4326666129349,
            "z": -1.0
        },
        {
            "x": 400.42747996990425,
            "y": 628.0845936256193,
            "z": -1.0
        },
        {
            "x": 457.47353426531254,
            "y": 644.8640721940441,
            "z": -1.0
        },
        {
            "x": 468.75661944109913,
            "y": 409.5926923866674,
            "z": -1.0
        },
        {
            "x": 502.8635684795415,
            "y": 489.176522542459,
            "z": -1.0
        },
        {
            "x": 394.653151152943,
            "y": 387.38108109207303,
            "z": -1.0
        },
        {
            "x": 420.0033943282092,
            "y": 424.4886222260784,
            "z": -1.0
        },
        {
            "x": 368.65935786159963,
            "y": 623.4371242659441,
            "z": -1.0
        },
        {
            "x": 263.8897972421451,
            "y": 499.5521118243416,
            "z": -1.0
        },
        {
            "x": 484.1330882678717,
            "y": 443.8052742845635,
            "z": -1.0
        },
        {
            "x": 283.04341911314344,
            "y": 619.614459329564,
            "z": -1.0
        },
        {
            "x": 420.03041171164193,
            "y": 406.238194641787,
            "z": -1.0
        },
        {
            "x": 251.70954796325861,
            "y": 533.6171331358179,
            "z": -1.0
        },
        {
            "x": 481.93856817163174,
            "y": 450.1703872101366,
            "z": -1.0
        },
        {
            "x": 268.8113531551841,
            "y": 474.0327354172803,
            "z": -1.0
        },
        {
            "x": 487.5354249213468,
            "y": 606.8505014918259,
            "z": -1.0
        },
        {
            "x": 458.96635444474333,
            "y": 639.9137171584932,
            "z": -1.0
        },
        {
            "x": 314.4378513132258,
            "y": 618.9262010027784,
            "z": -1.0
        },
        {
            "x": 495.2443769740039,
            "y": 591.2823117940106,
            "z": -1.0
        },
        {
            "x": 411.59382488657315,
            "y": 399.46970262209413,
            "z": -1.0
        },
        {
            "x": 368.9398659617317,
            "y": 659.0323642596403,
            "z": -1.0
        },
        {
            "x": 524.2829294221178,
            "y": 521.9104518274833,
            "z": -1.0
        },
        {
            "x": 503.15399623792877,
            "y": 475.9965477085242,
            "z": -1.0
        },
        {
            "x": 508.68025373675874,
            "y": 455.5323817939827,
            "z": -1.0
        },
        {
            "x": 312.87713398417907,
            "y": 613.7398891598259,
            "z": -1.0
        },
        {
            "x": 327.7265366817427,
            "y": 650.4494498723176,
            "z": -1.0
        },
        {
            "x": 269.8977038412942,
            "y": 519.6830590874079,
            "z": -1.0
        },
        {
            "x": 332.12063246271464,
            "y": 392.4334809800243,
            "z": -1.0
        },
        {
            "x": 315.031189832497,
            "y": 620.3778387533185,
            "z": -1.0
        },
        {
            "x": 354.0871627892184,
            "y": 664.3907459241135,
            "z": -1.0
        },
        {
            "x": 387.8706617359048,
            "y": 627.8468023768904,
            "z": -1.0
        },
        {
            "x": 448.36470454652033,
            "y": 613.9068245351503,
            "z": -1.0
        },
        {
            "x": 271.82563268164483,
            "y": 464.68316408810216,
            "z": -1.0
        },
        {
            "x": 323.16722356990925,
            "y": 403.6333998479973,
            "z": -1.0
        },
        {
            "x": 429.760684916295,
            "y": 615.8275964695362,
            "z": -1.0
        },
        {
            "x": 416.2478838797757,
            "y": 412.279163281662,
            "z": -1.0
        },
        {
            "x": 330.6273192027095,
            "y": 391.38603769525605,
            "z": -1.0
        },
        {
            "x": 468.3434876529103,
            "y": 408.7325659417279,
            "z": -1.0
        },
        {
            "x": 347.3717202727612,
            "y": 654.9201183112783,
            "z": -1.0
        },
        {
            "x": 416.45055067861125,
            "y": 651.0231533577125,
            "z": -1.0
        },
        {
            "x": 514.5026558935596,
            "y": 586.9844460417966,
            "z": -1.0
        },
        {
            "x": 261.3475241659461,
            "y": 582.1548115553511,
            "z": -1.0
        },
        {
            "x": 256.78859449579596,
            "y": 555.5388633518737,
            "z": -1.0
        },
        {
            "x": 507.4503891386389,
            "y": 550.2456368060614,
            "z": -1.0
        },
        {
            "x": 337.28118480485205,
            "y": 418.28308834381113,
            "z": -1.0
        },
        {
            "x": 297.80905178314634,
            "y": 569.2478371093728,
            "z": -1.0
        },
        {
            "x": 464.47154924005275,
            "y": 437.7699575395663,
            "z": -1.0
        },
        {
            "x": 252.7654277336403,
            "y": 550.1180347949999,
            "z": -1.0
        },
        {
            "x": 487.3289163227783,
            "y": 449.4764713689581,
            "z": -1.0
        },
        {
            "x": 309.80962796295665,
            "y": 437.27952590094475,
            "z": -1.0
        },
        {
            "x": 381.0319162138167,
            "y": 397.65620331396,
            "z": -1.0
        },
        {
            "x": 296.41219168880804,
            "y": 409.6729698836561,
            "z": -1.0
        },
        {
            "x": 413.2355077608768,
            "y": 412.89978369061544,
            "z": -1.0
        },
        {
            "x": 316.278518392503,
            "y": 406.8996136792633,
            "z": -1.0
        },
        {
            "x": 361.7485914286701,
            "y": 638.7931272370583,
            "z": -1.0
        },
        {
            "x": 296.05837625056654,
            "y": 571.6777219391963,
            "z": -1.0
        },
        {
            "x": 277.59032900086464,
            "y": 538.9743384244218,
            "z": -1.0
        },
        {
            "x": 442.30955581266875,
            "y": 425.32143101558364,
            "z": -1.0
        },
        {
            "x": 283.44711017137195,
            "y": 575.2472443644721,
            "z": -1.0
        },
        {
            "x": 415.13362766259274,
            "y": 425.7767109746553,
            "z": -1.0
        },
        {
            "x": 264.3368629033723,
            "y": 594.603661898868,
            "z": -1.0
        },
        {
            "x": 363.02197041826156,
            "y": 647.8307316380739,
            "z": -1.0
        },
        {
            "x": 462.4174165592546,
            "y": 422.6369786461868,
            "z": -1.0
        },
        {
            "x": 433.5597303911851,
            "y": 662.3882160530295,
            "z": -1.0
        },
        {
            "x": 376.7656380013378,
            "y": 411.23795927532535,
            "z": -1.0
        },
        {
            "x": 461.8312815526503,
            "y": 441.74816687218043,
            "z": -1.0
        },
        {
            "x": 432.27108608955314,
            "y": 423.8993596363436,
            "z": -1.0
        },
        {
            "x": 289.66523588659356,
            "y": 426.5929308733015,
            "z": -1.0
        },
        {
            "x": 243.8645202912604,
            "y": 551.9248017786913,
            "z": -1.0
        },
        {
            "x": 408.3828570056048,
            "y": 384.77147584959795,
            "z": -1.0
        },
        {
            "x": 317.5590797876021,
            "y": 597.7240480147517,
            "z": -1.0
        },
        {
            "x": 246.3439635413405,
            "y": 520.1184917570946,
            "z": -1.0
        },
        {
            "x": 325.7683385571658,
            "y": 420.29377498167196,
            "z": -1.0
        },
        {
            "x": 279.3130113796235,
            "y": 456.4733302644304,
            "z": -1.0
        },
        {
            "x": 261.6192815052454,
            "y": 592.5864983233452,
            "z": -1.0
        },
        {
            "x": 481.5187383055337,
            "y": 617.8981391326138,
            "z": -1.0
        },
        {
            "x": 329.7562772188344,
            "y": 413.1836885081451,
            "z": -1.0
        },
        {
            "x": 411.6819911412434,
            "y": 626.7985480160538,
            "z": -1.0
        },
        {
            "x": 313.181232095797,
            "y": 624.4264276135625,
            "z": -1.0
        },
        {
            "x": 334.22293939909144,
            "y": 404.411426852301,
            "z": -1.0
        },
        {
            "x": 487.5136136291437,
            "y": 496.5865730659464,
            "z": -1.0
        },
        {
            "x": 300.3689756397325,
            "y": 584.2874979008661,
            "z": -1.0
        },
        {
            "x": 268.5008690663336,
            "y": 439.9334699143376,
            "z": -1.0
        },
        {
            "x": 325.5300981404601,
            "y": 425.8733290363501,
            "z": -1.0
        },
        {
            "x": 325.631450896935,
            "y": 394.8922522601024,
            "z": -1.0
        },
        {
            "x": 280.18665135369525,
            "y": 475.14029147866756,
            "z": -1.0
        },
        {
            "x": 313.2606371338554,
            "y": 453.357636926637,
            "z": -1.0
        },
        {
            "x": 498.1108079689927,
            "y": 619.61420776156,
            "z": -1.0
        },
        {
            "x": 254.9409612847061,
            "y": 572.4368503252599,
            "z": -1.0
        },
        {
            "x": 382.92358901104683,
            "y": 408.5792205654137,
            "z": -1.0
        },
        {
            "x": 528.7686982623292,
            "y": 527.5978547868752,
            "z": -1.0
        },
        {
            "x": 515.6473158731737,
            "y": 547.9064111243731,
            "z": -1.0
        },
        {
            "x": 532.9709280359283,
            "y": 507.7263841509563,
            "z": -1.0
        },
        {
            "x": 317.51901237795465,
            "y": 645.2592292461278,
            "z": -1.0
        },
        {
            "x": 289.1195097238718,
            "y": 429.96705408996115,
            "z": -1.0
        },
        {
            "x": 273.9575172873546,
            "y": 561.1642409165787,
            "z": -1.0
        },
        {
            "x": 398.66968066033934,
            "y": 658.1587981710258,
            "z": -1.0
        },
        {
            "x": 370.67256036011673,
            "y": 394.71072805493856,
            "z": -1.0
        },
        {
            "x": 411.62613871669174,
            "y": 406.42166445804384,
            "z": -1.0
        },
        {
            "x": 521.4119784781229,
            "y": 478.44410738842413,
            "z": -1.0
        },
        {
            "x": 345.087554590466,
            "y": 629.0747445144709,
            "z": -1.0
        },
        {
            "x": 395.475646820566,
            "y": 386.2327681110174,
            "z": -1.0
        },
        {
            "x": 266.42593053157924,
            "y": 587.9968295816461,
            "z": -1.0
        },
        {
            "x": 306.61610253892314,
            "y": 406.0517656081285,
            "z": -1.0
        },
        {
            "x": 445.67655210282476,
            "y": 419.41468802911055,
            "z": -1.0
        },
        {
            "x": 291.4627129149039,
            "y": 557.7616293722831,
            "z": -1.0
        },
        {
            "x": 496.67955086457226,
            "y": 444.9381108121383,
            "z": -1.0
        },
        {
            "x": 438.9435665422479,
            "y": 622.7394285564319,
            "z": -1.0
        },
        {
            "x": 283.5660698742467,
            "y": 627.3327435853795,
            "z": -1.0
        },
        {
            "x": 367.7241211847173,
            "y": 652.3098427118032,
            "z": -1.0
        },
        {
            "x": 343.90318461998294,
            "y": 395.3613009710614,
            "z": -1.0
        },
        {
            "x": 278.38743204475,
            "y": 463.25173622460636,
            "z": -1.0
        },
        {
            "x": 338.2322614446308,
            "y": 417.4295422272671,
            "z": -1.0
        },
        {
            "x": 371.01914212295395,
            "y": 628.6264142397927,
            "z": -1.0
        },
        {
            "x": 412.8235253187732,
            "y": 416.6228495116627,
            "z": -1.0
        },
        {
            "x": 303.3112141515536,
            "y": 593.2974615200808,
            "z": -1.0
        },
        {
            "x": 277.4996028489374,
            "y": 466.8529422969021,
            "z": -1.0
        },
        {
            "x": 376.1076516290077,
            "y": 424.0436115932029,
            "z": -1.0
        },
        {
            "x": 494.7497570947463,
            "y": 581.603857887191,
            "z": -1.0
        },
        {
            "x": 459.5283426881703,
            "y": 605.8611975021721,
            "z": -1.0
        },
        {
            "x": 275.7196461864412,
            "y": 590.6489125278533,
            "z": -1.0
        },
        {
            "x": 278.6100830674204,
            "y": 545.8870244730872,
            "z": -1.0
        },
        {
            "x": 315.1897979938679,
            "y": 399.25702318344213,
            "z": -1.0
        },
        {
            "x": 386.3569688813727,
            "y": 393.95846945210775,
            "z": -1.0
        },
        {
            "x": 289.56336206967745,
            "y": 480.97145481087324,
            "z": -1.0
        },
        {
            "x": 269.1858758774899,
            "y": 486.3932893087076,
            "z": -1.0
        },
        {
            "x": 320.0086396522741,
            "y": 409.3270247185134,
            "z": -1.0
        },
        {
            "x": 486.8757588862264,
            "y": 460.0931916535997,
            "z": -1.0
        },
        {
            "x": 280.55385329509164,
            "y": 480.4532628168132,
            "z": -1.0
        },
        {
            "x": 319.59934018079537,
            "y": 619.7307946525862,
            "z": -1.0
        },
        {
            "x": 371.19836170568885,
            "y": 662.6347800619291,
            "z": -1.0
        },
        {
            "x": 404.8481059929948,
            "y": 624.3424112238176,
            "z": -1.0
        },
        {
            "x": 343.757440147877,
            "y": 629.1019647284033,
            "z": -1.0
        },
        {
            "x": 299.102734631804,
            "y": 636.6760975175097,
            "z": -1.0
        },
        {
            "x": 303.91558775199934,
            "y": 405.98426831451195,
            "z": -1.0
        },
        {
            "x": 267.66034400494897,
            "y": 444.8024470801991,
            "z": -1.0
        },
        {
            "x": 475.27028562771136,
            "y": 450.2095584520546,
            "z": -1.0
        }
    ],
    "center": {
        "x": 387.54851617985184,
        "y": 524.8019664359971,
        "z": 0.0
    },
    "radius": 50
}