{
    "W": 1000,
    "H": 1000,
    "depth": 1.0,
    "height": 10.0,
    "num_of_relays": 200,
    "num_of_sensors": 400,
    "relays": [
        {
            "x": 493.3292754559146,
            "y": 397.32263087189403,
            "z": 10.0
        },
        {
            "x": 475.4168832638843,
            "y": 386.2586554414389,
            "z": 10.0
        },
        {
            "x": 475.81294520005133,
            "y": 376.46022855827687,
            "z": 10.0
        },
        {
            "x": 488.933448791388,
            "y": 371.60718568580376,
            "z": 10.0
        },
        {
            "x": 468.9677073016354,
            "y": 380.69521523814495,
            "z": 10.0
        },
        {
            "x": 489.2331369251639,
            "y": 387.7777685878693,
            "z": 10.0
        },
        {
            "x": 496.61945292022136,
            "y": 390.64843003933413,
            "z": 10.0
        },
        {
            "x": 483.88852723726916,
            "y": 396.9238056615704,
            "z": 10.0
        },
        {
            "x": 491.0201960254733,
            "y": 396.60561771905975,
            "z": 10.0
        },
        {
            "x": 481.92056244048166,
            "y": 368.9449422898172,
            "z": 10.0
        },
        {
            "x": 469.7692822300589,
            "y": 397.1951309447894,
            "z": 10.0
        },
        {
            "x": 497.79782802782836,
            "y": 392.22786851200976,
            "z": 10.0
        },
        {
            "x": 496.83160263159243,
            "y": 374.93972323930836,
            "z": 10.0
        },
        {
            "x": 482.79692260976856,
            "y": 407.5513651624469,
            "z": 10.0
        },
        {
            "x": 473.33981991925253,
            "y": 401.7269185136787,
            "z": 10.0
        },
        {
            "x": 477.9547206500006,
            "y": 378.3492085902911,
            "z": 10.0
        },
        {
            "x": 495.2840956341508,
            "y": 375.6998306002166,
            "z": 10.0
        },
        {
            "x": 468.325118808855,
            "y": 372.2306390285727,
            "z": 10.0
        },
        {
            "x": 491.71490658743045,
            "y": 362.9050369412055,
            "z": 10.0
        },
        {
            "x": 468.1830542871775,
            "y": 386.1933184643348,
            "z": 10.0
        },
        {
            "x": 467.7221093727613,
            "y": 374.4151000397078,
            "z": 10.0
        },
        {
            "x": 472.7981623520994,
            "y": 379.8546236777431,
            "z": 10.0
        },
        {
            "x": 499.57986851152856,
            "y": 397.2372771034759,
            "z": 10.0
        },
        {
            "x": 485.4384503067214,
            "y": 383.7282975491115,
            "z": 10.0
        },
        {
            "x": 503.418248455754,
            "y": 381.5735296856444,
            "z": 10.0
        },
        {
            "x": 484.4785445305696,
            "y": 392.0691514395818,
            "z": 10.0
        },
        {
            "x": 493.0863628223253,
            "y": 375.2331399663119,
            "z": 10.0
        },
        {
            "x": 493.55734294207343,
            "y": 384.1634780253796,
            "z": 10.0
        },
        {
            "x": 482.2691514890248,
            "y": 365.29705548776616,
            "z": 10.0
        },
        {
            "x": 492.5129481144014,
            "y": 404.13173250211076,
            "z": 10.0
        },
        {
            "x": 502.27650603350446,
            "y": 384.9473388110146,
            "z": 10.0
        },
        {
            "x": 483.34773561447264,
            "y": 397.1511862780388,
            "z": 10.0
        },
        {
            "x": 478.5253707569227,
            "y": 395.04828503010316,
            "z": 10.0
        },
        {
            "x": 499.03266597878036,
            "y": 390.87846738041463,
            "z": 10.0
        },
        {
            "x": 507.7296388702085,
            "y": 387.6333249457243,
            "z": 10.0
        },
        {
            "x": 477.91070270860445,
            "y": 383.8332364412078,
            "z": 10.0
        },
        {
            "x": 482.7381350755645,
            "y": 376.82919629393905,
            "z": 10.0
        },
        {
            "x": 482.0329598511707,
            "y": 397.7070655467999,
            "z": 10.0
        },
        {
            "x": 466.53760632983386,
            "y": 388.73825362809276,
            "z": 10.0
        },
        {
            "x": 503.1529650057961,
            "y": 385.89910344083154,
            "z": 10.0
        },
        {
            "x": 504.54876640909765,
            "y": 386.03149939634494,
            "z": 10.0
        },
        {
            "x": 480.21288952194953,
            "y": 378.3124632937642,
            "z": 10.0
        },
        {
            "x": 490.2992983347886,
            "y": 407.11161059382863,
            "z": 10.0
        },
        {
            "x": 480.3037450038814,
            "y": 382.3607217645113,
            "z": 10.0
        },
        {
            "x": 497.20658339423926,
            "y": 368.3321194318193,
            "z": 10.0
        },
        {
            "x": 468.2512879840549,
            "y": 380.931986996995,
            "z": 10.0
        },
        {
            "x": 496.96380043675106,
            "y": 385.9426763170188,
            "z": 10.0
        },
        {
            "x": 476.03396620791125,
            "y": 402.9944944255417,
            "z": 10.0
        },
        {
            "x": 465.03267678236784,
            "y": 379.2612838763103,
            "z": 10.0
        },
        {
            "x": 477.3135617776076,
            "y": 399.46740383573774,
            "z": 10.0
        },
        {
            "x": 495.06606216535465,
            "y": 376.71425903438603,
            "z": 10.0
        },
        {
            "x": 495.30453681102415,
            "y": 396.4022774369186,
            "z": 10.0
        },
        {
            "x": 490.20584685633605,
            "y": 387.2334810400753,
            "z": 10.0
        },
        {
            "x": 471.31284041048616,
            "y": 380.2806189831733,
            "z": 10.0
        },
        {
            "x": 473.98520865056025,
            "y": 388.787800120898,
            "z": 10.0
        },
        {
            "x": 494.1041902897326,
            "y": 365.2285259464312,
            "z": 10.0
        },
        {
            "x": 507.21140573575764,
            "y": 375.7823713770716,
            "z": 10.0
        },
        {
            "x": 485.1292018469777,
            "y": 367.56903305787006,
            "z": 10.0
        },
        {
            "x": 485.08424483596326,
            "y": 403.41022319080486,
            "z": 10.0
        },
        {
            "x": 482.0840286923093,
            "y": 376.51542099722224,
            "z": 10.0
        },
        {
            "x": 475.3154638527185,
            "y": 400.19914003937276,
            "z": 10.0
        },
        {
            "x": 475.190181813121,
            "y": 399.858070305423,
            "z": 10.0
        },
        {
            "x": 467.85181156901456,
            "y": 388.96376791969686,
            "z": 10.0
        },
        {
            "x": 478.9687488782922,
            "y": 371.3358762973298,
            "z": 10.0
        },
        {
            "x": 476.4013008615059,
            "y": 366.8216691285653,
            "z": 10.0
        },
        {
            "x": 502.473002963041,
            "y": 373.9706971120541,
            "z": 10.0
        },
        {
            "x": 487.24909378429925,
            "y": 370.474043294301,
            "z": 10.0
        },
        {
            "x": 492.01534083149755,
            "y": 394.4687348409164,
            "z": 10.0
        },
        {
            "x": 494.25536673156876,
            "y": 399.53455131469383,
            "z": 10.0
        },
        {
            "x": 507.1392417052247,
            "y": 377.6793605676517,
            "z": 10.0
        },
        {
            "x": 472.14762529556606,
            "y": 399.744797572996,
            "z": 10.0
        },
        {
            "x": 500.23818974250037,
            "y": 383.740219170304,
            "z": 10.0
        },
        {
            "x": 499.02924189072206,
            "y": 384.13002531161686,
            "z": 10.0
        },
        {
            "x": 466.44297517517407,
            "y": 393.5951698471105,
            "z": 10.0
        },
        {
            "x": 500.7094046022218,
            "y": 372.11420355441385,
            "z": 10.0
        },
        {
            "x": 501.29364268948905,
            "y": 381.58856841799894,
            "z": 10.0
        },
        {
            "x": 508.4591155581049,
            "y": 389.1866525026643,
            "z": 10.0
        },
        {
            "x": 489.25857039849205,
            "y": 385.59048524651763,
            "z": 10.0
        },
        {
            "x": 482.04703230567446,
            "y": 370.3141803737564,
            "z": 10.0
        },
        {
            "x": 503.44253840791686,
            "y": 385.56349434553164,
            "z": 10.0
        },
        {
            "x": 479.2526120777457,
            "y": 380.9414449684273,
            "z": 10.0
        },
        {
            "x": 478.1492441600749,
            "y": 371.3038689558371,
            "z": 10.0
        },
        {
            "x": 489.50638498922325,
            "y": 365.51161730456585,
            "z": 10.0
        },
        {
            "x": 501.31389469008013,
            "y": 374.47740477913027,
            "z": 10.0
        },
        {
            "x": 501.1555997048005,
            "y": 387.86285652377836,
            "z": 10.0
        },
        {
            "x": 470.04783194873744,
            "y": 374.7719362062627,
            "z": 10.0
        },
        {
            "x": 507.72185465882626,
            "y": 376.66684721630736,
            "z": 10.0
        },
        {
            "x": 488.57530426412296,
            "y": 388.67447836068294,
            "z": 10.0
        },
        {
            "x": 476.54561129025683,
            "y": 397.4023266684616,
            "z": 10.0
        },
        {
            "x": 495.9619216360264,
            "y": 378.03003025498197,
            "z": 10.0
        },
        {
            "x": 466.72601130207846,
            "y": 375.1873455639275,
            "z": 10.0
        },
        {
            "x": 504.27091078808996,
            "y": 395.0324460141481,
            "z": 10.0
        },
        {
            "x": 508.7330755295196,
            "y": 391.3291612051021,
            "z": 10.0
        },
        {
            "x": 481.87579013389905,
            "y": 401.15055225587,
            "z": 10.0
        },
        {
            "x": 471.8349461428477,
            "y": 393.9973318230251,
            "z": 10.0
        },
        {
            "x": 483.9235089681931,
            "y": 395.12943187510905,
            "z": 10.0
        },
        {
            "x": 483.21327530909684,
            "y": 397.29644304764633,
            "z": 10.0
        },
        {
            "x": 492.8187421344744,
            "y": 365.8241679179669,
            "z": 10.0
        },
        {
            "x": 487.44341995277387,
            "y": 369.661076025687,
            "z": 10.0
        },
        {
            "x": 498.7390122705878,
            "y": 403.45408094277144,
            "z": 10.0
        },
        {
            "x": 492.93298942311213,
            "y": 380.1166248461704,
            "z": 10.0
        },
        {
            "x": 467.79637683483963,
            "y": 385.74908550142686,
            "z": 10.0
        },
        {
            "x": 469.82318135994785,
            "y": 387.1555685895136,
            "z": 10.0
        },
        {
            "x": 487.27974469691605,
            "y": 401.343108519203,
            "z": 10.0
        },
        {
            "x": 493.82767661961304,
            "y": 406.54102022492367,
            "z": 10.0
        },
        {
            "x": 507.85733986400993,
            "y": 384.48099136772686,
            "z": 10.0
        },
        {
            "x": 489.79739360130515,
            "y": 403.2970970940509,
            "z": 10.0
        },
        {
            "x": 473.5773373443709,
            "y": 370.2942611519948,
            "z": 10.0
        },
        {
            "x": 466.87502875472387,
            "y": 376.69594206193744,
            "z": 10.0
        },
        {
            "x": 477.778967776485,
            "y": 395.4955670634799,
            "z": 10.0
        },
        {
            "x": 472.34270661629785,
            "y": 375.04633010043676,
            "z": 10.0
        },
        {
            "x": 486.05934926197403,
            "y": 388.65831909507085,
            "z": 10.0
        },
        {
            "x": 479.6748044975656,
            "y": 370.34232560203304,
            "z": 10.0
        },
        {
            "x": 479.6683742216995,
            "y": 375.28336494146987,
            "z": 10.0
        },
        {
            "x": 488.54313989101314,
            "y": 402.0626023009027,
            "z": 10.0
        },
        {
            "x": 501.80494612150363,
            "y": 380.8097797103434,
            "z": 10.0
        },
        {
            "x": 472.5437371540884,
            "y": 397.23769267805,
            "z": 10.0
        },
        {
            "x": 499.1514883363263,
            "y": 403.8243357341187,
            "z": 10.0
        },
        {
            "x": 474.07385794899136,
            "y": 367.36982774125096,
            "z": 10.0
        },
        {
            "x": 483.7390570615602,
            "y": 364.5093034729976,
            "z": 10.0
        },
        {
            "x": 492.6617050515173,
            "y": 363.2242877625448,
            "z": 10.0
        },
        {
            "x": 470.4893858508087,
            "y": 385.0591067645057,
            "z": 10.0
        },
        {
            "x": 490.4144736674778,
            "y": 398.76982733388024,
            "z": 10.0
        },
        {
            "x": 478.5868199962463,
            "y": 375.8921544667869,
            "z": 10.0
        },
        {
            "x": 480.48263141897087,
            "y": 399.3100400182514,
            "z": 10.0
        },
        {
            "x": 492.98442125559336,
            "y": 400.2036481171904,
            "z": 10.0
        },
        {
            "x": 507.18132966265307,
            "y": 380.81129651172597,
            "z": 10.0
        },
        {
            "x": 492.5217355335385,
            "y": 400.4237127634205,
            "z": 10.0
        },
        {
            "x": 487.63360016553224,
            "y": 392.1005324672844,
            "z": 10.0
        },
        {
            "x": 466.3782011615509,
            "y": 379.3400828987317,
            "z": 10.0
        },
        {
            "x": 484.3644161125126,
            "y": 406.0675614158119,
            "z": 10.0
        },
        {
            "x": 479.0358294284549,
            "y": 404.3593243032485,
            "z": 10.0
        },
        {
            "x": 483.8108231341862,
            "y": 364.3502094905948,
            "z": 10.0
        },
        {
            "x": 487.91330037516366,
            "y": 374.54176761973025,
            "z": 10.0
        },
        {
            "x": 472.6098899034764,
            "y": 373.8112256806918,
            "z": 10.0
        },
        {
            "x": 484.25149610115545,
            "y": 403.7114676361324,
            "z": 10.0
        },
        {
            "x": 484.57209607066795,
            "y": 388.37659174572514,
            "z": 10.0
        },
        {
            "x": 482.38653739273605,
            "y": 394.7780197054657,
            "z": 10.0
        },
        {
            "x": 473.6160667935152,
            "y": 382.826531661141,
            "z": 10.0
        },
        {
            "x": 469.29231329969303,
            "y": 382.33549976923075,
            "z": 10.0
        },
        {
            "x": 479.57739144135667,
            "y": 364.7331434976906,
            "z": 10.0
        },
        {
            "x": 503.4685375944404,
            "y": 375.280506638528,
            "z": 10.0
        },
        {
            "x": 481.1107992223985,
            "y": 372.1434400247278,
            "z": 10.0
        },
        {
            "x": 477.287558729987,
            "y": 367.9359179970436,
            "z": 10.0
        },
        {
            "x": 487.37370024570413,
            "y": 381.3703118226052,
            "z": 10.0
        },
        {
            "x": 467.66573704066326,
            "y": 382.0658012983543,
            "z": 10.0
        },
        {
            "x": 479.9476787560305,
            "y": 390.1712374270905,
            "z": 10.0
        },
        {
            "x": 470.00379478614406,
            "y": 383.0089820493373,
            "z": 10.0
        },
        {
            "x": 484.7876319107204,
            "y": 372.46122243214006,
            "z": 10.0
        },
        {
            "x": 486.8463478372983,
            "y": 397.563728724587,
            "z": 10.0
        },
        {
            "x": 508.995386174369,
            "y": 379.43526815073005,
            "z": 10.0
        },
        {
            "x": 477.09118966222195,
            "y": 378.46222354875357,
            "z": 10.0
        },
        {
            "x": 477.7537755162179,
            "y": 404.00688345283606,
            "z": 10.0
        },
        {
            "x": 503.80631162642,
            "y": 372.5014714693159,
            "z": 10.0
        },
        {
            "x": 504.34921680775255,
            "y": 377.8548171434146,
            "z": 10.0
        },
        {
            "x": 505.9259350596529,
            "y": 378.913291943205,
            "z": 10.0
        },
        {
            "x": 486.60131779400683,
            "y": 376.783253127119,
            "z": 10.0
        },
        {
            "x": 468.8323761240578,
            "y": 393.25023404658043,
            "z": 10.0
        },
        {
            "x": 489.33373110215496,
            "y": 392.90246770886574,
            "z": 10.0
        },
        {
            "x": 469.5687199873594,
            "y": 395.1525383132499,
            "z": 10.0
        },
        {
            "x": 492.5509964876986,
            "y": 395.7270726623342,
            "z": 10.0
        },
        {
            "x": 485.79661060049386,
            "y": 384.4443991535362,
            "z": 10.0
        },
        {
            "x": 475.63214455083937,
            "y": 369.28018325938126,
            "z": 10.0
        },
        {
            "x": 490.92411236848943,
            "y": 400.83372154923256,
            "z": 10.0
        },
        {
            "x": 487.9252878192305,
            "y": 387.2574354960202,
            "z": 10.0
        },
        {
            "x": 479.57659798980876,
            "y": 377.10900057615805,
            "z": 10.0
        },
        {
            "x": 506.2045520702394,
            "y": 392.106143004726,
            "z": 10.0
        },
        {
            "x": 490.9050594124106,
            "y": 383.64744792895544,
            "z": 10.0
        },
        {
            "x": 501.1160059575545,
            "y": 387.74145289996375,
            "z": 10.0
        },
        {
            "x": 476.7035010005012,
            "y": 396.27360917929343,
            "z": 10.0
        },
        {
            "x": 482.51103463688395,
            "y": 371.1831159680668,
            "z": 10.0
        },
        {
            "x": 476.7193439422973,
            "y": 398.00336159057514,
            "z": 10.0
        },
        {
            "x": 493.9317196685723,
            "y": 402.4461666589656,
            "z": 10.0
        },
        {
            "x": 493.8416621693176,
            "y": 383.3207919918793,
            "z": 10.0
        },
        {
            "x": 481.8739661507808,
            "y": 392.8510694528467,
            "z": 10.0
        },
        {
            "x": 480.8615168464311,
            "y": 399.6130111365491,
            "z": 10.0
        },
        {
            "x": 497.8428948190469,
            "y": 367.93829675212106,
            "z": 10.0
        },
        {
            "x": 472.1806820730911,
            "y": 372.5207557128095,
            "z": 10.0
        },
        {
            "x": 503.70305680146157,
            "y": 370.2990946200486,
            "z": 10.0
        },
        {
            "x": 506.1211290572938,
            "y": 384.3550969504734,
            "z": 10.0
        },
        {
            "x": 499.5148774827659,
            "y": 389.4361340680991,
            "z": 10.0
        },
        {
            "x": 484.19475873606365,
            "y": 390.82897544253757,
            "z": 10.0
        },
        {
            "x": 468.2629087292778,
            "y": 388.9761184799236,
            "z": 10.0
        },
        {
            "x": 485.5100171114419,
            "y": 389.8990135713177,
            "z": 10.0
        },
        {
            "x": 502.84796157452814,
            "y": 392.68592326935004,
            "z": 10.0
        },
        {
            "x": 488.9046455981925,
            "y": 402.84915804522535,
            "z": 10.0
        },
        {
            "x": 487.459016310967,
            "y": 403.35966361313257,
            "z": 10.0
        },
        {
            "x": 489.6483582081208,
            "y": 378.057374727116,
            "z": 10.0
        },
        {
            "x": 481.5277554031953,
            "y": 387.1260218282662,
            "z": 10.0
        },
        {
            "x": 494.6446190520852,
            "y": 381.5466694239662,
            "z": 10.0
        },
        {
            "x": 494.3712704341399,
            "y": 365.41850963687216,
            "z": 10.0
        },
        {
            "x": 489.9825679745227,
            "y": 375.2712934839074,
            "z": 10.0
        },
        {
            "x": 478.95385935032385,
            "y": 403.90583256983524,
            "z": 10.0
        },
        {
            "x": 493.1318364693845,
            "y": 370.35630936053275,
            "z": 10.0
        },
        {
            "x": 501.91343210357775,
            "y": 385.3785477113482,
            "z": 10.0
        },
        {
            "x": 476.6840135646314,
            "y": 377.66318864598037,
            "z": 10.0
        },
        {
            "x": 474.79107643407383,
            "y": 391.31210337383726,
            "z": 10.0
        },
        {
            "x": 496.62767130912454,
            "y": 385.0033683750661,
            "z": 10.0
        },
        {
            "x": 499.34539574215097,
            "y": 368.5849830065824,
            "z": 10.0
        },
        {
            "x": 477.44123692660577,
            "y": 368.7538733370361,
            "z": 10.0
        }
    ],
    "sensors": [
        {
            "x": 514.8115565969091,
            "y": 334.5945258538504,
            "z": -1.0
        },
        {
            "x": 442.92003612563633,
            "y": 436.85861553858797,
            "z": -1.0
        },
        {
            "x": 459.7426172379667,
            "y": 339.131762591687,
            "z": -1.0
        },
        {
            "x": 440.6529665033758,
            "y": 344.09543596872095,
            "z": -1.0
        },
        {
            "x": 501.8953771054674,
            "y": 336.93871751470573,
            "z": -1.0
        },
        {
            "x": 432.4451559720581,
            "y": 382.84492595042195,
            "z": -1.0
        },
        {
            "x": 436.6082698264978,
            "y": 359.968865221711,
            "z": -1.0
        },
        {
            "x": 430.3762760775307,
            "y": 393.8467766674327,
            "z": -1.0
        },
        {
            "x": 424.8272823291236,
            "y": 352.84385912914604,
            "z": -1.0
        },
        {
            "x": 533.5863913643119,
            "y": 425.58227635902523,
            "z": -1.0
        },
        {
            "x": 465.33006413363063,
            "y": 318.812678505381,
            "z": -1.0
        },
        {
            "x": 456.10988138890116,
            "y": 446.0873229072662,
            "z": -1.0
        },
        {
            "x": 546.2457200839486,
            "y": 416.1495451876445,
            "z": -1.0
        },
        {
            "x": 445.9536488500426,
            "y": 440.496742682314,
            "z": -1.0
        },
        {
            "x": 536.0088660335678,
            "y": 363.6271817829171,
            "z": -1.0
        },
        {
            "x": 434.8063863755642,
            "y": 411.8157546849459,
            "z": -1.0
        },
        {
            "x": 502.7267010925235,
            "y": 437.1589840116017,
            "z": -1.0
        },
        {
            "x": 435.4540751563181,
            "y": 391.4526477305451,
            "z": -1.0
        },
        {
            "x": 434.7774565108561,
            "y": 377.706242519924,
            "z": -1.0
        },
        {
            "x": 442.1301877018561,
            "y": 338.56778841598543,
            "z": -1.0
        },
        {
            "x": 465.916487527852,
            "y": 445.72733657664634,
            "z": -1.0
        },
        {
            "x": 440.24678206394054,
            "y": 362.61751816284425,
            "z": -1.0
        },
        {
            "x": 541.9733959017998,
            "y": 345.3625443909262,
            "z": -1.0
        },
        {
            "x": 548.9506238099539,
            "y": 400.898051844924,
            "z": -1.0
        },
        {
            "x": 502.6814294282135,
            "y": 441.33484552212633,
            "z": -1.0
        },
        {
            "x": 553.7799563404893,
            "y": 362.13002624627944,
            "z": -1.0
        },
        {
            "x": 484.7647484987303,
            "y": 321.90014629289874,
            "z": -1.0
        },
        {
            "x": 434.721873982266,
            "y": 423.4413845727134,
            "z": -1.0
        },
        {
            "x": 532.4481031999503,
            "y": 359.63794685046724,
            "z": -1.0
        },
        {
            "x": 495.8873408705278,
            "y": 444.5251884993369,
            "z": -1.0
        },
        {
            "x": 523.3182061873977,
            "y": 348.57923004461657,
            "z": -1.0
        },
        {
            "x": 554.8034472925151,
            "y": 406.594654345137,
            "z": -1.0
        },
        {
            "x": 451.1608160672239,
            "y": 443.0199614529259,
            "z": -1.0
        },
        {
            "x": 430.47229554813026,
            "y": 421.37536471611514,
            "z": -1.0
        },
        {
            "x": 488.416775245614,
            "y": 449.1010328981406,
            "z": -1.0
        },
        {
            "x": 547.3652750156654,
            "y": 384.8365780550319,
            "z": -1.0
        },
        {
            "x": 498.6698119589037,
            "y": 320.75242384944744,
            "z": -1.0
        },
        {
            "x": 542.2051173838954,
            "y": 416.60710021473454,
            "z": -1.0
        },
        {
            "x": 421.9593355809079,
            "y": 405.1679874208233,
            "z": -1.0
        },
        {
            "x": 421.456138724709,
            "y": 365.7818262879318,
            "z": -1.0
        },
        {
            "x": 431.5297512947137,
            "y": 342.6410446413254,
            "z": -1.0
        },
        {
            "x": 472.36301816714456,
            "y": 435.12611320335657,
            "z": -1.0
        },
        {
            "x": 417.17340812415273,
            "y": 385.31201059354316,
            "z": -1.0
        },
        {
            "x": 524.301448571101,
            "y": 427.12550618394295,
            "z": -1.0
        },
        {
            "x": 528.0439646147519,
            "y": 435.3372891601973,
            "z": -1.0
        },
        {
            "x": 517.2539579489394,
            "y": 438.391627550193,
            "z": -1.0
        },
        {
            "x": 529.5194929919857,
            "y": 331.18296777792966,
            "z": -1.0
        },
        {
            "x": 548.0478855197009,
            "y": 410.74051739188775,
            "z": -1.0
        },
        {
            "x": 446.88565935817024,
            "y": 425.774049245953,
            "z": -1.0
        },
        {
            "x": 487.66175800743815,
            "y": 332.84041441428224,
            "z": -1.0
        },
        {
            "x": 481.7671121902859,
            "y": 447.8170248007285,
            "z": -1.0
        },
        {
            "x": 446.0548026986461,
            "y": 439.90870609876845,
            "z": -1.0
        },
        {
            "x": 435.9443192780029,
            "y": 393.8826628880835,
            "z": -1.0
        },
        {
            "x": 507.61967790000165,
            "y": 320.514807673283,
            "z": -1.0
        },
        {
            "x": 513.6406959400299,
            "y": 445.2858767883552,
            "z": -1.0
        },
        {
            "x": 535.6422947154038,
            "y": 365.6755613913408,
            "z": -1.0
        },
        {
            "x": 533.700112865529,
            "y": 426.1117028357505,
            "z": -1.0
        },
        {
            "x": 469.16455888186283,
            "y": 449.58721691114533,
            "z": -1.0
        },
        {
            "x": 427.67098342187325,
            "y": 374.19968325968466,
            "z": -1.0
        },
        {
            "x": 499.9682157874105,
            "y": 321.6307849580343,
            "z": -1.0
        },
        {
            "x": 473.89065265482986,
            "y": 436.40218042900926,
            "z": -1.0
        },
        {
            "x": 531.4368841883031,
            "y": 430.5114135950696,
            "z": -1.0
        },
        {
            "x": 554.4037531621819,
            "y": 381.30841039337037,
            "z": -1.0
        },
        {
            "x": 452.4320225567563,
            "y": 438.8126962190645,
            "z": -1.0
        },
        {
            "x": 515.4564662713593,
            "y": 326.137906965722,
            "z": -1.0
        },
        {
            "x": 437.97541662186865,
            "y": 357.62811645597117,
            "z": -1.0
        },
        {
            "x": 478.32343050277547,
            "y": 331.49976759743174,
            "z": -1.0
        },
        {
            "x": 486.31289303308733,
            "y": 450.6311416696388,
            "z": -1.0
        },
        {
            "x": 520.5568401847903,
            "y": 338.6297813024233,
            "z": -1.0
        },
        {
            "x": 480.8640167881756,
            "y": 322.4853271598681,
            "z": -1.0
        },
        {
            "x": 464.7501643889922,
            "y": 446.1858290148226,
            "z": -1.0
        },
        {
            "x": 510.12139335667496,
            "y": 448.09927502948574,
            "z": -1.0
        },
        {
            "x": 427.54139682726066,
            "y": 347.76944986469636,
            "z": -1.0
        },
        {
            "x": 517.6143943779634,
            "y": 442.5104979866995,
            "z": -1.0
        },
        {
            "x": 442.7006352990795,
            "y": 424.4595164668542,
            "z": -1.0
        },
        {
            "x": 537.5154613744985,
            "y": 344.62266568154445,
            "z": -1.0
        },
        {
            "x": 520.3469019404218,
            "y": 446.64079259635946,
            "z": -1.0
        },
        {
            "x": 524.4216266747495,
            "y": 434.52531550886954,
            "z": -1.0
        },
        {
            "x": 516.7241998747921,
            "y": 435.02450656116196,
            "z": -1.0
        },
        {
            "x": 433.2562523889357,
            "y": 346.90259921058055,
            "z": -1.0
        },
        {
            "x": 425.90732090907534,
            "y": 405.8839001196558,
            "z": -1.0
        },
        {
            "x": 542.7233946596051,
            "y": 346.9128524680621,
            "z": -1.0
        },
        {
            "x": 536.8114517269361,
            "y": 418.3285335961461,
            "z": -1.0
        },
        {
            "x": 480.5638190750613,
            "y": 325.54594216370504,
            "z": -1.0
        },
        {
            "x": 469.505517259592,
            "y": 437.71211679680243,
            "z": -1.0
        },
        {
            "x": 448.7631311519832,
            "y": 425.6386751008974,
            "z": -1.0
        },
        {
            "x": 478.46056856903726,
            "y": 326.89431812128953,
            "z": -1.0
        },
        {
            "x": 510.1164007576773,
            "y": 437.3887412929187,
            "z": -1.0
        },
        {
            "x": 531.2227545485524,
            "y": 426.20200575275123,
            "z": -1.0
        },
        {
            "x": 551.503260935838,
            "y": 357.541212932581,
            "z": -1.0
        },
        {
            "x": 532.8790562712512,
            "y": 352.1801246838299,
            "z": -1.0
        },
        {
            "x": 442.75667950037854,
            "y": 410.0609097521003,
            "z": -1.0
        },
        {
            "x": 447.26281166115643,
            "y": 330.28307805428614,
            "z": -1.0
        },
        {
            "x": 440.6286405527917,
            "y": 365.41376930963077,
            "z": -1.0
        },
        {
            "x": 493.78700641404936,
            "y": 330.7539958608502,
            "z": -1.0
        },
        {
            "x": 465.30861242814615,
            "y": 452.6409836564115,
            "z": -1.0
        },
        {
            "x": 494.1345426256275,
            "y": 436.9191113920823,
            "z": -1.0
        },
        {
            "x": 460.4654290730431,
            "y": 324.12360948213137,
            "z": -1.0
        },
        {
            "x": 538.7026528263483,
            "y": 397.25333236498903,
            "z": -1.0
        },
        {
            "x": 467.4778025510764,
            "y": 443.27474936082865,
            "z": -1.0
        },
        {
            "x": 429.99965019559596,
            "y": 386.3980776185508,
            "z": -1.0
        },
        {
            "x": 521.5627022169645,
            "y": 441.9375243958838,
            "z": -1.0
        },
        {
            "x": 504.20924748803355,
            "y": 334.02666768139346,
            "z": -1.0
        },
        {
            "x": 481.99865746778613,
            "y": 449.6548425896445,
            "z": -1.0
        },
        {
            "x": 528.2422710731502,
            "y": 425.07462566313205,
            "z": -1.0
        },
        {
            "x": 541.5544518919576,
            "y": 413.1289646862637,
            "z": -1.0
        },
        {
            "x": 545.7096950368073,
            "y": 385.32181253315235,
            "z": -1.0
        },
        {
            "x": 452.0772071723038,
            "y": 442.43567368657057,
            "z": -1.0
        },
        {
            "x": 442.8937639446605,
            "y": 427.2478954247153,
            "z": -1.0
        },
        {
            "x": 551.2306017517203,
            "y": 367.14738663342075,
            "z": -1.0
        },
        {
            "x": 456.49458217516224,
            "y": 325.8357250855276,
            "z": -1.0
        },
        {
            "x": 532.826766755036,
            "y": 415.64968070695153,
            "z": -1.0
        },
        {
            "x": 418.3957325389979,
            "y": 387.54105861851207,
            "z": -1.0
        },
        {
            "x": 501.09226843467394,
            "y": 325.2098972428785,
            "z": -1.0
        },
        {
            "x": 535.5265625602909,
            "y": 422.69167149668,
            "z": -1.0
        },
        {
            "x": 448.1318579692255,
            "y": 428.3715765034313,
            "z": -1.0
        },
        {
            "x": 542.0175248383395,
            "y": 370.0075820433112,
            "z": -1.0
        },
        {
            "x": 512.7806874299628,
            "y": 322.8028912187413,
            "z": -1.0
        },
        {
            "x": 537.8436723357329,
            "y": 358.6263839895819,
            "z": -1.0
        },
        {
            "x": 499.3491365186383,
            "y": 335.67817941783494,
            "z": -1.0
        },
        {
            "x": 505.84691508815405,
            "y": 329.86538974655014,
            "z": -1.0
        },
        {
            "x": 503.0414464409315,
            "y": 449.8571523523901,
            "z": -1.0
        },
        {
            "x": 427.34673752041977,
            "y": 373.1473405803003,
            "z": -1.0
        },
        {
            "x": 479.50772816665045,
            "y": 320.3673430292084,
            "z": -1.0
        },
        {
            "x": 434.7709403749569,
            "y": 373.4889245960093,
            "z": -1.0
        },
        {
            "x": 426.99089552300154,
            "y": 378.70136543029867,
            "z": -1.0
        },
        {
            "x": 537.1534907693563,
            "y": 341.71454176832384,
            "z": -1.0
        },
        {
            "x": 452.41939903926345,
            "y": 430.3162946111365,
            "z": -1.0
        },
        {
            "x": 555.4028549461741,
            "y": 370.59442060723967,
            "z": -1.0
        },
        {
            "x": 506.2874859119214,
            "y": 445.11485329588487,
            "z": -1.0
        },
        {
            "x": 436.9050899013681,
            "y": 415.74817850341674,
            "z": -1.0
        },
        {
            "x": 428.75879640489666,
            "y": 385.46246292987786,
            "z": -1.0
        },
        {
            "x": 540.915975179692,
            "y": 380.746138672165,
            "z": -1.0
        },
        {
            "x": 546.3835469230345,
            "y": 380.84660044940586,
            "z": -1.0
        },
        {
            "x": 429.5011738538499,
            "y": 364.8232029797492,
            "z": -1.0
        },
        {
            "x": 518.3334188551938,
            "y": 333.44654543900464,
            "z": -1.0
        },
        {
            "x": 442.682371125251,
            "y": 336.3117000846919,
            "z": -1.0
        },
        {
            "x": 438.3624628771323,
            "y": 363.11060500136404,
            "z": -1.0
        },
        {
            "x": 476.19657157712294,
            "y": 437.4738379034662,
            "z": -1.0
        },
        {
            "x": 528.0419569454807,
            "y": 340.06744945753684,
            "z": -1.0
        },
        {
            "x": 418.63947625429864,
            "y": 383.1244804607664,
            "z": -1.0
        },
        {
            "x": 544.5898903410895,
            "y": 422.7398715705317,
            "z": -1.0
        },
        {
            "x": 428.38184752233,
            "y": 385.7708387925607,
            "z": -1.0
        },
        {
            "x": 455.16566502336474,
            "y": 330.9051139956824,
            "z": -1.0
        },
        {
            "x": 538.9486156397894,
            "y": 351.3759206343783,
            "z": -1.0
        },
        {
            "x": 425.9457147247121,
            "y": 418.00594862358344,
            "z": -1.0
        },
        {
            "x": 483.07371149432146,
            "y": 331.3029545915732,
            "z": -1.0
        },
        {
            "x": 438.02548785357556,
            "y": 408.1188557035128,
            "z": -1.0
        },
        {
            "x": 548.9935619218447,
            "y": 369.43453299114725,
            "z": -1.0
        },
        {
            "x": 534.8386509665695,
            "y": 337.37626926688256,
            "z": -1.0
        },
        {
            "x": 530.5628101166259,
            "y": 434.9972595810193,
            "z": -1.0
        },
        {
            "x": 546.3245190565449,
            "y": 377.83353885296054,
            "z": -1.0
        },
        {
            "x": 468.7414473849856,
            "y": 448.946096007959,
            "z": -1.0
        },
        {
            "x": 426.7232545957912,
            "y": 365.9038153177859,
            "z": -1.0
        },
        {
            "x": 537.212010538933,
            "y": 432.91064787046474,
            "z": -1.0
        },
        {
            "x": 549.2247759568266,
            "y": 355.0328288176943,
            "z": -1.0
        },
        {
            "x": 471.3977181923931,
            "y": 337.0380976364834,
            "z": -1.0
        },
        {
            "x": 555.7515759804053,
            "y": 371.89685890878866,
            "z": -1.0
        },
        {
            "x": 504.32299500491627,
            "y": 332.9917610735065,
            "z": -1.0
        },
        {
            "x": 531.0463840416064,
            "y": 438.40062246500986,
            "z": -1.0
        },
        {
            "x": 468.7391972132534,
            "y": 323.31167203277334,
            "z": -1.0
        },
        {
            "x": 490.05956099852335,
            "y": 329.67429399205747,
            "z": -1.0
        },
        {
            "x": 520.199907263435,
            "y": 432.39625685355674,
            "z": -1.0
        },
        {
            "x": 448.8686881791599,
            "y": 435.2873932517254,
            "z": -1.0
        },
        {
            "x": 481.3723532387255,
            "y": 318.1107241014145,
            "z": -1.0
        },
        {
            "x": 536.5866465367964,
            "y": 353.3463466713694,
            "z": -1.0
        },
        {
            "x": 522.334547162499,
            "y": 332.631613582397,
            "z": -1.0
        },
        {
            "x": 461.33535866141284,
            "y": 329.82144239596846,
            "z": -1.0
        },
        {
            "x": 446.792989260149,
            "y": 347.5922081368394,
            "z": -1.0
        },
        {
            "x": 548.2795220935325,
            "y": 409.957733482864,
            "z": -1.0
        },
        {
            "x": 544.4728534478944,
            "y": 367.73010584157186,
            "z": -1.0
        },
        {
            "x": 460.3851372034805,
            "y": 436.5831633624474,
            "z": -1.0
        },
        {
            "x": 448.9582864215984,
            "y": 426.8236528877525,
            "z": -1.0
        },
        {
            "x": 549.1626071933109,
            "y": 389.73044842911463,
            "z": -1.0
        },
        {
            "x": 426.10204804101403,
            "y": 401.68901831100646,
            "z": -1.0
        },
        {
            "x": 451.2004537612743,
            "y": 349.0521833416701,
            "z": -1.0
        },
        {
            "x": 506.06148661877404,
            "y": 437.2972993115273,
            "z": -1.0
        },
        {
            "x": 496.15660497669967,
            "y": 315.1147261852312,
            "z": -1.0
        },
        {
            "x": 481.0280510476761,
            "y": 445.6826840521305,
            "z": -1.0
        },
        {
            "x": 542.6561895111854,
            "y": 374.4351314983624,
            "z": -1.0
        },
        {
            "x": 492.5312753058124,
            "y": 314.81179510233835,
            "z": -1.0
        },
        {
            "x": 512.7976009488552,
            "y": 444.43013598179357,
            "z": -1.0
        },
        {
            "x": 468.4745591817255,
            "y": 444.3237265674455,
            "z": -1.0
        },
        {
            "x": 437.10396158238785,
            "y": 362.0689912685687,
            "z": -1.0
        },
        {
            "x": 461.2818025297013,
            "y": 326.0360209954867,
            "z": -1.0
        },
        {
            "x": 425.7915696092924,
            "y": 414.4017502538577,
            "z": -1.0
        },
        {
            "x": 475.8840114666028,
            "y": 440.26599210825054,
            "z": -1.0
        },
        {
            "x": 438.53974335504086,
            "y": 354.29301260904043,
            "z": -1.0
        },
        {
            "x": 457.14778527416024,
            "y": 326.77975533166006,
            "z": -1.0
        },
        {
            "x": 529.2938973480055,
            "y": 341.136756725843,
            "z": -1.0
        },
        {
            "x": 434.542336182003,
            "y": 349.81368067220984,
            "z": -1.0
        },
        {
            "x": 541.6236938164909,
            "y": 371.23129032512315,
            "z": -1.0
        },
        {
            "x": 540.8810255399104,
            "y": 356.6983628577806,
            "z": -1.0
        },
        {
            "x": 498.5621584838875,
            "y": 328.8910510801841,
            "z": -1.0
        },
        {
            "x": 512.0986126209782,
            "y": 434.0327204856956,
            "z": -1.0
        },
        {
            "x": 549.8816344854151,
            "y": 406.7564675609802,
            "z": -1.0
        },
        {
            "x": 434.7767568118335,
            "y": 392.23913424134605,
            "z": -1.0
        },
        {
            "x": 530.4181311044833,
            "y": 359.74708194523,
            "z": -1.0
        },
        {
            "x": 534.1062200237876,
            "y": 355.503977117355,
            "z": -1.0
        },
        {
            "x": 430.8796411670682,
            "y": 362.65975880551747,
            "z": -1.0
        },
        {
            "x": 579.2782714021264,
            "y": 443.45433056237147,
            "z": -1.0
        },
        {
            "x": 503.82437403830573,
            "y": 301.03478137785055,
            "z": -1.0
        },
        {
            "x": 506.21296134770955,
            "y": 302.4425743870892,
            "z": -1.0
        },
        {
            "x": 374.644127278155,
            "y": 361.7688865365349,
            "z": -1.0
        },
        {
            "x": 554.8781313594474,
            "y": 319.779364119824,
            "z": -1.0
        },
        {
            "x": 527.8144864504399,
            "y": 315.2164654745664,
            "z": -1.0
        },
        {
            "x": 444.5176176865686,
            "y": 471.7824051307804,
            "z": -1.0
        },
        {
            "x": 480.1775540996985,
            "y": 477.10772382788105,
            "z": -1.0
        },
        {
            "x": 519.0488043584604,
            "y": 287.17852868074465,
            "z": -1.0
        },
        {
            "x": 563.7536840892043,
            "y": 267.7848630588392,
            "z": -1.0
        },
        {
            "x": 598.9707558911396,
            "y": 395.06200523982903,
            "z": -1.0
        },
        {
            "x": 420.73357584102575,
            "y": 416.6928897141906,
            "z": -1.0
        },
        {
            "x": 459.5724832431131,
            "y": 456.667379777713,
            "z": -1.0
        },
        {
            "x": 513.6046738538436,
            "y": 279.41487829187537,
            "z": -1.0
        },
        {
            "x": 463.11229361745256,
            "y": 503.114782274332,
            "z": -1.0
        },
        {
            "x": 440.966911130634,
            "y": 502.9572304640337,
            "z": -1.0
        },
        {
            "x": 381.11785801169594,
            "y": 430.3739407610706,
            "z": -1.0
        },
        {
            "x": 574.8912519922001,
            "y": 442.47539967085135,
            "z": -1.0
        },
        {
            "x": 569.967758004831,
            "y": 268.88487136337915,
            "z": -1.0
        },
        {
            "x": 566.533277633366,
            "y": 489.4480021747203,
            "z": -1.0
        },
        {
            "x": 569.6837344116285,
            "y": 250.17767727204532,
            "z": -1.0
        },
        {
            "x": 543.128763488952,
            "y": 298.05814703276866,
            "z": -1.0
        },
        {
            "x": 538.3907485831893,
            "y": 269.74471024115144,
            "z": -1.0
        },
        {
            "x": 420.7139646989891,
            "y": 415.50336798253886,
            "z": -1.0
        },
        {
            "x": 495.80657645348737,
            "y": 504.6306066696288,
            "z": -1.0
        },
        {
            "x": 378.96221840586406,
            "y": 376.3657517748257,
            "z": -1.0
        },
        {
            "x": 557.1776871176195,
            "y": 325.5079157484718,
            "z": -1.0
        },
        {
            "x": 522.7669207237709,
            "y": 487.45235762742743,
            "z": -1.0
        },
        {
            "x": 551.1456538918967,
            "y": 278.01711616242386,
            "z": -1.0
        },
        {
            "x": 568.8636902304908,
            "y": 274.1726179221662,
            "z": -1.0
        },
        {
            "x": 577.3557504163584,
            "y": 305.18853497165355,
            "z": -1.0
        },
        {
            "x": 582.7959978642544,
            "y": 397.0632866133544,
            "z": -1.0
        },
        {
            "x": 516.1483473872186,
            "y": 457.7896450904738,
            "z": -1.0
        },
        {
            "x": 428.2992223235514,
            "y": 464.49729281079044,
            "z": -1.0
        },
        {
            "x": 446.8021000790191,
            "y": 545.0464772531085,
            "z": -1.0
        },
        {
            "x": 400.3776669179412,
            "y": 332.8783721638819,
            "z": -1.0
        },
        {
            "x": 338.951337797897,
            "y": 333.63651540956687,
            "z": -1.0
        },
        {
            "x": 403.17633348741634,
            "y": 293.26708053970185,
            "z": -1.0
        },
        {
            "x": 382.7425143732756,
            "y": 266.31224488239536,
            "z": -1.0
        },
        {
            "x": 628.9474332145882,
            "y": 447.6218334115346,
            "z": -1.0
        },
        {
            "x": 415.38134441046935,
            "y": 376.43279058100444,
            "z": -1.0
        },
        {
            "x": 562.968197849972,
            "y": 414.2727919875614,
            "z": -1.0
        },
        {
            "x": 527.0367426162051,
            "y": 452.48480338462673,
            "z": -1.0
        },
        {
            "x": 561.4857888331213,
            "y": 216.60524133316738,
            "z": -1.0
        },
        {
            "x": 516.482268787896,
            "y": 453.22017170151196,
            "z": -1.0
        },
        {
            "x": 612.5754893910607,
            "y": 367.4975392112462,
            "z": -1.0
        },
        {
            "x": 544.8534344617966,
            "y": 293.71640157234947,
            "z": -1.0
        },
        {
            "x": 390.26991587289183,
            "y": 366.14291252099565,
            "z": -1.0
        },
        {
            "x": 314.71040691516237,
            "y": 328.5251343879576,
            "z": -1.0
        },
        {
            "x": 609.4944890672067,
            "y": 254.89849547753428,
            "z": -1.0
        },
        {
            "x": 356.86432880035557,
            "y": 368.1972577225111,
            "z": -1.0
        },
        {
            "x": 487.0585933749586,
            "y": 306.9729385454473,
            "z": -1.0
        },
        {
            "x": 493.50564556650636,
            "y": 473.39675676472046,
            "z": -1.0
        },
        {
            "x": 349.9184560632628,
            "y": 425.7935408242284,
            "z": -1.0
        },
        {
            "x": 544.384720456074,
            "y": 294.0055262094241,
            "z": -1.0
        },
        {
            "x": 361.09265394381987,
            "y": 441.3809984955878,
            "z": -1.0
        },
        {
            "x": 556.7435773824557,
            "y": 256.4681563994423,
            "z": -1.0
        },
        {
            "x": 357.09110392047796,
            "y": 262.970260454398,
            "z": -1.0
        },
        {
            "x": 373.2116383274275,
            "y": 365.85382085141083,
            "z": -1.0
        },
        {
            "x": 317.1495010788705,
            "y": 387.18833438062273,
            "z": -1.0
        },
        {
            "x": 616.5489628148106,
            "y": 473.31470160082614,
            "z": -1.0
        },
        {
            "x": 499.71759216483224,
            "y": 255.31920681783393,
            "z": -1.0
        },
        {
            "x": 510.0375589576748,
            "y": 258.4408825574148,
            "z": -1.0
        },
        {
            "x": 564.0674406559972,
            "y": 271.9533173027794,
            "z": -1.0
        },
        {
            "x": 421.9782771931525,
            "y": 489.3721749897768,
            "z": -1.0
        },
        {
            "x": 576.8264186178023,
            "y": 243.87551952656594,
            "z": -1.0
        },
        {
            "x": 333.561038602073,
            "y": 465.244380870909,
            "z": -1.0
        },
        {
            "x": 570.9875845221944,
            "y": 460.65681618454147,
            "z": -1.0
        },
        {
            "x": 388.84660602184675,
            "y": 303.111659592012,
            "z": -1.0
        },
        {
            "x": 447.55776987797833,
            "y": 554.2879303864667,
            "z": -1.0
        },
        {
            "x": 300.5949348550505,
            "y": 456.89374139407926,
            "z": -1.0
        },
        {
            "x": 456.9264335051605,
            "y": 313.76196635009677,
            "z": -1.0
        },
        {
            "x": 346.08536285970547,
            "y": 334.4828794506263,
            "z": -1.0
        },
        {
            "x": 616.0608953499254,
            "y": 208.27504685010467,
            "z": -1.0
        },
        {
            "x": 417.51404174180186,
            "y": 427.4443015352118,
            "z": -1.0
        },
        {
            "x": 655.7936817733072,
            "y": 434.42292363457227,
            "z": -1.0
        },
        {
            "x": 560.508532887925,
            "y": 524.8449403429777,
            "z": -1.0
        },
        {
            "x": 353.22536031931196,
            "y": 446.32055332235444,
            "z": -1.0
        },
        {
            "x": 663.7584606277848,
            "y": 196.3365843045788,
            "z": -1.0
        },
        {
            "x": 466.5073467937249,
            "y": 267.1387126564877,
            "z": -1.0
        },
        {
            "x": 553.5053962724626,
            "y": 457.8004841237646,
            "z": -1.0
        },
        {
            "x": 391.82027504567907,
            "y": 416.6050972611173,
            "z": -1.0
        },
        {
            "x": 353.0706539341407,
            "y": 404.90850602885143,
            "z": -1.0
        },
        {
            "x": 633.6722713571137,
            "y": 328.02986940995913,
            "z": -1.0
        },
        {
            "x": 704.8592323098678,
            "y": 206.36599070392737,
            "z": -1.0
        },
        {
            "x": 641.4604121041223,
            "y": 431.05238470248486,
            "z": -1.0
        },
        {
            "x": 587.7959723965819,
            "y": 248.3111418763493,
            "z": -1.0
        },
        {
            "x": 356.4842659680576,
            "y": 261.44892904504536,
            "z": -1.0
        },
        {
            "x": 536.6709932015,
            "y": 562.1486895416717,
            "z": -1.0
        },
        {
            "x": 601.7113556674254,
            "y": 402.79867522192325,
            "z": -1.0
        },
        {
            "x": 590.5931685653192,
            "y": 486.8398757810447,
            "z": -1.0
        },
        {
            "x": 422.1370425519892,
            "y": 432.3215686191955,
            "z": -1.0
        },
        {
            "x": 303.01586483048027,
            "y": 289.0734496825037,
            "z": -1.0
        },
        {
            "x": 458.3146123316575,
            "y": 479.5340265984237,
            "z": -1.0
        },
        {
            "x": 399.53613414215425,
            "y": 241.9588806664369,
            "z": -1.0
        },
        {
            "x": 606.0554522833023,
            "y": 252.79017963263263,
            "z": -1.0
        },
        {
            "x": 626.8695195079388,
            "y": 508.9709854471587,
            "z": -1.0
        },
        {
            "x": 617.9751039607002,
            "y": 321.10997555302134,
            "z": -1.0
        },
        {
            "x": 495.62676248979085,
            "y": 520.7664654398675,
            "z": -1.0
        },
        {
            "x": 575.731132544578,
            "y": 468.72101788897334,
            "z": -1.0
        },
        {
            "x": 521.3946731703562,
            "y": 315.74613638662896,
            "z": -1.0
        },
        {
            "x": 631.531163006471,
            "y": 302.35801183027434,
            "z": -1.0
        },
        {
            "x": 729.8653391102731,
            "y": 202.63473521965224,
            "z": -1.0
        },
        {
            "x": 352.9336873025932,
            "y": 329.60366493341866,
            "z": -1.0
        },
        {
            "x": 683.4446205701005,
            "y": 454.6794075263663,
            "z": -1.0
        },
        {
            "x": 341.1335932911327,
            "y": 282.7434559803177,
            "z": -1.0
        },
        {
            "x": 531.3804078309066,
            "y": 293.232772195612,
            "z": -1.0
        },
        {
            "x": 514.3587773926723,
            "y": 582.3540709884472,
            "z": -1.0
        },
        {
            "x": 386.40980886308273,
            "y": 351.10096170815996,
            "z": -1.0
        },
        {
            "x": 361.23627334826034,
            "y": 437.0175924817238,
            "z": -1.0
        },
        {
            "x": 297.9496557911617,
            "y": 381.54221844807176,
            "z": -1.0
        },
        {
            "x": 591.1346814645595,
            "y": 408.59115851481795,
            "z": -1.0
        },
        {
            "x": 282.25763219963085,
            "y": 397.3649510261036,
            "z": -1.0
        },
        {
            "x": 546.3020701534448,
            "y": 199.62997735546227,
            "z": -1.0
        },
        {
            "x": 247.63014686580732,
            "y": 368.2122404928482,
            "z": -1.0
        },
        {
            "x": 619.9641091542937,
            "y": 368.7384014099252,
            "z": -1.0
        },
        {
            "x": 528.2314603604049,
            "y": 158.7347169920672,
            "z": -1.0
        },
        {
            "x": 758.9648252235617,
            "y": 181.64785943939765,
            "z": -1.0
        },
        {
            "x": 607.714019223006,
            "y": 383.3713350204346,
            "z": -1.0
        },
        {
            "x": 708.161652811876,
            "y": 206.37276142651606,
            "z": -1.0
        },
        {
            "x": 252.78263651472454,
            "y": 469.78712996702444,
            "z": -1.0
        },
        {
            "x": 362.24070382678997,
            "y": 305.04439128851004,
            "z": -1.0
        },
        {
            "x": 521.4366108045989,
            "y": 271.2343430110424,
            "z": -1.0
        },
        {
            "x": 479.29222621431956,
            "y": 254.90284942198326,
            "z": -1.0
        },
        {
            "x": 664.2494005712279,
            "y": 392.19711837770785,
            "z": -1.0
        },
        {
            "x": 441.0791153468254,
            "y": 492.64443284073656,
            "z": -1.0
        },
        {
            "x": 674.8384040348143,
            "y": 149.8355720453801,
            "z": -1.0
        },
        {
            "x": 277.43006189270426,
            "y": 310.5275577654629,
            "z": -1.0
        },
        {
            "x": 677.6811273900424,
            "y": 127.5911431430996,
            "z": -1.0
        },
        {
            "x": 755.7580092174077,
            "y": 220.09477872498096,
            "z": -1.0
        },
        {
            "x": 611.9900097681239,
            "y": 477.7436935984929,
            "z": -1.0
        },
        {
            "x": 367.1326878672331,
            "y": 370.0673328764089,
            "z": -1.0
        },
        {
            "x": 217.39956515558688,
            "y": 438.9351144434168,
            "z": -1.0
        },
        {
            "x": 600.3627778666955,
            "y": 258.21377435982095,
            "z": -1.0
        },
        {
            "x": 227.18120946771293,
            "y": 497.9455538734155,
            "z": -1.0
        },
        {
            "x": 416.3563063689486,
            "y": 450.21605205879433,
            "z": -1.0
        },
        {
            "x": 583.2137548903993,
            "y": 425.5281805022565,
            "z": -1.0
        },
        {
            "x": 563.5402747354743,
            "y": 239.19975210569368,
            "z": -1.0
        },
        {
            "x": 646.3136316041267,
            "y": 183.35315753648385,
            "z": -1.0
        },
        {
            "x": 627.989470960966,
            "y": 131.3147179713876,
            "z": -1.0
        },
        {
            "x": 211.7354461179004,
            "y": 527.7630136161408,
            "z": -1.0
        },
        {
            "x": 640.6766170339132,
            "y": 375.28263711806966,
            "z": -1.0
        },
        {
            "x": 240.61817393160257,
            "y": 541.7768787229303,
            "z": -1.0
        },
        {
            "x": 545.9276214948337,
            "y": 530.3440218160077,
            "z": -1.0
        },
        {
            "x": 343.59925196844665,
            "y": 330.78021886960306,
            "z": -1.0
        },
        {
            "x": 564.4521009673863,
            "y": 521.826118139203,
            "z": -1.0
        },
        {
            "x": 587.807944462593,
            "y": 448.0443890626018,
            "z": -1.0
        },
        {
            "x": 574.6098825562229,
            "y": 534.1199376145137,
            "z": -1.0
        },
        {
            "x": 179.97015328829713,
            "y": 439.8670897458447,
            "z": -1.0
        },
        {
            "x": 648.785668596108,
            "y": 271.37079286057417,
            "z": -1.0
        },
        {
            "x": 299.1832448902787,
            "y": 411.69782011217137,
            "z": -1.0
        },
        {
            "x": 221.79103448132432,
            "y": 411.85414832495917,
            "z": -1.0
        },
        {
            "x": 436.465346543461,
            "y": 507.0223394823393,
            "z": -1.0
        },
        {
            "x": 649.243167779321,
            "y": 383.16527744826703,
            "z": -1.0
        },
        {
            "x": 607.3611315774107,
            "y": 213.55384996330972,
            "z": -1.0
        },
        {
            "x": 338.14564132357583,
            "y": 236.0093938531832,
            "z": -1.0
        },
        {
            "x": 635.7924244858397,
            "y": 452.0273054615017,
            "z": -1.0
        },
        {
            "x": 667.5070749850734,
            "y": 151.0312575163132,
            "z": -1.0
        },
        {
            "x": 652.7464267683755,
            "y": 444.6393526970605,
            "z": -1.0
        },
        {
            "x": 359.98046286981247,
            "y": 214.47426783549017,
            "z": -1.0
        },
        {
            "x": 759.7209129554784,
            "y": 252.46602681591966,
            "z": -1.0
        },
        {
            "x": 561.09063289064,
            "y": 268.00533090194324,
            "z": -1.0
        },
        {
            "x": 796.1159077212743,
            "y": 267.7772237553305,
            "z": -1.0
        },
        {
            "x": 458.08086305903,
            "y": 521.3876949213555,
            "z": -1.0
        },
        {
            "x": 372.299830146085,
            "y": 348.4129154502003,
            "z": -1.0
        },
        {
            "x": 736.5457327437621,
            "y": 161.8778461453869,
            "z": -1.0
        },
        {
            "x": 759.0088998559282,
            "y": 299.49163606283935,
            "z": -1.0
        },
        {
            "x": 646.8011769517739,
            "y": 268.43337193663587,
            "z": -1.0
        },
        {
            "x": 613.3052781188416,
            "y": 522.0094735560184,
            "z": -1.0
        },
        {
            "x": 712.5960025760522,
            "y": 134.1020760104903,
            "z": -1.0
        },
        {
            "x": 652.1241204911149,
            "y": 112.72114520456323,
            "z": -1.0
        },
        {
            "x": 355.7662199957363,
            "y": 415.642951500176,
            "z": -1.0
        },
        {
            "x": 499.3551249072422,
            "y": 219.00435103828252,
            "z": -1.0
        },
        {
            "x": 552.5639036015033,
            "y": 180.33107907905887,
            "z": -1.0
        },
        {
            "x": 506.8033070109917,
            "y": 474.73562181496186,
            "z": -1.0
        },
        {
            "x": 542.5211852968993,
            "y": 125.8490770572075,
            "z": -1.0
        },
        {
            "x": 794.7767561658928,
            "y": 267.1404539716369,
            "z": -1.0
        },
        {
            "x": 751.2106506986854,
            "y": 198.64062634493362,
            "z": -1.0
        },
        {
            "x": 150.8837398198395,
            "y": 434.62936709455914,
            "z": -1.0
        },
        {
            "x": 815.0916647235409,
            "y": 249.197260232215,
            "z": -1.0
        },
        {
            "x": 444.1663113848687,
            "y": 504.4612258165569,
            "z": -1.0
        },
        {
            "x": 534.2996687692287,
            "y": 292.3719078253525,
            "z": -1.0
        },
        {
            "x": 620.2631874117459,
            "y": 384.21388438751404,
            "z": -1.0
        },
        {
            "x": 723.2031208400604,
            "y": 191.88134949823242,
            "z": -1.0
        },
        {
            "x": 627.370904131716,
            "y": 152.84256446219,
            "z": -1.0
        },
        {
            "x": 672.7387719455413,
            "y": 210.67413612342645,
            "z": -1.0
        },
        {
            "x": 705.8078174057085,
            "y": 210.96145216784822,
            "z": -1.0
        },
        {
            "x": 854.4898746609244,
            "y": 220.25961129048576,
            "z": -1.0
        },
        {
            "x": 278.5660787217175,
            "y": 418.13096385650084,
            "z": -1.0
        },
        {
            "x": 114.06602455587644,
            "y": 445.03801419692104,
            "z": -1.0
        },
        {
            "x": 233.38899367187338,
            "y": 306.28865735518207,
            "z": -1.0
        },
        {
            "x": 557.5257872037241,
            "y": 364.48057047448566,
            "z": -1.0
        },
        {
            "x": 251.15826267510442,
            "y": 405.84388232531,
            "z": -1.0
        },
        {
            "x": 575.6102030203717,
            "y": 214.3120331170151,
            "z": -1.0
        },
        {
            "x": 668.5306453363628,
            "y": 121.44156511845672,
            "z": -1.0
        },
        {
            "x": 548.2295423458629,
            "y": 216.8886190689302,
            "z": -1.0
        },
        {
            "x": 443.7074818013187,
            "y": 264.1851131077908,
            "z": -1.0
        },
        {
            "x": 717.8481841410683,
            "y": 425.9691241831152,
            "z": -1.0
        },
        {
            "x": 657.090540220495,
            "y": 518.6111218469517,
            "z": -1.0
        },
        {
            "x": 393.1528583937326,
            "y": 385.6255525495403,
            "z": -1.0
        }
    ],
    "center": {
        "x": 486.8584640752381,
        "y": 385.19443294236794,
        "z": 0.0
    },
    "radius": 25
}