{
    "W": 1000,
    "H": 1000,
    "depth": 1.0,
    "height": 10.0,
    "num_of_relays": 200,
    "num_of_sensors": 200,
    "relays": [
        {
            "x": 575.1812789352072,
            "y": 435.9330314853519,
            "z": 10.0
        },
        {
            "x": 568.5627641502886,
            "y": 500.562117745056,
            "z": 10.0
        },
        {
            "x": 554.0931368625671,
            "y": 446.2916187805362,
            "z": 10.0
        },
        {
            "x": 585.7039854763857,
            "y": 457.6888253215676,
            "z": 10.0
        },
        {
            "x": 539.3443111663292,
            "y": 479.87302943309453,
            "z": 10.0
        },
        {
            "x": 568.4672962703282,
            "y": 447.097757156364,
            "z": 10.0
        },
        {
            "x": 596.7795335735236,
            "y": 452.2289775870718,
            "z": 10.0
        },
        {
            "x": 605.987776908573,
            "y": 482.9681430566844,
            "z": 10.0
        },
        {
            "x": 522.9206514118558,
            "y": 462.39936334271226,
            "z": 10.0
        },
        {
            "x": 555.4864116143137,
            "y": 416.8582769958024,
            "z": 10.0
        },
        {
            "x": 549.0539206236972,
            "y": 485.61785478500894,
            "z": 10.0
        },
        {
            "x": 550.808926642216,
            "y": 464.91981980443,
            "z": 10.0
        },
        {
            "x": 532.7453972635217,
            "y": 472.32157623617445,
            "z": 10.0
        },
        {
            "x": 525.9602344498238,
            "y": 471.6086061516692,
            "z": 10.0
        },
        {
            "x": 545.4435301043735,
            "y": 439.8095457288731,
            "z": 10.0
        },
        {
            "x": 519.2073794194528,
            "y": 482.07984296480834,
            "z": 10.0
        },
        {
            "x": 582.1025115318479,
            "y": 498.73915641275624,
            "z": 10.0
        },
        {
            "x": 555.4007176857523,
            "y": 461.74041361623716,
            "z": 10.0
        },
        {
            "x": 571.1994213628918,
            "y": 487.436739095922,
            "z": 10.0
        },
        {
            "x": 579.2415122807281,
            "y": 450.0164322655952,
            "z": 10.0
        },
        {
            "x": 554.8800279530617,
            "y": 471.29807280495663,
            "z": 10.0
        },
        {
            "x": 546.2792197650888,
            "y": 446.34423908384366,
            "z": 10.0
        },
        {
            "x": 559.7809571260548,
            "y": 486.8393691674945,
            "z": 10.0
        },
        {
            "x": 560.9718087558547,
            "y": 485.3457170784876,
            "z": 10.0
        },
        {
            "x": 539.593081830965,
            "y": 442.9069325690752,
            "z": 10.0
        },
        {
            "x": 595.4971414736242,
            "y": 434.37557744953324,
            "z": 10.0
        },
        {
            "x": 559.8849224372066,
            "y": 468.71363016474277,
            "z": 10.0
        },
        {
            "x": 577.1844307595959,
            "y": 445.40284427739186,
            "z": 10.0
        },
        {
            "x": 562.546752430665,
            "y": 493.18392058847206,
            "z": 10.0
        },
        {
            "x": 541.1842792277197,
            "y": 500.19057076271355,
            "z": 10.0
        },
        {
            "x": 559.3273841770388,
            "y": 422.8539159059361,
            "z": 10.0
        },
        {
            "x": 559.1068692509065,
            "y": 417.02135365405115,
            "z": 10.0
        },
        {
            "x": 541.7398797678162,
            "y": 469.78450255955875,
            "z": 10.0
        },
        {
            "x": 533.9998786078423,
            "y": 497.7539329388905,
            "z": 10.0
        },
        {
            "x": 539.1877589640579,
            "y": 433.2856616149432,
            "z": 10.0
        },
        {
            "x": 597.2360726649181,
            "y": 463.35203982091855,
            "z": 10.0
        },
        {
            "x": 556.5876832596435,
            "y": 487.40790501485,
            "z": 10.0
        },
        {
            "x": 565.7763678551107,
            "y": 436.3095136691505,
            "z": 10.0
        },
        {
            "x": 582.6731318811894,
            "y": 439.7561367195536,
            "z": 10.0
        },
        {
            "x": 520.6269012909538,
            "y": 484.0566457863029,
            "z": 10.0
        },
        {
            "x": 588.5856953644967,
            "y": 432.6848643647565,
            "z": 10.0
        },
        {
            "x": 544.2677465343288,
            "y": 437.88364883019403,
            "z": 10.0
        },
        {
            "x": 530.8681059735861,
            "y": 430.27961822371196,
            "z": 10.0
        },
        {
            "x": 551.930871853621,
            "y": 461.07947789571415,
            "z": 10.0
        },
        {
            "x": 565.6809861433337,
            "y": 500.2125934056705,
            "z": 10.0
        },
        {
            "x": 565.3492998259499,
            "y": 452.266544958402,
            "z": 10.0
        },
        {
            "x": 597.4145307085269,
            "y": 465.07971928637505,
            "z": 10.0
        },
        {
            "x": 567.9545529258946,
            "y": 425.2486506152903,
            "z": 10.0
        },
        {
            "x": 542.9434846532548,
            "y": 488.41230669189605,
            "z": 10.0
        },
        {
            "x": 562.4720050448907,
            "y": 438.38126107218835,
            "z": 10.0
        },
        {
            "x": 513.8813510772092,
            "y": 465.0189636102808,
            "z": 10.0
        },
        {
            "x": 545.0044397719172,
            "y": 481.93728072769426,
            "z": 10.0
        },
        {
            "x": 581.5838029471254,
            "y": 457.31367129921887,
            "z": 10.0
        },
        {
            "x": 565.9287994646137,
            "y": 479.88750768340617,
            "z": 10.0
        },
        {
            "x": 561.6681171394075,
            "y": 479.89802827384784,
            "z": 10.0
        },
        {
            "x": 542.7186944388683,
            "y": 472.79458905284287,
            "z": 10.0
        },
        {
            "x": 525.3513117855103,
            "y": 488.9254559479329,
            "z": 10.0
        },
        {
            "x": 595.199501448497,
            "y": 432.72717739696276,
            "z": 10.0
        },
        {
            "x": 542.810140044922,
            "y": 454.4039108943141,
            "z": 10.0
        },
        {
            "x": 600.7593694445778,
            "y": 464.07434322021754,
            "z": 10.0
        },
        {
            "x": 529.0088195689596,
            "y": 440.5127938272173,
            "z": 10.0
        },
        {
            "x": 561.5537363510092,
            "y": 458.39651286830616,
            "z": 10.0
        },
        {
            "x": 542.4843134486889,
            "y": 503.6659876876631,
            "z": 10.0
        },
        {
            "x": 587.9896528851065,
            "y": 495.06070768226385,
            "z": 10.0
        },
        {
            "x": 576.8225863375292,
            "y": 491.9899898656721,
            "z": 10.0
        },
        {
            "x": 552.9026709091271,
            "y": 479.06662040571933,
            "z": 10.0
        },
        {
            "x": 565.3161579734015,
            "y": 494.8794848882223,
            "z": 10.0
        },
        {
            "x": 518.8705195199846,
            "y": 448.5174722001525,
            "z": 10.0
        },
        {
            "x": 539.0250910700806,
            "y": 498.02970742685335,
            "z": 10.0
        },
        {
            "x": 575.2543980116845,
            "y": 499.92894448441916,
            "z": 10.0
        },
        {
            "x": 588.8577422107031,
            "y": 502.39725344408936,
            "z": 10.0
        },
        {
            "x": 550.8806489329988,
            "y": 428.5548119470717,
            "z": 10.0
        },
        {
            "x": 586.3059230701244,
            "y": 455.9275101761887,
            "z": 10.0
        },
        {
            "x": 545.0136288387566,
            "y": 443.6611109971489,
            "z": 10.0
        },
        {
            "x": 582.7679029354767,
            "y": 417.43612208079975,
            "z": 10.0
        },
        {
            "x": 562.7305677703314,
            "y": 473.59128566657415,
            "z": 10.0
        },
        {
            "x": 558.8922911708205,
            "y": 427.58869172652226,
            "z": 10.0
        },
        {
            "x": 555.1940224061395,
            "y": 484.7063361017332,
            "z": 10.0
        },
        {
            "x": 546.2116995383099,
            "y": 470.74569801058044,
            "z": 10.0
        },
        {
            "x": 567.0464359211333,
            "y": 433.16424923330453,
            "z": 10.0
        },
        {
            "x": 550.4497338526475,
            "y": 426.7578469077269,
            "z": 10.0
        },
        {
            "x": 538.4441993085612,
            "y": 421.712142804607,
            "z": 10.0
        },
        {
            "x": 549.2916394807969,
            "y": 471.2383229484262,
            "z": 10.0
        },
        {
            "x": 594.6539154692806,
            "y": 483.288769471935,
            "z": 10.0
        },
        {
            "x": 534.1079795523397,
            "y": 449.0522726674464,
            "z": 10.0
        },
        {
            "x": 561.1792550742111,
            "y": 493.11099603526674,
            "z": 10.0
        },
        {
            "x": 550.2944001104094,
            "y": 436.7599468461263,
            "z": 10.0
        },
        {
            "x": 548.4402648582858,
            "y": 485.40412990733495,
            "z": 10.0
        },
        {
            "x": 584.8711049499436,
            "y": 489.15427789757626,
            "z": 10.0
        },
        {
            "x": 540.7164279843408,
            "y": 452.73689237747703,
            "z": 10.0
        },
        {
            "x": 610.7875649936828,
            "y": 463.986456880356,
            "z": 10.0
        },
        {
            "x": 607.9742119331967,
            "y": 454.95126835612376,
            "z": 10.0
        },
        {
            "x": 594.7694392150635,
            "y": 437.3301838671625,
            "z": 10.0
        },
        {
            "x": 543.6287092027309,
            "y": 500.20424447930566,
            "z": 10.0
        },
        {
            "x": 605.2729575650808,
            "y": 482.78268758331166,
            "z": 10.0
        },
        {
            "x": 552.6708399286733,
            "y": 446.1150212603126,
            "z": 10.0
        },
        {
            "x": 575.250568581575,
            "y": 443.7719375875592,
            "z": 10.0
        },
        {
            "x": 585.714357191566,
            "y": 472.29332395717614,
            "z": 10.0
        },
        {
            "x": 546.9460520737575,
            "y": 491.94911467139246,
            "z": 10.0
        },
        {
            "x": 549.0711549061906,
            "y": 470.73025102429835,
            "z": 10.0
        },
        {
            "x": 520.5879684877789,
            "y": 448.4170503895981,
            "z": 10.0
        },
        {
            "x": 546.8551686439165,
            "y": 430.17853593670816,
            "z": 10.0
        },
        {
            "x": 560.3572476028031,
            "y": 460.32803794298485,
            "z": 10.0
        },
        {
            "x": 567.4332078014759,
            "y": 436.8573778305863,
            "z": 10.0
        },
        {
            "x": 577.2266049380152,
            "y": 465.3639956392854,
            "z": 10.0
        },
        {
            "x": 594.6937491929822,
            "y": 489.75672044875427,
            "z": 10.0
        },
        {
            "x": 573.198806203549,
            "y": 455.3242403688289,
            "z": 10.0
        },
        {
            "x": 522.6034299561052,
            "y": 444.7740391220798,
            "z": 10.0
        },
        {
            "x": 592.1636146690607,
            "y": 438.6740195696722,
            "z": 10.0
        },
        {
            "x": 600.1648855546069,
            "y": 478.6378775857664,
            "z": 10.0
        },
        {
            "x": 518.9219132944899,
            "y": 480.2689249663349,
            "z": 10.0
        },
        {
            "x": 598.4359515005492,
            "y": 483.3412700308064,
            "z": 10.0
        },
        {
            "x": 601.0879705810984,
            "y": 436.48839139354334,
            "z": 10.0
        },
        {
            "x": 579.8465938392567,
            "y": 453.9525234656523,
            "z": 10.0
        },
        {
            "x": 563.3543520737375,
            "y": 466.49467238884625,
            "z": 10.0
        },
        {
            "x": 590.6329577256936,
            "y": 495.12905957000595,
            "z": 10.0
        },
        {
            "x": 603.4838074925293,
            "y": 462.7359827398504,
            "z": 10.0
        },
        {
            "x": 597.9430350487308,
            "y": 438.3981392007735,
            "z": 10.0
        },
        {
            "x": 563.9427046334823,
            "y": 494.97813743417896,
            "z": 10.0
        },
        {
            "x": 535.3990848961462,
            "y": 428.3293696678877,
            "z": 10.0
        },
        {
            "x": 530.8489223840319,
            "y": 460.2547028252727,
            "z": 10.0
        },
        {
            "x": 600.1048519084854,
            "y": 469.45773694534046,
            "z": 10.0
        },
        {
            "x": 548.989992763498,
            "y": 430.07579283280216,
            "z": 10.0
        },
        {
            "x": 526.3252472146623,
            "y": 435.4395667998985,
            "z": 10.0
        },
        {
            "x": 581.3456550995132,
            "y": 484.6799357340056,
            "z": 10.0
        },
        {
            "x": 541.3576609627746,
            "y": 443.60192544289447,
            "z": 10.0
        },
        {
            "x": 520.5041800042367,
            "y": 482.9093126452978,
            "z": 10.0
        },
        {
            "x": 580.0567709873716,
            "y": 421.9862497694192,
            "z": 10.0
        },
        {
            "x": 566.9855312172219,
            "y": 498.7178688988172,
            "z": 10.0
        },
        {
            "x": 610.0440532051698,
            "y": 468.6951745111949,
            "z": 10.0
        },
        {
            "x": 581.3825132270404,
            "y": 492.8692436876456,
            "z": 10.0
        },
        {
            "x": 535.528259329495,
            "y": 445.87643982431734,
            "z": 10.0
        },
        {
            "x": 607.5313424451527,
            "y": 479.21483733563673,
            "z": 10.0
        },
        {
            "x": 586.8069696544127,
            "y": 464.6712430696429,
            "z": 10.0
        },
        {
            "x": 585.3537662496718,
            "y": 447.9398981891166,
            "z": 10.0
        },
        {
            "x": 565.4879706270451,
            "y": 479.5743307086291,
            "z": 10.0
        },
        {
            "x": 571.4611566914729,
            "y": 492.745644110072,
            "z": 10.0
        },
        {
            "x": 576.4707079373576,
            "y": 454.8501059671133,
            "z": 10.0
        },
        {
            "x": 525.409860848437,
            "y": 464.2551188710383,
            "z": 10.0
        },
        {
            "x": 550.4497594598947,
            "y": 416.66412245153737,
            "z": 10.0
        },
        {
            "x": 573.792946628112,
            "y": 422.4793790981004,
            "z": 10.0
        },
        {
            "x": 540.6565496032339,
            "y": 421.7315137531816,
            "z": 10.0
        },
        {
            "x": 520.7346481725266,
            "y": 482.997724817829,
            "z": 10.0
        },
        {
            "x": 574.164335872753,
            "y": 491.2958187182257,
            "z": 10.0
        },
        {
            "x": 530.8093537812188,
            "y": 445.36309745886115,
            "z": 10.0
        },
        {
            "x": 552.7289389654608,
            "y": 443.9078663635447,
            "z": 10.0
        },
        {
            "x": 538.8699568451053,
            "y": 491.3873594225987,
            "z": 10.0
        },
        {
            "x": 565.1440183928063,
            "y": 449.6322028879535,
            "z": 10.0
        },
        {
            "x": 594.1061331304971,
            "y": 472.0297368527232,
            "z": 10.0
        },
        {
            "x": 553.3050735896966,
            "y": 477.4462708361896,
            "z": 10.0
        },
        {
            "x": 554.4860498423961,
            "y": 467.23563200234963,
            "z": 10.0
        },
        {
            "x": 596.4580476036558,
            "y": 495.74170430954433,
            "z": 10.0
        },
        {
            "x": 591.6599964142735,
            "y": 474.32777736034427,
            "z": 10.0
        },
        {
            "x": 568.3843526715908,
            "y": 498.7447246069926,
            "z": 10.0
        },
        {
            "x": 564.8600976029235,
            "y": 493.0296592554927,
            "z": 10.0
        },
        {
            "x": 572.1825594744237,
            "y": 478.63514112977623,
            "z": 10.0
        },
        {
            "x": 530.4543749902735,
            "y": 427.76228987474553,
            "z": 10.0
        },
        {
            "x": 571.0241941737924,
            "y": 493.2275708696151,
            "z": 10.0
        },
        {
            "x": 554.7801146549377,
            "y": 499.013529086789,
            "z": 10.0
        },
        {
            "x": 583.1725460988048,
            "y": 471.6636652565186,
            "z": 10.0
        },
        {
            "x": 578.5364059325242,
            "y": 429.4565751682148,
            "z": 10.0
        },
        {
            "x": 579.448492300068,
            "y": 497.0470883157532,
            "z": 10.0
        },
        {
            "x": 586.2217394015212,
            "y": 468.5184062590021,
            "z": 10.0
        },
        {
            "x": 578.9714983807979,
            "y": 494.3563766706017,
            "z": 10.0
        },
        {
            "x": 593.2070580777097,
            "y": 488.4284211237205,
            "z": 10.0
        },
        {
            "x": 590.4663380261542,
            "y": 477.28035705904836,
            "z": 10.0
        },
        {
            "x": 563.5893840380611,
            "y": 416.07349005701644,
            "z": 10.0
        },
        {
            "x": 548.689193897941,
            "y": 489.1571248017459,
            "z": 10.0
        },
        {
            "x": 599.5008310535305,
            "y": 455.41009800871836,
            "z": 10.0
        },
        {
            "x": 567.5454916908026,
            "y": 496.9124670904955,
            "z": 10.0
        },
        {
            "x": 580.069448052473,
            "y": 478.16964591733256,
            "z": 10.0
        },
        {
            "x": 557.1432754740426,
            "y": 450.21724289270327,
            "z": 10.0
        },
        {
            "x": 575.7247020166351,
            "y": 459.68156968272575,
            "z": 10.0
        },
        {
            "x": 580.4350723528084,
            "y": 472.9731354135972,
            "z": 10.0
        },
        {
            "x": 566.3106437674878,
            "y": 501.5434936786386,
            "z": 10.0
        },
        {
            "x": 571.8026502098796,
            "y": 452.4264248243599,
            "z": 10.0
        },
        {
            "x": 599.8400185992314,
            "y": 445.5206819978425,
            "z": 10.0
        },
        {
            "x": 583.0826139831179,
            "y": 434.5021039043414,
            "z": 10.0
        },
        {
            "x": 563.1815932793925,
            "y": 430.05180977683267,
            "z": 10.0
        },
        {
            "x": 561.6048920042599,
            "y": 485.34621527371394,
            "z": 10.0
        },
        {
            "x": 585.5253706080933,
            "y": 469.6906307996539,
            "z": 10.0
        },
        {
            "x": 586.2659920807633,
            "y": 433.87657273210567,
            "z": 10.0
        },
        {
            "x": 540.2075065560877,
            "y": 470.95103747924384,
            "z": 10.0
        },
        {
            "x": 560.2477299435989,
            "y": 484.0990656709944,
            "z": 10.0
        },
        {
            "x": 557.326798689555,
            "y": 441.61018318748427,
            "z": 10.0
        },
        {
            "x": 575.3863305590853,
            "y": 435.86301365557676,
            "z": 10.0
        },
        {
            "x": 586.4981428313935,
            "y": 480.54810050052686,
            "z": 10.0
        },
        {
            "x": 543.2261770880867,
            "y": 450.3507168022824,
            "z": 10.0
        },
        {
            "x": 528.6591707557642,
            "y": 432.70232635021233,
            "z": 10.0
        },
        {
            "x": 570.8435258298422,
            "y": 444.6632552420231,
            "z": 10.0
        },
        {
            "x": 562.7768916126881,
            "y": 422.5019774475987,
            "z": 10.0
        },
        {
            "x": 537.1434008265011,
            "y": 443.52212693513883,
            "z": 10.0
        },
        {
            "x": 554.8454120279906,
            "y": 439.4289366079922,
            "z": 10.0
        },
        {
            "x": 568.5843474981758,
            "y": 420.7559940661536,
            "z": 10.0
        },
        {
            "x": 580.4473523428866,
            "y": 425.0453554127017,
            "z": 10.0
        },
        {
            "x": 545.1862917642375,
            "y": 502.01968484684124,
            "z": 10.0
        },
        {
            "x": 520.2741903136736,
            "y": 443.9718802393892,
            "z": 10.0
        },
        {
            "x": 545.5895578070143,
            "y": 437.6504567374719,
            "z": 10.0
        },
        {
            "x": 570.6103304745634,
            "y": 415.8592789908141,
            "z": 10.0
        },
        {
            "x": 600.5894904694004,
            "y": 449.2713594384397,
            "z": 10.0
        }
    ],
    "sensors": [
        {
            "x": 455.33243631391326,
            "y": 375.21572828730973,
            "z": 30.311916273009384
        },
        {
            "x": 530.5206609011963,
            "y": 594.4918550299839,
            "z": -1.0
        },
        {
            "x": 651.7470172830075,
            "y": 515.3207206443367,
            "z": -1.0
        },
        {
            "x": 474.0281408023262,
            "y": 514.6244638999189,
            "z": 33.033063263937386
        },
        {
            "x": 625.8196290595735,
            "y": 559.2536295636031,
            "z": -1.0
        },
        {
            "x": 676.59031951638,
            "y": 494.42343074150443,
            "z": -1.0
        },
        {
            "x": 690.0072414534923,
            "y": 494.8998221497095,
            "z": -1.0
        },
        {
            "x": 600.8995804431794,
            "y": 330.87168392189346,
            "z": -1.0
        },
        {
            "x": 554.4847808061256,
            "y": 569.117910526639,
            "z": -1.0
        },
        {
            "x": 522.7755728046028,
            "y": 569.5377814481255,
            "z": -1.0
        },
        {
            "x": 659.6978873339733,
            "y": 431.49859694133664,
            "z": -1.0
        },
        {
            "x": 497.1224902979482,
            "y": 375.59784200122846,
            "z": -1.0
        },
        {
            "x": 630.2723527202054,
            "y": 343.24686080469615,
            "z": -1.0
        },
        {
            "x": 677.259692538477,
            "y": 501.9923912718812,
            "z": -1.0
        },
        {
            "x": 657.5257759002671,
            "y": 375.1657447744486,
            "z": -1.0
        },
        {
            "x": 486.52614025543517,
            "y": 368.04030829746915,
            "z": 0.17581502151850836
        },
        {
            "x": 478.433536076673,
            "y": 353.63971170388953,
            "z": 9.732321001399363
        },
        {
            "x": 578.7792254513661,
            "y": 353.10587443743935,
            "z": -1.0
        },
        {
            "x": 629.900162039312,
            "y": 556.1459012671324,
            "z": -1.0
        },
        {
            "x": 628.7904855209667,
            "y": 362.0527135640195,
            "z": -1.0
        },
        {
            "x": 471.12980862429856,
            "y": 507.31869982775225,
            "z": 41.120077211946445
        },
        {
            "x": 635.0922777020647,
            "y": 552.2571896161692,
            "z": -1.0
        },
        {
            "x": 645.3403990741533,
            "y": 575.1471640848682,
            "z": -1.0
        },
        {
            "x": 520.3622856865289,
            "y": 580.64446766596,
            "z": -1.0
        },
        {
            "x": 461.919284946597,
            "y": 529.1835783218677,
            "z": 33.966997212771524
        },
        {
            "x": 649.5279534940565,
            "y": 528.0737965067976,
            "z": -1.0
        },
        {
            "x": 509.0966831348207,
            "y": 346.84792345987137,
            "z": -1.0
        },
        {
            "x": 438.36137673948303,
            "y": 396.5316801714284,
            "z": 26.290293929763337
        },
        {
            "x": 471.80956230891104,
            "y": 517.651405253409,
            "z": 32.86554934058138
        },
        {
            "x": 565.5120298004889,
            "y": 347.85539337978156,
            "z": -1.0
        },
        {
            "x": 531.8134142506252,
            "y": 364.8114337074495,
            "z": -1.0
        },
        {
            "x": 642.2947199553671,
            "y": 574.110582803382,
            "z": -1.0
        },
        {
            "x": 594.070530668114,
            "y": 594.2218157510183,
            "z": -1.0
        },
        {
            "x": 596.1958958255505,
            "y": 336.9603757512579,
            "z": -1.0
        },
        {
            "x": 638.5258453623263,
            "y": 583.729699361217,
            "z": -1.0
        },
        {
            "x": 701.1576897661223,
            "y": 447.3954717330839,
            "z": -1.0
        },
        {
            "x": 508.840715270906,
            "y": 369.3834027244215,
            "z": -1.0
        },
        {
            "x": 472.4969304817637,
            "y": 493.36376604849585,
            "z": 43.06679432428494
        },
        {
            "x": 499.8458954876669,
            "y": 574.3456292988502,
            "z": 13.650079856645007
        },
        {
            "x": 487.62654211761844,
            "y": 365.48887974068344,
            "z": 1.706672155589934
        },
        {
            "x": 423.08361041084765,
            "y": 439.04129082441636,
            "z": 39.888543669995016
        },
        {
            "x": 439.23305012464033,
            "y": 422.46614695803777,
            "z": 37.69322004985614
        },
        {
            "x": 654.0196163767506,
            "y": 363.66987134397954,
            "z": -1.0
        },
        {
            "x": 532.708779163522,
            "y": 354.72025931967835,
            "z": -1.0
        },
        {
            "x": 670.2695919524904,
            "y": 489.18156843554885,
            "z": -1.0
        },
        {
            "x": 651.6772166396624,
            "y": 556.892542446392,
            "z": -1.0
        },
        {
            "x": 454.31457211039617,
            "y": 457.26657340732004,
            "z": 42.82107853858647
        },
        {
            "x": 467.10325989973387,
            "y": 416.3781482624539,
            "z": 24.502521103471203
        },
        {
            "x": 686.989183780254,
            "y": 427.52238669109676,
            "z": -1.0
        },
        {
            "x": 572.7172351140563,
            "y": 327.15206218077896,
            "z": -1.0
        },
        {
            "x": 477.02493379008894,
            "y": 572.2029231352367,
            "z": 37.231433963470835
        },
        {
            "x": 439.55690625455134,
            "y": 425.31577519328204,
            "z": 37.822762501820534
        },
        {
            "x": 659.7617948386079,
            "y": 554.0198291522007,
            "z": -1.0
        },
        {
            "x": 624.6607387230216,
            "y": 592.1480551148438,
            "z": -1.0
        },
        {
            "x": 617.8434846088182,
            "y": 345.25396887245995,
            "z": -1.0
        },
        {
            "x": 562.9577968611421,
            "y": 322.9891364868431,
            "z": -1.0
        },
        {
            "x": 643.5408358910806,
            "y": 568.5156282756504,
            "z": -1.0
        },
        {
            "x": 673.8141404771127,
            "y": 425.70773977855816,
            "z": -1.0
        },
        {
            "x": 482.8789134901401,
            "y": 574.354175902399,
            "z": 17.70541010827368
        },
        {
            "x": 542.8818848958347,
            "y": 581.9279085960331,
            "z": -1.0
        },
        {
            "x": 599.9183527771659,
            "y": 326.9581182123065,
            "z": -0.9829566691544067
        },
        {
            "x": 513.3974287327311,
            "y": 561.2502011825942,
            "z": 0.48634089539355396
        },
        {
            "x": 499.47530423999143,
            "y": 371.98912851677346,
            "z": -1.0
        },
        {
            "x": 465.85984673201597,
            "y": 353.24917119185864,
            "z": 18.113194606448292
        },
        {
            "x": 471.6772840073059,
            "y": 481.018149292161,
            "z": 39.195993467337686
        },
        {
            "x": 641.9458365558054,
            "y": 527.3170942292821,
            "z": -1.0
        },
        {
            "x": 649.4881436938946,
            "y": 384.8522211996602,
            "z": -1.0
        },
        {
            "x": 442.2544031130986,
            "y": 497.22883168575885,
            "z": 62.448057461866036
        },
        {
            "x": 645.341503014032,
            "y": 361.5639520112259,
            "z": -1.0
        },
        {
            "x": 683.800087125326,
            "y": 539.4832452623423,
            "z": -1.0
        },
        {
            "x": 693.0587932928975,
            "y": 475.75662674380993,
            "z": -1.0
        },
        {
            "x": 491.5805259017166,
            "y": 578.3867239874617,
            "z": 9.958140574276484
        },
        {
            "x": 515.1069654479475,
            "y": 570.0582169412554,
            "z": 4.478614955092276
        },
        {
            "x": 700.3293168646703,
            "y": 473.6667024137132,
            "z": -1.0
        },
        {
            "x": 632.1735011592439,
            "y": 545.9238658567081,
            "z": -1.0
        },
        {
            "x": 652.5229743237957,
            "y": 399.89329096666546,
            "z": -1.0
        },
        {
            "x": 494.4545438498561,
            "y": 573.0255890641056,
            "z": 12.428686435725162
        },
        {
            "x": 457.25666899759057,
            "y": 365.7318212580781,
            "z": 28.40226811288281
        },
        {
            "x": 612.1014775512372,
            "y": 344.42754235153774,
            "z": -1.0
        },
        {
            "x": 682.8949359765105,
            "y": 448.44369411469586,
            "z": -1.0
        },
        {
            "x": 476.77186633783407,
            "y": 378.9675483534868,
            "z": 8.464791606839555
        },
        {
            "x": 533.3595141379751,
            "y": 346.4878855874639,
            "z": -1.0
        },
        {
            "x": 639.1061669048051,
            "y": 377.8610890115024,
            "z": -1.0
        },
        {
            "x": 493.6246027872495,
            "y": 358.3229991556133,
            "z": -1.0
        },
        {
            "x": 671.0630983592753,
            "y": 505.0926462175396,
            "z": -1.0
        },
        {
            "x": 675.6940734305534,
            "y": 439.3336708889678,
            "z": -1.0
        },
        {
            "x": 464.34310098043574,
            "y": 529.5104037385931,
            "z": 34.077885264516375
        },
        {
            "x": 508.84758550780384,
            "y": 576.2287894021797,
            "z": 7.4376860143335595
        },
        {
            "x": 663.8682039767118,
            "y": 440.93155777305424,
            "z": -1.0
        },
        {
            "x": 514.2892974600616,
            "y": 586.7995956572285,
            "z": 0.7829677434767293
        },
        {
            "x": 608.6458999562573,
            "y": 577.8761538162975,
            "z": -1.0
        },
        {
            "x": 465.6810360403668,
            "y": 536.3508281316153,
            "z": 40.4116803959208
        },
        {
            "x": 697.5325278173158,
            "y": 441.1086295012846,
            "z": -1.0
        },
        {
            "x": 524.572082809146,
            "y": 350.79187908817863,
            "z": -1.0
        },
        {
            "x": 672.4112534456206,
            "y": 477.4198977793025,
            "z": -1.0
        },
        {
            "x": 617.4070938457214,
            "y": 335.5058892904367,
            "z": -1.0
        },
        {
            "x": 662.2113496948003,
            "y": 417.6957089058335,
            "z": -1.0
        },
        {
            "x": 687.0132933753471,
            "y": 507.0074300659715,
            "z": -1.0
        },
        {
            "x": 453.54296527331985,
            "y": 546.7490288094804,
            "z": 48.427197355529934
        },
        {
            "x": 434.2890101305482,
            "y": 461.6518561221913,
            "z": 65.03606641783428
        },
        {
            "x": 670.4359397520606,
            "y": 442.4813843525721,
            "z": -1.0
        },
        {
            "x": 655.3041107454801,
            "y": 512.8501669443059,
            "z": -1.0
        },
        {
            "x": 653.7168013974075,
            "y": 385.3842199311865,
            "z": -1.0
        },
        {
            "x": 621.391838041492,
            "y": 569.6932216914076,
            "z": -1.0
        },
        {
            "x": 532.1170633009707,
            "y": 582.6268397733738,
            "z": -1.0
        },
        {
            "x": 534.156223459017,
            "y": 582.3443915561566,
            "z": -1.0
        },
        {
            "x": 517.2842633746599,
            "y": 596.339010559256,
            "z": 0.8304947203719737
        },
        {
            "x": 666.9434211722164,
            "y": 549.0721391764889,
            "z": -1.0
        },
        {
            "x": 506.7337747467979,
            "y": 590.545771059267,
            "z": 13.145432527575187
        },
        {
            "x": 437.9179604252968,
            "y": 435.68742627827316,
            "z": 40.607995726853616
        },
        {
            "x": 506.8686184923791,
            "y": 571.3264128416329,
            "z": 10.215166651445918
        },
        {
            "x": 669.0206420865164,
            "y": 476.89886804616276,
            "z": -1.0
        },
        {
            "x": 601.5414251745526,
            "y": 594.2297407930679,
            "z": -1.0
        },
        {
            "x": 600.1965046562046,
            "y": 320.30503770689035,
            "z": 1.8513355309631634
        },
        {
            "x": 539.7101980199488,
            "y": 583.5490886276466,
            "z": -1.0
        },
        {
            "x": 503.5780389001068,
            "y": 329.46002607148773,
            "z": -1.0
        },
        {
            "x": 697.8863035067842,
            "y": 498.8493820945663,
            "z": -1.0
        },
        {
            "x": 441.66219575728746,
            "y": 428.15634119886005,
            "z": 34.80045266027233
        },
        {
            "x": 482.3428730897427,
            "y": 352.8609899049554,
            "z": 2.736762993913127
        },
        {
            "x": 474.2425120254334,
            "y": 520.6712652247209,
            "z": 32.67878441209068
        },
        {
            "x": 451.74882199926526,
            "y": 411.046537272043,
            "z": 31.94429284802017
        },
        {
            "x": 441.5704100341545,
            "y": 448.73962726232554,
            "z": 41.05209990569425
        },
        {
            "x": 496.90200552146456,
            "y": 337.2685464164291,
            "z": -1.0
        },
        {
            "x": 476.6875159090835,
            "y": 568.149109854647,
            "z": 25.528877931786432
        },
        {
            "x": 650.4705219131013,
            "y": 406.80858140713906,
            "z": -1.0
        },
        {
            "x": 427.07832161459214,
            "y": 422.95365297925156,
            "z": 37.91587476273121
        },
        {
            "x": 668.6598791987765,
            "y": 425.14784348668735,
            "z": -1.0
        },
        {
            "x": 522.2042967542303,
            "y": 326.9736843304815,
            "z": -1.0
        },
        {
            "x": 691.4899861763703,
            "y": 432.2907170294317,
            "z": -1.0
        },
        {
            "x": 665.5264579715945,
            "y": 534.6467624861592,
            "z": -1.0
        },
        {
            "x": 603.8789179635398,
            "y": 354.471521500237,
            "z": -1.0
        },
        {
            "x": 563.1559288065978,
            "y": 332.6538601516529,
            "z": -1.0
        },
        {
            "x": 463.0227840037679,
            "y": 531.6210554882814,
            "z": 45.53307609444046
        },
        {
            "x": 614.0461553235482,
            "y": 582.8653590284149,
            "z": -1.0
        },
        {
            "x": 535.7351043492523,
            "y": 588.3525597537705,
            "z": -1.0
        },
        {
            "x": 684.3098016580756,
            "y": 464.125319217051,
            "z": -1.0
        },
        {
            "x": 450.40892663344266,
            "y": 477.9495909412608,
            "z": 50.2396607843135
        },
        {
            "x": 516.2709433990018,
            "y": 347.6702122178331,
            "z": -1.0
        },
        {
            "x": 452.48482787886,
            "y": 472.3038787062972,
            "z": 54.516602193316544
        },
        {
            "x": 448.9558104827995,
            "y": 529.6320932629068,
            "z": 62.590485452751835
        },
        {
            "x": 640.4814113645474,
            "y": 579.5695672748204,
            "z": -1.0
        },
        {
            "x": 441.0520370345509,
            "y": 393.376099739871,
            "z": 31.685738644940102
        },
        {
            "x": 456.37351301033027,
            "y": 377.33378547893716,
            "z": 28.166489110459874
        },
        {
            "x": 635.4029781321508,
            "y": 344.095874897564,
            "z": -1.0
        },
        {
            "x": 460.6142459010747,
            "y": 485.71489687637495,
            "z": 43.04964903110505
        },
        {
            "x": 678.3608294163487,
            "y": 450.5980844424692,
            "z": -1.0
        },
        {
            "x": 642.1046773283642,
            "y": 573.6895753825712,
            "z": -1.0
        },
        {
            "x": 529.8130328648156,
            "y": 336.3683603815948,
            "z": -1.0
        },
        {
            "x": 450.5014692524945,
            "y": 398.63259004944774,
            "z": 27.72013761961044
        },
        {
            "x": 482.43012439686396,
            "y": 529.5281275950077,
            "z": 21.66938220743135
        },
        {
            "x": 690.8995282499728,
            "y": 507.4939873771591,
            "z": -1.0
        },
        {
            "x": 651.5788705277962,
            "y": 521.8421202020362,
            "z": -1.0
        },
        {
            "x": 603.242368460281,
            "y": 332.5065575507646,
            "z": -1.0
        },
        {
            "x": 519.0035030007969,
            "y": 354.9116285179462,
            "z": -1.0
        },
        {
            "x": 668.3691167612136,
            "y": 375.32645401698096,
            "z": -1.0
        },
        {
            "x": 667.0479800055213,
            "y": 561.3702964186801,
            "z": -1.0
        },
        {
            "x": 466.4091541676767,
            "y": 421.50236998679526,
            "z": 24.469268962646392
        },
        {
            "x": 688.0216218044297,
            "y": 463.6912074319257,
            "z": -1.0
        },
        {
            "x": 437.05270752595584,
            "y": 425.26983933238705,
            "z": 36.82108301038234
        },
        {
            "x": 617.4540600289338,
            "y": 575.9530905068101,
            "z": -1.0
        },
        {
            "x": 456.31694704769797,
            "y": 405.96760094086727,
            "z": 29.841414422509622
        },
        {
            "x": 616.1319731615513,
            "y": 574.420658433051,
            "z": -1.0
        },
        {
            "x": 548.3224312557801,
            "y": 331.8411542753167,
            "z": -1.0
        },
        {
            "x": 490.6291108913049,
            "y": 541.1810606390734,
            "z": 15.818939360926606
        },
        {
            "x": 586.0436956327005,
            "y": 572.34709144387,
            "z": -1.0
        },
        {
            "x": 448.7906983719557,
            "y": 460.69012415551737,
            "z": 60.10220485547188
        },
        {
            "x": 434.880430856361,
            "y": 435.46217473336446,
            "z": 39.64048244483408
        },
        {
            "x": 666.3303620723842,
            "y": 394.1794062410137,
            "z": -1.0
        },
        {
            "x": 684.275785271062,
            "y": 412.41058232783456,
            "z": -1.0
        },
        {
            "x": 635.1890194002026,
            "y": 554.6672600720822,
            "z": -1.0
        },
        {
            "x": 483.06501407592583,
            "y": 516.5696868359328,
            "z": 27.306484361435018
        },
        {
            "x": 627.6226125682141,
            "y": 554.8616121535506,
            "z": -1.0
        },
        {
            "x": 575.9970419566517,
            "y": 597.2302358210845,
            "z": -1.0
        },
        {
            "x": 434.3694031849499,
            "y": 444.03046725802443,
            "z": 46.24498859655658
        },
        {
            "x": 612.4007876613377,
            "y": 330.900409874093,
            "z": -1.0
        },
        {
            "x": 638.3884613374917,
            "y": 350.59000963266016,
            "z": -1.0
        },
        {
            "x": 692.6938383844737,
            "y": 471.6458991221769,
            "z": -1.0
        },
        {
            "x": 608.5836181150007,
            "y": 334.951684439334,
            "z": -1.0
        },
        {
            "x": 524.2972563895655,
            "y": 556.3507435911055,
            "z": -1.0
        },
        {
            "x": 652.4935264380899,
            "y": 527.7203381751661,
            "z": -1.0
        },
        {
            "x": 704.2185407906319,
            "y": 495.56067740655595,
            "z": -1.0
        },
        {
            "x": 682.0645087322174,
            "y": 541.972088237135,
            "z": -1.0
        },
        {
            "x": 479.41405853385544,
            "y": 504.0189052866706,
            "z": 37.115450277958274
        },
        {
            "x": 638.4780075063248,
            "y": 547.4784710607222,
            "z": -1.0
        },
        {
            "x": 627.8678021703316,
            "y": 572.9967942940283,
            "z": -1.0
        },
        {
            "x": 687.169174714822,
            "y": 481.50419875556105,
            "z": -1.0
        },
        {
            "x": 462.99582039347496,
            "y": 449.6723921648197,
            "z": 22.31361368631829
        },
        {
            "x": 445.30471855803165,
            "y": 390.56152459076964,
            "z": 29.967474474310748
        },
        {
            "x": 592.4025171798725,
            "y": 570.5997437366718,
            "z": -1.0
        },
        {
            "x": 679.3679785085193,
            "y": 546.1699561705714,
            "z": -1.0
        },
        {
            "x": 501.92524574484565,
            "y": 330.6095396405824,
            "z": -1.0
        },
        {
            "x": 651.6068658837285,
            "y": 522.8036853267696,
            "z": -1.0
        },
        {
            "x": 519.2210105181483,
            "y": 368.15469894255284,
            "z": -1.0
        },
        {
            "x": 533.7052918835823,
            "y": 341.5877918762592,
            "z": -1.0
        },
        {
            "x": 666.3748869011608,
            "y": 416.0611537034473,
            "z": -1.0
        },
        {
            "x": 500.8824284923292,
            "y": 560.5583855242508,
            "z": 5.883713386649299
        },
        {
            "x": 486.83408678567184,
            "y": 344.8357257607425,
            "z": 0.7646549168047627
        },
        {
            "x": 684.5960961199428,
            "y": 402.38801814043455,
            "z": -1.0
        },
        {
            "x": 466.4821802292619,
            "y": 482.43249049862936,
            "z": 47.422551433447616
        },
        {
            "x": 652.6257321327971,
            "y": 522.665718809015,
            "z": -1.0
        }
    ],
    "center": {
        "x": 562.7273951812115,
        "y": 462.0546820662902,
        "z": 0.0
    },
    "radius": 50
}