{
    "W": 1000,
    "H": 1000,
    "depth": 1.0,
    "height": 10.0,
    "num_of_relays": 200,
    "num_of_sensors": 200,
    "relays": [
        {
            "x": 561.9779617670583,
            "y": 454.7289707690542,
            "z": 10.0
        },
        {
            "x": 537.6903950414844,
            "y": 488.2749011756904,
            "z": 10.0
        },
        {
            "x": 557.0970311571357,
            "y": 460.8956680888475,
            "z": 10.0
        },
        {
            "x": 545.0678303169402,
            "y": 466.35071261759975,
            "z": 10.0
        },
        {
            "x": 566.6479278057898,
            "y": 481.3236470444775,
            "z": 10.0
        },
        {
            "x": 557.2247730019451,
            "y": 459.50042515713454,
            "z": 10.0
        },
        {
            "x": 561.5565624161877,
            "y": 463.4013234880252,
            "z": 10.0
        },
        {
            "x": 558.7595282240197,
            "y": 495.10905385139904,
            "z": 10.0
        },
        {
            "x": 556.9225300018488,
            "y": 471.2963917933595,
            "z": 10.0
        },
        {
            "x": 550.7069137883061,
            "y": 485.9491356510612,
            "z": 10.0
        },
        {
            "x": 551.387095762594,
            "y": 455.9692177188464,
            "z": 10.0
        },
        {
            "x": 564.5112299766681,
            "y": 468.3603041289696,
            "z": 10.0
        },
        {
            "x": 545.7335267218018,
            "y": 484.78589280165863,
            "z": 10.0
        },
        {
            "x": 544.733875725211,
            "y": 462.17417704684215,
            "z": 10.0
        },
        {
            "x": 557.0982558647597,
            "y": 474.56840310173175,
            "z": 10.0
        },
        {
            "x": 559.0314684967881,
            "y": 474.63517724182867,
            "z": 10.0
        },
        {
            "x": 571.5759512785069,
            "y": 487.0521271336532,
            "z": 10.0
        },
        {
            "x": 571.5731891029949,
            "y": 477.4613861846553,
            "z": 10.0
        },
        {
            "x": 565.0060266577686,
            "y": 498.44393233859006,
            "z": 10.0
        },
        {
            "x": 568.5669373548864,
            "y": 473.8718753756294,
            "z": 10.0
        },
        {
            "x": 572.458903867061,
            "y": 462.52082947467164,
            "z": 10.0
        },
        {
            "x": 567.2278382791433,
            "y": 473.47310518854016,
            "z": 10.0
        },
        {
            "x": 568.7623937612178,
            "y": 461.51020101152005,
            "z": 10.0
        },
        {
            "x": 541.0874395798635,
            "y": 471.288339517709,
            "z": 10.0
        },
        {
            "x": 568.5202640039183,
            "y": 494.4224103888569,
            "z": 10.0
        },
        {
            "x": 548.0862794013397,
            "y": 464.85135189172524,
            "z": 10.0
        },
        {
            "x": 542.1282722015013,
            "y": 463.29889343246634,
            "z": 10.0
        },
        {
            "x": 580.0811039984718,
            "y": 476.163714519513,
            "z": 10.0
        },
        {
            "x": 539.384011201768,
            "y": 466.1157991767757,
            "z": 10.0
        },
        {
            "x": 574.746683097687,
            "y": 476.0852640194174,
            "z": 10.0
        },
        {
            "x": 562.1137762882295,
            "y": 488.59551507437857,
            "z": 10.0
        },
        {
            "x": 536.6204991628023,
            "y": 480.02470042618353,
            "z": 10.0
        },
        {
            "x": 538.9302552726704,
            "y": 471.05614290795125,
            "z": 10.0
        },
        {
            "x": 537.5093857714115,
            "y": 477.1263245947135,
            "z": 10.0
        },
        {
            "x": 563.6146881119961,
            "y": 496.04732454683386,
            "z": 10.0
        },
        {
            "x": 572.1205384271366,
            "y": 480.4791376420252,
            "z": 10.0
        },
        {
            "x": 542.1929417244253,
            "y": 466.1357569849992,
            "z": 10.0
        },
        {
            "x": 540.4027443859121,
            "y": 487.0469045508101,
            "z": 10.0
        },
        {
            "x": 577.2525211930632,
            "y": 487.06782874417365,
            "z": 10.0
        },
        {
            "x": 575.63449679462,
            "y": 470.59309305689203,
            "z": 10.0
        },
        {
            "x": 543.624473006711,
            "y": 463.1045565015781,
            "z": 10.0
        },
        {
            "x": 570.9361272665979,
            "y": 487.3382594257032,
            "z": 10.0
        },
        {
            "x": 568.6799871977745,
            "y": 495.9033921794647,
            "z": 10.0
        },
        {
            "x": 569.0103635089829,
            "y": 484.35887833924284,
            "z": 10.0
        },
        {
            "x": 541.5405633579855,
            "y": 488.02389032120954,
            "z": 10.0
        },
        {
            "x": 537.9282402940321,
            "y": 467.14606139524705,
            "z": 10.0
        },
        {
            "x": 573.669940210795,
            "y": 480.25527648357325,
            "z": 10.0
        },
        {
            "x": 547.0961566866234,
            "y": 484.9663186918282,
            "z": 10.0
        },
        {
            "x": 569.6041966521697,
            "y": 493.5990640614476,
            "z": 10.0
        },
        {
            "x": 559.9717214140995,
            "y": 472.54589663654343,
            "z": 10.0
        },
        {
            "x": 578.831064678049,
            "y": 481.6630035461509,
            "z": 10.0
        },
        {
            "x": 554.4530717835127,
            "y": 471.97637355869296,
            "z": 10.0
        },
        {
            "x": 566.9336430195912,
            "y": 457.6667303546396,
            "z": 10.0
        },
        {
            "x": 570.8905069932528,
            "y": 487.31810478833125,
            "z": 10.0
        },
        {
            "x": 551.336517438999,
            "y": 475.68510683082144,
            "z": 10.0
        },
        {
            "x": 566.0474514542185,
            "y": 493.4811969768691,
            "z": 10.0
        },
        {
            "x": 573.2779602004641,
            "y": 487.3096497195289,
            "z": 10.0
        },
        {
            "x": 555.7653499650214,
            "y": 456.54269373578416,
            "z": 10.0
        },
        {
            "x": 569.7117278280665,
            "y": 469.76750495111116,
            "z": 10.0
        },
        {
            "x": 571.343798182354,
            "y": 491.3328033327392,
            "z": 10.0
        },
        {
            "x": 573.4188774889452,
            "y": 480.0036300911273,
            "z": 10.0
        },
        {
            "x": 571.1312763172607,
            "y": 461.64452185637293,
            "z": 10.0
        },
        {
            "x": 567.352405715703,
            "y": 482.8266345336769,
            "z": 10.0
        },
        {
            "x": 557.362036724744,
            "y": 483.090587588088,
            "z": 10.0
        },
        {
            "x": 548.7999668093881,
            "y": 494.47383628121344,
            "z": 10.0
        },
        {
            "x": 546.502086987687,
            "y": 467.77870403482734,
            "z": 10.0
        },
        {
            "x": 538.8957808738801,
            "y": 488.5123327980283,
            "z": 10.0
        },
        {
            "x": 549.3427897031437,
            "y": 485.2964301573401,
            "z": 10.0
        },
        {
            "x": 559.1918511289174,
            "y": 489.5855753605074,
            "z": 10.0
        },
        {
            "x": 551.4796670990817,
            "y": 468.4934982904749,
            "z": 10.0
        },
        {
            "x": 576.4714352971093,
            "y": 464.2629327214044,
            "z": 10.0
        },
        {
            "x": 549.5378423800971,
            "y": 479.5236567962314,
            "z": 10.0
        },
        {
            "x": 570.0997706059503,
            "y": 469.87551865017684,
            "z": 10.0
        },
        {
            "x": 575.893038851235,
            "y": 471.95423282974514,
            "z": 10.0
        },
        {
            "x": 553.3227284681135,
            "y": 485.5506251790124,
            "z": 10.0
        },
        {
            "x": 551.4161901474545,
            "y": 485.9628704328023,
            "z": 10.0
        },
        {
            "x": 552.10238396724,
            "y": 478.03570162892083,
            "z": 10.0
        },
        {
            "x": 567.1899971363259,
            "y": 464.51375386348025,
            "z": 10.0
        },
        {
            "x": 535.8713914557806,
            "y": 478.01724187497894,
            "z": 10.0
        },
        {
            "x": 570.9300299886435,
            "y": 475.486531024886,
            "z": 10.0
        },
        {
            "x": 551.3698052333955,
            "y": 475.08727040006994,
            "z": 10.0
        },
        {
            "x": 575.3800713052838,
            "y": 477.49897677499877,
            "z": 10.0
        },
        {
            "x": 550.5056666496214,
            "y": 484.2153466484005,
            "z": 10.0
        },
        {
            "x": 548.674732830786,
            "y": 468.09519869112756,
            "z": 10.0
        },
        {
            "x": 578.0481368039054,
            "y": 484.6495524952222,
            "z": 10.0
        },
        {
            "x": 553.2676007460657,
            "y": 459.92765563832984,
            "z": 10.0
        },
        {
            "x": 571.1407110497775,
            "y": 477.1577062049429,
            "z": 10.0
        },
        {
            "x": 540.4889118170137,
            "y": 483.6099701038576,
            "z": 10.0
        },
        {
            "x": 553.5936945651789,
            "y": 477.49433266427076,
            "z": 10.0
        },
        {
            "x": 542.9441997008445,
            "y": 469.08374863507885,
            "z": 10.0
        },
        {
            "x": 560.0690431841948,
            "y": 483.6780315722482,
            "z": 10.0
        },
        {
            "x": 579.1758367807623,
            "y": 476.09902952084093,
            "z": 10.0
        },
        {
            "x": 556.85530493542,
            "y": 475.8037558717954,
            "z": 10.0
        },
        {
            "x": 557.2636258408695,
            "y": 457.95214464200416,
            "z": 10.0
        },
        {
            "x": 547.927535296198,
            "y": 491.03629185250054,
            "z": 10.0
        },
        {
            "x": 544.1911212677728,
            "y": 489.0415764136652,
            "z": 10.0
        },
        {
            "x": 545.5762613238171,
            "y": 488.67675845362623,
            "z": 10.0
        },
        {
            "x": 554.994358378696,
            "y": 457.74818161559926,
            "z": 10.0
        },
        {
            "x": 570.3498623311639,
            "y": 473.14559797272483,
            "z": 10.0
        },
        {
            "x": 554.4751888205591,
            "y": 490.6242116825095,
            "z": 10.0
        },
        {
            "x": 552.8564837746588,
            "y": 491.9286561860367,
            "z": 10.0
        },
        {
            "x": 572.6248323821839,
            "y": 469.6600764738701,
            "z": 10.0
        },
        {
            "x": 567.7367201963508,
            "y": 470.85290406180604,
            "z": 10.0
        },
        {
            "x": 574.3927570258359,
            "y": 472.98080019391654,
            "z": 10.0
        },
        {
            "x": 575.7776583171125,
            "y": 479.48801249996507,
            "z": 10.0
        },
        {
            "x": 540.4260271062515,
            "y": 488.30318591659636,
            "z": 10.0
        },
        {
            "x": 575.5344638693546,
            "y": 466.69154682170546,
            "z": 10.0
        },
        {
            "x": 537.4410115879845,
            "y": 485.73234987676153,
            "z": 10.0
        },
        {
            "x": 553.6203453080236,
            "y": 478.9641622891947,
            "z": 10.0
        },
        {
            "x": 558.1334969081896,
            "y": 478.02510275048314,
            "z": 10.0
        },
        {
            "x": 556.0193819805172,
            "y": 466.5032815000867,
            "z": 10.0
        },
        {
            "x": 566.0054799672914,
            "y": 457.95330064153626,
            "z": 10.0
        },
        {
            "x": 559.520913923921,
            "y": 455.66122436759946,
            "z": 10.0
        },
        {
            "x": 553.9042231075346,
            "y": 454.3281110285623,
            "z": 10.0
        },
        {
            "x": 555.8083081783528,
            "y": 465.49962721699734,
            "z": 10.0
        },
        {
            "x": 550.3626791611229,
            "y": 476.6143394664476,
            "z": 10.0
        },
        {
            "x": 543.9120301265003,
            "y": 492.40587817293937,
            "z": 10.0
        },
        {
            "x": 558.1763810080024,
            "y": 492.4580088327882,
            "z": 10.0
        },
        {
            "x": 559.6486077304484,
            "y": 456.07043331906937,
            "z": 10.0
        },
        {
            "x": 556.9153417194384,
            "y": 479.2786025031112,
            "z": 10.0
        },
        {
            "x": 548.2697092575243,
            "y": 468.4549316284774,
            "z": 10.0
        },
        {
            "x": 544.3608818050074,
            "y": 487.8673909655861,
            "z": 10.0
        },
        {
            "x": 547.9000394003024,
            "y": 464.13437119476487,
            "z": 10.0
        },
        {
            "x": 574.9596124029284,
            "y": 466.12499074248535,
            "z": 10.0
        },
        {
            "x": 555.9145315877141,
            "y": 478.10085830849704,
            "z": 10.0
        },
        {
            "x": 566.3799564320555,
            "y": 489.18755921625836,
            "z": 10.0
        },
        {
            "x": 550.6553175635714,
            "y": 463.8916533709574,
            "z": 10.0
        },
        {
            "x": 575.6706753046785,
            "y": 473.2168571361163,
            "z": 10.0
        },
        {
            "x": 567.2206933731611,
            "y": 462.911307588032,
            "z": 10.0
        },
        {
            "x": 568.8348092074475,
            "y": 485.0587704709461,
            "z": 10.0
        },
        {
            "x": 562.434607320602,
            "y": 490.5220284817242,
            "z": 10.0
        },
        {
            "x": 547.4908652714662,
            "y": 473.06032390821815,
            "z": 10.0
        },
        {
            "x": 550.2770427067152,
            "y": 493.4804751896215,
            "z": 10.0
        },
        {
            "x": 576.5028445198544,
            "y": 479.8282353403087,
            "z": 10.0
        },
        {
            "x": 571.6507555425715,
            "y": 487.0148167181053,
            "z": 10.0
        },
        {
            "x": 555.953708710489,
            "y": 480.4360348000539,
            "z": 10.0
        },
        {
            "x": 561.634376485503,
            "y": 488.2537779915883,
            "z": 10.0
        },
        {
            "x": 552.044906065694,
            "y": 472.24867375754854,
            "z": 10.0
        },
        {
            "x": 543.6541710025269,
            "y": 463.9927283034674,
            "z": 10.0
        },
        {
            "x": 570.3282831653522,
            "y": 461.41160261001215,
            "z": 10.0
        },
        {
            "x": 565.5318893652089,
            "y": 464.04147832772645,
            "z": 10.0
        },
        {
            "x": 554.6630929456054,
            "y": 455.3738265127343,
            "z": 10.0
        },
        {
            "x": 546.9666122988784,
            "y": 489.9173663750388,
            "z": 10.0
        },
        {
            "x": 558.9199271447415,
            "y": 499.7605029797797,
            "z": 10.0
        },
        {
            "x": 541.2420778823008,
            "y": 472.26876561745013,
            "z": 10.0
        },
        {
            "x": 561.7168273169814,
            "y": 496.0553060148506,
            "z": 10.0
        },
        {
            "x": 539.984731835839,
            "y": 488.52435630097233,
            "z": 10.0
        },
        {
            "x": 538.7803462463215,
            "y": 486.38994748726503,
            "z": 10.0
        },
        {
            "x": 550.4298449545965,
            "y": 469.7781621622826,
            "z": 10.0
        },
        {
            "x": 578.2440530093344,
            "y": 473.0072174432436,
            "z": 10.0
        },
        {
            "x": 558.418018374087,
            "y": 455.5771286041337,
            "z": 10.0
        },
        {
            "x": 547.7604503901308,
            "y": 482.00622555797156,
            "z": 10.0
        },
        {
            "x": 539.3900316538588,
            "y": 480.9074698454815,
            "z": 10.0
        },
        {
            "x": 552.3174894103456,
            "y": 460.8092806264598,
            "z": 10.0
        },
        {
            "x": 547.1720067900884,
            "y": 483.88759084735864,
            "z": 10.0
        },
        {
            "x": 562.4674040918968,
            "y": 469.55588272242886,
            "z": 10.0
        },
        {
            "x": 565.2547614674033,
            "y": 478.94166162406174,
            "z": 10.0
        },
        {
            "x": 563.1314166177721,
            "y": 456.8034027953262,
            "z": 10.0
        },
        {
            "x": 564.6191395805375,
            "y": 457.3282805484521,
            "z": 10.0
        },
        {
            "x": 561.2598331093888,
            "y": 494.41079332790395,
            "z": 10.0
        },
        {
            "x": 542.9461837824488,
            "y": 467.7372698226316,
            "z": 10.0
        },
        {
            "x": 542.8233166882939,
            "y": 461.08595972293165,
            "z": 10.0
        },
        {
            "x": 573.5893368431952,
            "y": 490.0248381650555,
            "z": 10.0
        },
        {
            "x": 546.6640046198773,
            "y": 473.89473505622317,
            "z": 10.0
        },
        {
            "x": 539.2659555431264,
            "y": 483.36793973005155,
            "z": 10.0
        },
        {
            "x": 542.7365551251813,
            "y": 478.46980146692084,
            "z": 10.0
        },
        {
            "x": 560.7380904220746,
            "y": 476.93272654989806,
            "z": 10.0
        },
        {
            "x": 544.1412232725366,
            "y": 465.293105652462,
            "z": 10.0
        },
        {
            "x": 568.2644463835063,
            "y": 475.43570320162064,
            "z": 10.0
        },
        {
            "x": 547.5301712017626,
            "y": 486.8900607245723,
            "z": 10.0
        },
        {
            "x": 543.8300142828937,
            "y": 472.6718658809174,
            "z": 10.0
        },
        {
            "x": 557.4997989015252,
            "y": 458.79269914369246,
            "z": 10.0
        },
        {
            "x": 551.0241472825621,
            "y": 492.904292207711,
            "z": 10.0
        },
        {
            "x": 567.7275490417021,
            "y": 493.5127481516145,
            "z": 10.0
        },
        {
            "x": 553.9744338165249,
            "y": 489.26642942986166,
            "z": 10.0
        },
        {
            "x": 551.6439319683502,
            "y": 479.7402699954577,
            "z": 10.0
        },
        {
            "x": 574.2844360774484,
            "y": 476.89566536376526,
            "z": 10.0
        },
        {
            "x": 568.8394815835907,
            "y": 467.7622282075994,
            "z": 10.0
        },
        {
            "x": 561.6478018245886,
            "y": 460.29352969618174,
            "z": 10.0
        },
        {
            "x": 552.282005716024,
            "y": 474.7963692300328,
            "z": 10.0
        },
        {
            "x": 559.7794170572191,
            "y": 492.8157640562023,
            "z": 10.0
        },
        {
            "x": 568.8741333620893,
            "y": 489.31282562505305,
            "z": 10.0
        },
        {
            "x": 552.6880344597516,
            "y": 482.1042974923323,
            "z": 10.0
        },
        {
            "x": 562.6462986436909,
            "y": 478.03383727030456,
            "z": 10.0
        },
        {
            "x": 546.7282171946712,
            "y": 494.75140372303963,
            "z": 10.0
        },
        {
            "x": 555.3257896322294,
            "y": 475.46225484098204,
            "z": 10.0
        },
        {
            "x": 569.693985338034,
            "y": 479.1923671575943,
            "z": 10.0
        },
        {
            "x": 541.73277953865,
            "y": 469.6713076712591,
            "z": 10.0
        },
        {
            "x": 558.771602470598,
            "y": 460.9300902587886,
            "z": 10.0
        },
        {
            "x": 550.6313291341539,
            "y": 493.06139581320605,
            "z": 10.0
        },
        {
            "x": 549.6180639695599,
            "y": 476.5259127684216,
            "z": 10.0
        },
        {
            "x": 541.9595486020514,
            "y": 476.31573404329697,
            "z": 10.0
        },
        {
            "x": 545.2835157378854,
            "y": 464.1921922373019,
            "z": 10.0
        },
        {
            "x": 541.3061026296149,
            "y": 465.1481510203319,
            "z": 10.0
        },
        {
            "x": 569.5992842336693,
            "y": 463.23774244583285,
            "z": 10.0
        },
        {
            "x": 545.0339609515105,
            "y": 479.68886657088063,
            "z": 10.0
        },
        {
            "x": 560.1473849745441,
            "y": 472.5487272203737,
            "z": 10.0
        },
        {
            "x": 552.7195768597242,
            "y": 487.65721984333356,
            "z": 10.0
        },
        {
            "x": 539.9506589076518,
            "y": 476.4981739274906,
            "z": 10.0
        },
        {
            "x": 578.1322697038728,
            "y": 470.57722131619585,
            "z": 10.0
        }
    ],
    "sensors": [
        {
            "x": 549.424535890577,
            "y": 422.8785459913019,
            "z": -1.0
        },
        {
            "x": 611.8977331326889,
            "y": 499.03570526722194,
            "z": -1.0
        },
        {
            "x": 507.28330167380955,
            "y": 456.46377914657523,
            "z": -1.0
        },
        {
            "x": 513.1427650436174,
            "y": 529.0556147464492,
            "z": -1.0
        },
        {
            "x": 493.91127701897676,
            "y": 467.04185562731317,
            "z": 6.511062152754134
        },
        {
            "x": 621.6628522703261,
            "y": 503.43891547178885,
            "z": -1.0
        },
        {
            "x": 516.1865449658496,
            "y": 438.9178280054977,
            "z": -1.0
        },
        {
            "x": 490.9577841669511,
            "y": 465.5822214560155,
            "z": 10.08675914338656
        },
        {
            "x": 617.7577666631937,
            "y": 473.99380127639745,
            "z": -1.0
        },
        {
            "x": 592.7384664972369,
            "y": 440.8786712789273,
            "z": -1.0
        },
        {
            "x": 583.3104369006458,
            "y": 528.944606694054,
            "z": -1.0
        },
        {
            "x": 519.5256573818998,
            "y": 522.4970300608121,
            "z": -1.0
        },
        {
            "x": 608.6620652463898,
            "y": 513.2398718558148,
            "z": -1.0
        },
        {
            "x": 525.3911816617278,
            "y": 420.6922209186325,
            "z": -1.0
        },
        {
            "x": 513.3953483598289,
            "y": 422.7914265529572,
            "z": -1.0
        },
        {
            "x": 557.3892404811858,
            "y": 418.49547195003214,
            "z": -1.0
        },
        {
            "x": 549.2889976846304,
            "y": 532.5157942046193,
            "z": -1.0
        },
        {
            "x": 581.0918078916167,
            "y": 414.78165394694787,
            "z": -1.0
        },
        {
            "x": 585.9038003543563,
            "y": 519.2982765321954,
            "z": -1.0
        },
        {
            "x": 536.0161471497746,
            "y": 533.2695625845391,
            "z": -1.0
        },
        {
            "x": 555.3891418331535,
            "y": 540.3275548919825,
            "z": -1.0
        },
        {
            "x": 565.041552190798,
            "y": 535.8188261968596,
            "z": -1.0
        },
        {
            "x": 591.4060650508604,
            "y": 519.1353720977847,
            "z": -1.0
        },
        {
            "x": 603.6367651028285,
            "y": 503.872429814743,
            "z": -1.0
        },
        {
            "x": 613.1868752758766,
            "y": 434.68629933549875,
            "z": -1.0
        },
        {
            "x": 580.5813995868737,
            "y": 537.546734846229,
            "z": -1.0
        },
        {
            "x": 594.4929296886046,
            "y": 533.1020918789907,
            "z": -1.0
        },
        {
            "x": 604.7218066550525,
            "y": 454.7257318711766,
            "z": -1.0
        },
        {
            "x": 493.042621138484,
            "y": 472.35258126122994,
            "z": 18.883288720802152
        },
        {
            "x": 523.7200882857445,
            "y": 537.39282918787,
            "z": -1.0
        },
        {
            "x": 608.5409717791114,
            "y": 443.1788396203611,
            "z": -1.0
        },
        {
            "x": 618.9803466652999,
            "y": 510.3656601524527,
            "z": -1.0
        },
        {
            "x": 580.9328984882096,
            "y": 425.9424544849719,
            "z": -1.0
        },
        {
            "x": 495.10414044287955,
            "y": 454.146931398984,
            "z": 11.34020735463872
        },
        {
            "x": 573.139178278014,
            "y": 424.95483312640505,
            "z": -1.0
        },
        {
            "x": 510.79960592858964,
            "y": 451.06241579584406,
            "z": -1.0
        },
        {
            "x": 534.0183214616264,
            "y": 527.472017263127,
            "z": -1.0
        },
        {
            "x": 555.0915038262355,
            "y": 543.995622075381,
            "z": -1.0
        },
        {
            "x": 625.2765618797388,
            "y": 467.1388273041145,
            "z": -1.0
        },
        {
            "x": 564.2086544077418,
            "y": 534.4394524117806,
            "z": -1.0
        },
        {
            "x": 591.7334857546941,
            "y": 431.0099610089664,
            "z": -1.0
        },
        {
            "x": 558.0555126774469,
            "y": 537.3446465311935,
            "z": -1.0
        },
        {
            "x": 509.44589986413837,
            "y": 508.41959504830123,
            "z": 0.7734735508067518
        },
        {
            "x": 516.744965538377,
            "y": 507.3841633162692,
            "z": -1.0
        },
        {
            "x": 523.7271246807518,
            "y": 439.02131910521126,
            "z": -1.0
        },
        {
            "x": 497.91139201161303,
            "y": 464.13902085843404,
            "z": 14.116132889523064
        },
        {
            "x": 621.5077271599672,
            "y": 471.97611666937587,
            "z": -1.0
        },
        {
            "x": 491.4356251360957,
            "y": 458.3741318722546,
            "z": 1.950706789340595
        },
        {
            "x": 612.8522039406489,
            "y": 514.2216876759202,
            "z": -1.0
        },
        {
            "x": 494.0059306041039,
            "y": 474.58090189070725,
            "z": 13.089655084161144
        },
        {
            "x": 493.3975675431479,
            "y": 455.7821942024933,
            "z": 7.316692262234142
        },
        {
            "x": 522.2076174394987,
            "y": 422.65971017767015,
            "z": -1.0
        },
        {
            "x": 513.0020572935246,
            "y": 513.5360340040031,
            "z": -1.0
        },
        {
            "x": 510.92978999157157,
            "y": 448.92136436286864,
            "z": -1.0
        },
        {
            "x": 576.4051404496062,
            "y": 531.2463830940023,
            "z": -1.0
        },
        {
            "x": 513.9491121891554,
            "y": 522.3910842761474,
            "z": -1.0
        },
        {
            "x": 614.2672237089915,
            "y": 495.7909707725009,
            "z": -1.0
        },
        {
            "x": 562.068899155606,
            "y": 534.9004784350706,
            "z": -1.0
        },
        {
            "x": 569.1880357806132,
            "y": 426.4451749860735,
            "z": -1.0
        },
        {
            "x": 535.8116953435086,
            "y": 526.7007578805691,
            "z": -1.0
        },
        {
            "x": 490.37387777606176,
            "y": 478.84711542858884,
            "z": 1.9974998856690265
        },
        {
            "x": 612.9008801093534,
            "y": 472.06411706422193,
            "z": -1.0
        },
        {
            "x": 518.256932310218,
            "y": 422.9497280806622,
            "z": -1.0
        },
        {
            "x": 523.8440770273407,
            "y": 518.6998765113773,
            "z": -1.0
        },
        {
            "x": 622.611176816369,
            "y": 486.04843424380505,
            "z": -1.0
        },
        {
            "x": 616.3691017975138,
            "y": 514.3653309690993,
            "z": -1.0
        },
        {
            "x": 498.7134281013951,
            "y": 467.0282436224002,
            "z": 6.688332799310216
        },
        {
            "x": 594.3305600905762,
            "y": 524.7020231516723,
            "z": -1.0
        },
        {
            "x": 499.4657619953892,
            "y": 460.64116542528365,
            "z": 23.282971443175732
        },
        {
            "x": 538.3821332931772,
            "y": 416.3427564281997,
            "z": -1.0
        },
        {
            "x": 570.0475862030293,
            "y": 427.0867892942336,
            "z": -1.0
        },
        {
            "x": 505.46252012300187,
            "y": 510.8681358482011,
            "z": 8.047390733184352
        },
        {
            "x": 504.51447186115263,
            "y": 523.5578900480918,
            "z": 5.088726197760744
        },
        {
            "x": 555.4205387232856,
            "y": 411.36752833495706,
            "z": -1.0
        },
        {
            "x": 563.1240949999135,
            "y": 426.5841745634893,
            "z": -1.0
        },
        {
            "x": 614.22761817447,
            "y": 491.0625584620596,
            "z": -1.0
        },
        {
            "x": 613.6538486774277,
            "y": 447.4041429491915,
            "z": -1.0
        },
        {
            "x": 505.23871190801395,
            "y": 509.61314788474544,
            "z": -0.5007860984311439
        },
        {
            "x": 508.33726332887653,
            "y": 523.1172131488506,
            "z": 5.768344230180051
        },
        {
            "x": 541.6883959636085,
            "y": 423.3552278085214,
            "z": -1.0
        },
        {
            "x": 585.9433808861405,
            "y": 421.2336331737988,
            "z": -1.0
        },
        {
            "x": 495.18858834120783,
            "y": 508.8800140922954,
            "z": 13.774653574074517
        },
        {
            "x": 497.45096247221807,
            "y": 480.23301043521803,
            "z": 28.03284650411991
        },
        {
            "x": 537.5628927143636,
            "y": 424.9364174004999,
            "z": -1.0
        },
        {
            "x": 597.7324711416985,
            "y": 520.6328411914208,
            "z": -1.0
        },
        {
            "x": 563.9784270226148,
            "y": 546.7969875976755,
            "z": -1.0
        },
        {
            "x": 574.8786607266023,
            "y": 525.9580571496515,
            "z": -1.0
        },
        {
            "x": 498.85412729020527,
            "y": 443.5961614515986,
            "z": 9.372866664144224
        },
        {
            "x": 594.5659606301748,
            "y": 431.98787353376247,
            "z": -1.0
        },
        {
            "x": 610.062346268202,
            "y": 457.7486025242289,
            "z": -1.0
        },
        {
            "x": 512.7864366965966,
            "y": 444.1528657277243,
            "z": -1.0
        },
        {
            "x": 587.2184435101285,
            "y": 425.96245002998023,
            "z": -1.0
        },
        {
            "x": 570.5714118608574,
            "y": 542.3088770024523,
            "z": -1.0
        },
        {
            "x": 575.7883763567158,
            "y": 526.4698116505226,
            "z": -1.0
        },
        {
            "x": 592.8908992488425,
            "y": 439.20059191629235,
            "z": -1.0
        },
        {
            "x": 616.5596690885646,
            "y": 472.8818868246495,
            "z": -1.0
        },
        {
            "x": 593.1372769767122,
            "y": 528.2972951793885,
            "z": -1.0
        },
        {
            "x": 552.6451259235433,
            "y": 539.5953273743243,
            "z": -1.0
        },
        {
            "x": 502.88016667442616,
            "y": 470.6292942285988,
            "z": -1.0
        },
        {
            "x": 612.8754350400139,
            "y": 513.6829887127622,
            "z": -1.0
        },
        {
            "x": 514.7845177780238,
            "y": 514.6320494057022,
            "z": -1.0
        },
        {
            "x": 520.0119625110556,
            "y": 436.9404586137242,
            "z": -1.0
        },
        {
            "x": 610.6515604791418,
            "y": 517.5743545493264,
            "z": -1.0
        },
        {
            "x": 500.1902834855197,
            "y": 436.89426262048346,
            "z": -1.0
        },
        {
            "x": 565.7611576737395,
            "y": 420.826234639582,
            "z": -1.0
        },
        {
            "x": 548.1061623695056,
            "y": 420.56388784166046,
            "z": -1.0
        },
        {
            "x": 532.9825738356694,
            "y": 414.31018349684666,
            "z": -1.0
        },
        {
            "x": 617.9756563554029,
            "y": 488.9858620828907,
            "z": -1.0
        },
        {
            "x": 561.0490201523596,
            "y": 546.176599965866,
            "z": -1.0
        },
        {
            "x": 593.5621185046274,
            "y": 532.0256324761887,
            "z": -1.0
        },
        {
            "x": 566.0946205954841,
            "y": 421.6207704124949,
            "z": -1.0
        },
        {
            "x": 624.2158901468121,
            "y": 477.738563051898,
            "z": -1.0
        },
        {
            "x": 605.2991273901303,
            "y": 438.1855763857383,
            "z": -1.0
        },
        {
            "x": 516.9684891400522,
            "y": 531.6878250350587,
            "z": -1.0
        },
        {
            "x": 604.2387336457283,
            "y": 517.7635859711407,
            "z": -1.0
        },
        {
            "x": 519.7264638928393,
            "y": 520.9400534952217,
            "z": -1.0
        },
        {
            "x": 594.490503134254,
            "y": 518.826543081548,
            "z": -1.0
        },
        {
            "x": 525.5135915770015,
            "y": 519.698382182641,
            "z": -1.0
        },
        {
            "x": 515.1753917919789,
            "y": 449.41226476930683,
            "z": -1.0
        },
        {
            "x": 617.3007901307373,
            "y": 454.5575631890555,
            "z": -1.0
        },
        {
            "x": 509.8153402096359,
            "y": 503.1212989253199,
            "z": 6.617379962085245
        },
        {
            "x": 505.84435122447036,
            "y": 451.4079711264499,
            "z": -1.0
        },
        {
            "x": 553.5478324503116,
            "y": 546.981648698828,
            "z": -1.0
        },
        {
            "x": 595.6785399844249,
            "y": 520.127456302338,
            "z": -1.0
        },
        {
            "x": 498.87441822262457,
            "y": 508.3634743975124,
            "z": 13.213905801215425
        },
        {
            "x": 502.32060024678896,
            "y": 484.0540336785337,
            "z": -1.0
        },
        {
            "x": 514.8680050714838,
            "y": 526.9777502226423,
            "z": -1.0
        },
        {
            "x": 532.4679449348041,
            "y": 414.7966761683357,
            "z": -1.0
        },
        {
            "x": 502.1785768003665,
            "y": 445.005544950399,
            "z": -1.0
        },
        {
            "x": 499.04704352155727,
            "y": 495.6739344758032,
            "z": 20.110652946168436
        },
        {
            "x": 615.5436571245352,
            "y": 449.93247617310215,
            "z": -1.0
        },
        {
            "x": 606.6607384291967,
            "y": 502.38947842263315,
            "z": -1.0
        },
        {
            "x": 557.6490851751067,
            "y": 541.6442614047066,
            "z": -1.0
        },
        {
            "x": 514.5062231302578,
            "y": 438.75221632061243,
            "z": -1.0
        },
        {
            "x": 570.3860597017683,
            "y": 536.3378231649922,
            "z": -1.0
        },
        {
            "x": 537.1301129309796,
            "y": 414.01203944075917,
            "z": -1.0
        },
        {
            "x": 506.6528911650193,
            "y": 456.4017715608244,
            "z": -1.0
        },
        {
            "x": 582.4153967558907,
            "y": 419.3653940224845,
            "z": -1.0
        },
        {
            "x": 597.3972559292677,
            "y": 509.86206753985806,
            "z": -1.0
        },
        {
            "x": 592.2107663359199,
            "y": 419.5514620040481,
            "z": -1.0
        },
        {
            "x": 614.300967404938,
            "y": 474.55216570375893,
            "z": -1.0
        },
        {
            "x": 524.2532520645213,
            "y": 519.1160287817056,
            "z": -1.0
        },
        {
            "x": 512.3518858413145,
            "y": 441.5835681977305,
            "z": -1.0
        },
        {
            "x": 594.3604836049393,
            "y": 513.3779896359404,
            "z": -1.0
        },
        {
            "x": 577.0683589718926,
            "y": 416.9812255178351,
            "z": -1.0
        },
        {
            "x": 605.0302166499584,
            "y": 425.1898516748468,
            "z": -1.0
        },
        {
            "x": 603.9034535278261,
            "y": 430.1292223902373,
            "z": -1.0
        },
        {
            "x": 584.2506256468075,
            "y": 425.432305622478,
            "z": -1.0
        },
        {
            "x": 564.458684171257,
            "y": 419.4334851857724,
            "z": -1.0
        },
        {
            "x": 490.7665436890564,
            "y": 463.401223658901,
            "z": 15.5475233563451
        },
        {
            "x": 621.0282784702615,
            "y": 476.4871137864213,
            "z": -1.0
        },
        {
            "x": 541.6882072270847,
            "y": 536.8938922965777,
            "z": -1.0
        },
        {
            "x": 561.2224468405301,
            "y": 412.9451053314176,
            "z": -1.0
        },
        {
            "x": 572.7746363654684,
            "y": 540.4225180418043,
            "z": -1.0
        },
        {
            "x": 497.0768249109143,
            "y": 495.9396323046841,
            "z": 17.89220053379826
        },
        {
            "x": 511.70910524386426,
            "y": 524.8070190488173,
            "z": -1.0
        },
        {
            "x": 584.6653146439468,
            "y": 420.57353933051303,
            "z": -1.0
        },
        {
            "x": 616.4644103278197,
            "y": 515.7864990482763,
            "z": -1.0
        },
        {
            "x": 597.9456174917161,
            "y": 424.00354044713174,
            "z": -1.0
        },
        {
            "x": 523.7417762050559,
            "y": 522.1784685653524,
            "z": -1.0
        },
        {
            "x": 532.5642674561119,
            "y": 421.8270098996075,
            "z": -1.0
        },
        {
            "x": 596.0481590050474,
            "y": 526.5528353962333,
            "z": -1.0
        },
        {
            "x": 615.956712634422,
            "y": 486.70784452210216,
            "z": -1.0
        },
        {
            "x": 545.4451892906517,
            "y": 416.7409329792663,
            "z": -1.0
        },
        {
            "x": 527.4422836237734,
            "y": 530.2035026352323,
            "z": -1.0
        },
        {
            "x": 501.5361922505703,
            "y": 454.64722266875026,
            "z": -1.0
        },
        {
            "x": 494.5535523691579,
            "y": 458.028599885549,
            "z": 3.069530087504022
        },
        {
            "x": 582.2297724039962,
            "y": 412.1150239768362,
            "z": -1.0
        },
        {
            "x": 520.2338578858667,
            "y": 523.7704022708438,
            "z": -1.0
        },
        {
            "x": 623.845783233001,
            "y": 491.1644509439581,
            "z": -1.0
        },
        {
            "x": 515.7943547310596,
            "y": 531.0976015822112,
            "z": -1.0
        },
        {
            "x": 608.8457709411758,
            "y": 523.1714413165132,
            "z": -1.0
        },
        {
            "x": 581.6672815172918,
            "y": 420.6340996805542,
            "z": -1.0
        },
        {
            "x": 535.2949565131685,
            "y": 414.29220082683537,
            "z": -1.0
        },
        {
            "x": 569.3973905477678,
            "y": 543.58829159266,
            "z": -1.0
        },
        {
            "x": 571.5675213438219,
            "y": 532.1120001353148,
            "z": -1.0
        },
        {
            "x": 561.4458229691462,
            "y": 424.50987270604554,
            "z": -1.0
        },
        {
            "x": 528.9476937959159,
            "y": 537.0051583783163,
            "z": -1.0
        },
        {
            "x": 512.7225587278983,
            "y": 435.81097004080584,
            "z": -1.0
        },
        {
            "x": 507.18524626560435,
            "y": 508.3506713940015,
            "z": 0.999959620717551
        },
        {
            "x": 532.0269078470448,
            "y": 421.13439916876126,
            "z": -1.0
        },
        {
            "x": 611.6290389564274,
            "y": 487.75845402736996,
            "z": -1.0
        },
        {
            "x": 568.361262917254,
            "y": 536.0038160045705,
            "z": -1.0
        },
        {
            "x": 611.206331425819,
            "y": 437.1525991331268,
            "z": -1.0
        },
        {
            "x": 546.9648766640317,
            "y": 530.1090506334638,
            "z": -1.0
        },
        {
            "x": 595.6959973605082,
            "y": 426.6060774471898,
            "z": -1.0
        },
        {
            "x": 554.2528238911034,
            "y": 412.44338956586625,
            "z": -1.0
        },
        {
            "x": 593.238716148501,
            "y": 526.5651205708257,
            "z": -1.0
        },
        {
            "x": 558.5893459132408,
            "y": 418.191104870541,
            "z": -1.0
        },
        {
            "x": 557.2580517570476,
            "y": 538.0235595016069,
            "z": -1.0
        },
        {
            "x": 623.0016329496518,
            "y": 457.5816404932791,
            "z": -1.0
        },
        {
            "x": 598.8920187048449,
            "y": 522.377691831319,
            "z": -1.0
        },
        {
            "x": 619.085861106568,
            "y": 461.3344065603644,
            "z": -1.0
        },
        {
            "x": 549.3645498583809,
            "y": 418.5946767150628,
            "z": -1.0
        },
        {
            "x": 493.7062371896356,
            "y": 447.6445351963436,
            "z": 1.9665585914496213
        },
        {
            "x": 622.1597249318287,
            "y": 503.6168409002383,
            "z": -1.0
        },
        {
            "x": 582.7476823821535,
            "y": 532.2223781866003,
            "z": -1.0
        },
        {
            "x": 599.7918901194986,
            "y": 527.1876411781666,
            "z": -1.0
        },
        {
            "x": 544.0616027837391,
            "y": 538.1617790823611,
            "z": -1.0
        },
        {
            "x": 544.8057103617343,
            "y": 528.0004375817804,
            "z": -1.0
        }
    ],
    "center": {
        "x": 557.5587554917913,
        "y": 476.9004559835688,
        "z": 0.0
    },
    "radius": 25
}