{
    "W": 1000,
    "H": 1000,
    "depth": 1.0,
    "height": 10.0,
    "num_of_relays": 200,
    "num_of_sensors": 400,
    "relays": [
        {
            "x": 561.9779617670583,
            "y": 454.7289707690542,
            "z": 10.0
        },
        {
            "x": 537.6903950414844,
            "y": 488.2749011756904,
            "z": 10.0
        },
        {
            "x": 557.0970311571357,
            "y": 460.8956680888475,
            "z": 10.0
        },
        {
            "x": 545.0678303169402,
            "y": 466.35071261759975,
            "z": 10.0
        },
        {
            "x": 566.6479278057898,
            "y": 481.3236470444775,
            "z": 10.0
        },
        {
            "x": 557.2247730019451,
            "y": 459.50042515713454,
            "z": 10.0
        },
        {
            "x": 561.5565624161877,
            "y": 463.4013234880252,
            "z": 10.0
        },
        {
            "x": 558.7595282240197,
            "y": 495.10905385139904,
            "z": 10.0
        },
        {
            "x": 556.9225300018488,
            "y": 471.2963917933595,
            "z": 10.0
        },
        {
            "x": 550.7069137883061,
            "y": 485.9491356510612,
            "z": 10.0
        },
        {
            "x": 551.387095762594,
            "y": 455.9692177188464,
            "z": 10.0
        },
        {
            "x": 564.5112299766681,
            "y": 468.3603041289696,
            "z": 10.0
        },
        {
            "x": 545.7335267218018,
            "y": 484.78589280165863,
            "z": 10.0
        },
        {
            "x": 544.733875725211,
            "y": 462.17417704684215,
            "z": 10.0
        },
        {
            "x": 557.0982558647597,
            "y": 474.56840310173175,
            "z": 10.0
        },
        {
            "x": 559.0314684967881,
            "y": 474.63517724182867,
            "z": 10.0
        },
        {
            "x": 571.5759512785069,
            "y": 487.0521271336532,
            "z": 10.0
        },
        {
            "x": 571.5731891029949,
            "y": 477.4613861846553,
            "z": 10.0
        },
        {
            "x": 565.0060266577686,
            "y": 498.44393233859006,
            "z": 10.0
        },
        {
            "x": 568.5669373548864,
            "y": 473.8718753756294,
            "z": 10.0
        },
        {
            "x": 572.458903867061,
            "y": 462.52082947467164,
            "z": 10.0
        },
        {
            "x": 567.2278382791433,
            "y": 473.47310518854016,
            "z": 10.0
        },
        {
            "x": 568.7623937612178,
            "y": 461.51020101152005,
            "z": 10.0
        },
        {
            "x": 541.0874395798635,
            "y": 471.288339517709,
            "z": 10.0
        },
        {
            "x": 568.5202640039183,
            "y": 494.4224103888569,
            "z": 10.0
        },
        {
            "x": 548.0862794013397,
            "y": 464.85135189172524,
            "z": 10.0
        },
        {
            "x": 542.1282722015013,
            "y": 463.29889343246634,
            "z": 10.0
        },
        {
            "x": 580.0811039984718,
            "y": 476.163714519513,
            "z": 10.0
        },
        {
            "x": 539.384011201768,
            "y": 466.1157991767757,
            "z": 10.0
        },
        {
            "x": 574.746683097687,
            "y": 476.0852640194174,
            "z": 10.0
        },
        {
            "x": 562.1137762882295,
            "y": 488.59551507437857,
            "z": 10.0
        },
        {
            "x": 536.6204991628023,
            "y": 480.02470042618353,
            "z": 10.0
        },
        {
            "x": 538.9302552726704,
            "y": 471.05614290795125,
            "z": 10.0
        },
        {
            "x": 537.5093857714115,
            "y": 477.1263245947135,
            "z": 10.0
        },
        {
            "x": 563.6146881119961,
            "y": 496.04732454683386,
            "z": 10.0
        },
        {
            "x": 572.1205384271366,
            "y": 480.4791376420252,
            "z": 10.0
        },
        {
            "x": 542.1929417244253,
            "y": 466.1357569849992,
            "z": 10.0
        },
        {
            "x": 540.4027443859121,
            "y": 487.0469045508101,
            "z": 10.0
        },
        {
            "x": 577.2525211930632,
            "y": 487.06782874417365,
            "z": 10.0
        },
        {
            "x": 575.63449679462,
            "y": 470.59309305689203,
            "z": 10.0
        },
        {
            "x": 543.624473006711,
            "y": 463.1045565015781,
            "z": 10.0
        },
        {
            "x": 570.9361272665979,
            "y": 487.3382594257032,
            "z": 10.0
        },
        {
            "x": 568.6799871977745,
            "y": 495.9033921794647,
            "z": 10.0
        },
        {
            "x": 569.0103635089829,
            "y": 484.35887833924284,
            "z": 10.0
        },
        {
            "x": 541.5405633579855,
            "y": 488.02389032120954,
            "z": 10.0
        },
        {
            "x": 537.9282402940321,
            "y": 467.14606139524705,
            "z": 10.0
        },
        {
            "x": 573.669940210795,
            "y": 480.25527648357325,
            "z": 10.0
        },
        {
            "x": 547.0961566866234,
            "y": 484.9663186918282,
            "z": 10.0
        },
        {
            "x": 569.6041966521697,
            "y": 493.5990640614476,
            "z": 10.0
        },
        {
            "x": 559.9717214140995,
            "y": 472.54589663654343,
            "z": 10.0
        },
        {
            "x": 578.831064678049,
            "y": 481.6630035461509,
            "z": 10.0
        },
        {
            "x": 554.4530717835127,
            "y": 471.97637355869296,
            "z": 10.0
        },
        {
            "x": 566.9336430195912,
            "y": 457.6667303546396,
            "z": 10.0
        },
        {
            "x": 570.8905069932528,
            "y": 487.31810478833125,
            "z": 10.0
        },
        {
            "x": 551.336517438999,
            "y": 475.68510683082144,
            "z": 10.0
        },
        {
            "x": 566.0474514542185,
            "y": 493.4811969768691,
            "z": 10.0
        },
        {
            "x": 573.2779602004641,
            "y": 487.3096497195289,
            "z": 10.0
        },
        {
            "x": 555.7653499650214,
            "y": 456.54269373578416,
            "z": 10.0
        },
        {
            "x": 569.7117278280665,
            "y": 469.76750495111116,
            "z": 10.0
        },
        {
            "x": 571.343798182354,
            "y": 491.3328033327392,
            "z": 10.0
        },
        {
            "x": 573.4188774889452,
            "y": 480.0036300911273,
            "z": 10.0
        },
        {
            "x": 571.1312763172607,
            "y": 461.64452185637293,
            "z": 10.0
        },
        {
            "x": 567.352405715703,
            "y": 482.8266345336769,
            "z": 10.0
        },
        {
            "x": 557.362036724744,
            "y": 483.090587588088,
            "z": 10.0
        },
        {
            "x": 548.7999668093881,
            "y": 494.47383628121344,
            "z": 10.0
        },
        {
            "x": 546.502086987687,
            "y": 467.77870403482734,
            "z": 10.0
        },
        {
            "x": 538.8957808738801,
            "y": 488.5123327980283,
            "z": 10.0
        },
        {
            "x": 549.3427897031437,
            "y": 485.2964301573401,
            "z": 10.0
        },
        {
            "x": 559.1918511289174,
            "y": 489.5855753605074,
            "z": 10.0
        },
        {
            "x": 551.4796670990817,
            "y": 468.4934982904749,
            "z": 10.0
        },
        {
            "x": 576.4714352971093,
            "y": 464.2629327214044,
            "z": 10.0
        },
        {
            "x": 549.5378423800971,
            "y": 479.5236567962314,
            "z": 10.0
        },
        {
            "x": 570.0997706059503,
            "y": 469.87551865017684,
            "z": 10.0
        },
        {
            "x": 575.893038851235,
            "y": 471.95423282974514,
            "z": 10.0
        },
        {
            "x": 553.3227284681135,
            "y": 485.5506251790124,
            "z": 10.0
        },
        {
            "x": 551.4161901474545,
            "y": 485.9628704328023,
            "z": 10.0
        },
        {
            "x": 552.10238396724,
            "y": 478.03570162892083,
            "z": 10.0
        },
        {
            "x": 567.1899971363259,
            "y": 464.51375386348025,
            "z": 10.0
        },
        {
            "x": 535.8713914557806,
            "y": 478.01724187497894,
            "z": 10.0
        },
        {
            "x": 570.9300299886435,
            "y": 475.486531024886,
            "z": 10.0
        },
        {
            "x": 551.3698052333955,
            "y": 475.08727040006994,
            "z": 10.0
        },
        {
            "x": 575.3800713052838,
            "y": 477.49897677499877,
            "z": 10.0
        },
        {
            "x": 550.5056666496214,
            "y": 484.2153466484005,
            "z": 10.0
        },
        {
            "x": 548.674732830786,
            "y": 468.09519869112756,
            "z": 10.0
        },
        {
            "x": 578.0481368039054,
            "y": 484.6495524952222,
            "z": 10.0
        },
        {
            "x": 553.2676007460657,
            "y": 459.92765563832984,
            "z": 10.0
        },
        {
            "x": 571.1407110497775,
            "y": 477.1577062049429,
            "z": 10.0
        },
        {
            "x": 540.4889118170137,
            "y": 483.6099701038576,
            "z": 10.0
        },
        {
            "x": 553.5936945651789,
            "y": 477.49433266427076,
            "z": 10.0
        },
        {
            "x": 542.9441997008445,
            "y": 469.08374863507885,
            "z": 10.0
        },
        {
            "x": 560.0690431841948,
            "y": 483.6780315722482,
            "z": 10.0
        },
        {
            "x": 579.1758367807623,
            "y": 476.09902952084093,
            "z": 10.0
        },
        {
            "x": 556.85530493542,
            "y": 475.8037558717954,
            "z": 10.0
        },
        {
            "x": 557.2636258408695,
            "y": 457.95214464200416,
            "z": 10.0
        },
        {
            "x": 547.927535296198,
            "y": 491.03629185250054,
            "z": 10.0
        },
        {
            "x": 544.1911212677728,
            "y": 489.0415764136652,
            "z": 10.0
        },
        {
            "x": 545.5762613238171,
            "y": 488.67675845362623,
            "z": 10.0
        },
        {
            "x": 554.994358378696,
            "y": 457.74818161559926,
            "z": 10.0
        },
        {
            "x": 570.3498623311639,
            "y": 473.14559797272483,
            "z": 10.0
        },
        {
            "x": 554.4751888205591,
            "y": 490.6242116825095,
            "z": 10.0
        },
        {
            "x": 552.8564837746588,
            "y": 491.9286561860367,
            "z": 10.0
        },
        {
            "x": 572.6248323821839,
            "y": 469.6600764738701,
            "z": 10.0
        },
        {
            "x": 567.7367201963508,
            "y": 470.85290406180604,
            "z": 10.0
        },
        {
            "x": 574.3927570258359,
            "y": 472.98080019391654,
            "z": 10.0
        },
        {
            "x": 575.7776583171125,
            "y": 479.48801249996507,
            "z": 10.0
        },
        {
            "x": 540.4260271062515,
            "y": 488.30318591659636,
            "z": 10.0
        },
        {
            "x": 575.5344638693546,
            "y": 466.69154682170546,
            "z": 10.0
        },
        {
            "x": 537.4410115879845,
            "y": 485.73234987676153,
            "z": 10.0
        },
        {
            "x": 553.6203453080236,
            "y": 478.9641622891947,
            "z": 10.0
        },
        {
            "x": 558.1334969081896,
            "y": 478.02510275048314,
            "z": 10.0
        },
        {
            "x": 556.0193819805172,
            "y": 466.5032815000867,
            "z": 10.0
        },
        {
            "x": 566.0054799672914,
            "y": 457.95330064153626,
            "z": 10.0
        },
        {
            "x": 559.520913923921,
            "y": 455.66122436759946,
            "z": 10.0
        },
        {
            "x": 553.9042231075346,
            "y": 454.3281110285623,
            "z": 10.0
        },
        {
            "x": 555.8083081783528,
            "y": 465.49962721699734,
            "z": 10.0
        },
        {
            "x": 550.3626791611229,
            "y": 476.6143394664476,
            "z": 10.0
        },
        {
            "x": 543.9120301265003,
            "y": 492.40587817293937,
            "z": 10.0
        },
        {
            "x": 558.1763810080024,
            "y": 492.4580088327882,
            "z": 10.0
        },
        {
            "x": 559.6486077304484,
            "y": 456.07043331906937,
            "z": 10.0
        },
        {
            "x": 556.9153417194384,
            "y": 479.2786025031112,
            "z": 10.0
        },
        {
            "x": 548.2697092575243,
            "y": 468.4549316284774,
            "z": 10.0
        },
        {
            "x": 544.3608818050074,
            "y": 487.8673909655861,
            "z": 10.0
        },
        {
            "x": 547.9000394003024,
            "y": 464.13437119476487,
            "z": 10.0
        },
        {
            "x": 574.9596124029284,
            "y": 466.12499074248535,
            "z": 10.0
        },
        {
            "x": 555.9145315877141,
            "y": 478.10085830849704,
            "z": 10.0
        },
        {
            "x": 566.3799564320555,
            "y": 489.18755921625836,
            "z": 10.0
        },
        {
            "x": 550.6553175635714,
            "y": 463.8916533709574,
            "z": 10.0
        },
        {
            "x": 575.6706753046785,
            "y": 473.2168571361163,
            "z": 10.0
        },
        {
            "x": 567.2206933731611,
            "y": 462.911307588032,
            "z": 10.0
        },
        {
            "x": 568.8348092074475,
            "y": 485.0587704709461,
            "z": 10.0
        },
        {
            "x": 562.434607320602,
            "y": 490.5220284817242,
            "z": 10.0
        },
        {
            "x": 547.4908652714662,
            "y": 473.06032390821815,
            "z": 10.0
        },
        {
            "x": 550.2770427067152,
            "y": 493.4804751896215,
            "z": 10.0
        },
        {
            "x": 576.5028445198544,
            "y": 479.8282353403087,
            "z": 10.0
        },
        {
            "x": 571.6507555425715,
            "y": 487.0148167181053,
            "z": 10.0
        },
        {
            "x": 555.953708710489,
            "y": 480.4360348000539,
            "z": 10.0
        },
        {
            "x": 561.634376485503,
            "y": 488.2537779915883,
            "z": 10.0
        },
        {
            "x": 552.044906065694,
            "y": 472.24867375754854,
            "z": 10.0
        },
        {
            "x": 543.6541710025269,
            "y": 463.9927283034674,
            "z": 10.0
        },
        {
            "x": 570.3282831653522,
            "y": 461.41160261001215,
            "z": 10.0
        },
        {
            "x": 565.5318893652089,
            "y": 464.04147832772645,
            "z": 10.0
        },
        {
            "x": 554.6630929456054,
            "y": 455.3738265127343,
            "z": 10.0
        },
        {
            "x": 546.9666122988784,
            "y": 489.9173663750388,
            "z": 10.0
        },
        {
            "x": 558.9199271447415,
            "y": 499.7605029797797,
            "z": 10.0
        },
        {
            "x": 541.2420778823008,
            "y": 472.26876561745013,
            "z": 10.0
        },
        {
            "x": 561.7168273169814,
            "y": 496.0553060148506,
            "z": 10.0
        },
        {
            "x": 539.984731835839,
            "y": 488.52435630097233,
            "z": 10.0
        },
        {
            "x": 538.7803462463215,
            "y": 486.38994748726503,
            "z": 10.0
        },
        {
            "x": 550.4298449545965,
            "y": 469.7781621622826,
            "z": 10.0
        },
        {
            "x": 578.2440530093344,
            "y": 473.0072174432436,
            "z": 10.0
        },
        {
            "x": 558.418018374087,
            "y": 455.5771286041337,
            "z": 10.0
        },
        {
            "x": 547.7604503901308,
            "y": 482.00622555797156,
            "z": 10.0
        },
        {
            "x": 539.3900316538588,
            "y": 480.9074698454815,
            "z": 10.0
        },
        {
            "x": 552.3174894103456,
            "y": 460.8092806264598,
            "z": 10.0
        },
        {
            "x": 547.1720067900884,
            "y": 483.88759084735864,
            "z": 10.0
        },
        {
            "x": 562.4674040918968,
            "y": 469.55588272242886,
            "z": 10.0
        },
        {
            "x": 565.2547614674033,
            "y": 478.94166162406174,
            "z": 10.0
        },
        {
            "x": 563.1314166177721,
            "y": 456.8034027953262,
            "z": 10.0
        },
        {
            "x": 564.6191395805375,
            "y": 457.3282805484521,
            "z": 10.0
        },
        {
            "x": 561.2598331093888,
            "y": 494.41079332790395,
            "z": 10.0
        },
        {
            "x": 542.9461837824488,
            "y": 467.7372698226316,
            "z": 10.0
        },
        {
            "x": 542.8233166882939,
            "y": 461.08595972293165,
            "z": 10.0
        },
        {
            "x": 573.5893368431952,
            "y": 490.0248381650555,
            "z": 10.0
        },
        {
            "x": 546.6640046198773,
            "y": 473.89473505622317,
            "z": 10.0
        },
        {
            "x": 539.2659555431264,
            "y": 483.36793973005155,
            "z": 10.0
        },
        {
            "x": 542.7365551251813,
            "y": 478.46980146692084,
            "z": 10.0
        },
        {
            "x": 560.7380904220746,
            "y": 476.93272654989806,
            "z": 10.0
        },
        {
            "x": 544.1412232725366,
            "y": 465.293105652462,
            "z": 10.0
        },
        {
            "x": 568.2644463835063,
            "y": 475.43570320162064,
            "z": 10.0
        },
        {
            "x": 547.5301712017626,
            "y": 486.8900607245723,
            "z": 10.0
        },
        {
            "x": 543.8300142828937,
            "y": 472.6718658809174,
            "z": 10.0
        },
        {
            "x": 557.4997989015252,
            "y": 458.79269914369246,
            "z": 10.0
        },
        {
            "x": 551.0241472825621,
            "y": 492.904292207711,
            "z": 10.0
        },
        {
            "x": 567.7275490417021,
            "y": 493.5127481516145,
            "z": 10.0
        },
        {
            "x": 553.9744338165249,
            "y": 489.26642942986166,
            "z": 10.0
        },
        {
            "x": 551.6439319683502,
            "y": 479.7402699954577,
            "z": 10.0
        },
        {
            "x": 574.2844360774484,
            "y": 476.89566536376526,
            "z": 10.0
        },
        {
            "x": 568.8394815835907,
            "y": 467.7622282075994,
            "z": 10.0
        },
        {
            "x": 561.6478018245886,
            "y": 460.29352969618174,
            "z": 10.0
        },
        {
            "x": 552.282005716024,
            "y": 474.7963692300328,
            "z": 10.0
        },
        {
            "x": 559.7794170572191,
            "y": 492.8157640562023,
            "z": 10.0
        },
        {
            "x": 568.8741333620893,
            "y": 489.31282562505305,
            "z": 10.0
        },
        {
            "x": 552.6880344597516,
            "y": 482.1042974923323,
            "z": 10.0
        },
        {
            "x": 562.6462986436909,
            "y": 478.03383727030456,
            "z": 10.0
        },
        {
            "x": 546.7282171946712,
            "y": 494.75140372303963,
            "z": 10.0
        },
        {
            "x": 555.3257896322294,
            "y": 475.46225484098204,
            "z": 10.0
        },
        {
            "x": 569.693985338034,
            "y": 479.1923671575943,
            "z": 10.0
        },
        {
            "x": 541.73277953865,
            "y": 469.6713076712591,
            "z": 10.0
        },
        {
            "x": 558.771602470598,
            "y": 460.9300902587886,
            "z": 10.0
        },
        {
            "x": 550.6313291341539,
            "y": 493.06139581320605,
            "z": 10.0
        },
        {
            "x": 549.6180639695599,
            "y": 476.5259127684216,
            "z": 10.0
        },
        {
            "x": 541.9595486020514,
            "y": 476.31573404329697,
            "z": 10.0
        },
        {
            "x": 545.2835157378854,
            "y": 464.1921922373019,
            "z": 10.0
        },
        {
            "x": 541.3061026296149,
            "y": 465.1481510203319,
            "z": 10.0
        },
        {
            "x": 569.5992842336693,
            "y": 463.23774244583285,
            "z": 10.0
        },
        {
            "x": 545.0339609515105,
            "y": 479.68886657088063,
            "z": 10.0
        },
        {
            "x": 560.1473849745441,
            "y": 472.5487272203737,
            "z": 10.0
        },
        {
            "x": 552.7195768597242,
            "y": 487.65721984333356,
            "z": 10.0
        },
        {
            "x": 539.9506589076518,
            "y": 476.4981739274906,
            "z": 10.0
        },
        {
            "x": 578.1322697038728,
            "y": 470.57722131619585,
            "z": 10.0
        }
    ],
    "sensors": [
        {
            "x": 549.424535890577,
            "y": 422.8785459913019,
            "z": -1.0
        },
        {
            "x": 611.8977331326889,
            "y": 499.03570526722194,
            "z": -1.0
        },
        {
            "x": 507.28330167380955,
            "y": 456.46377914657523,
            "z": -1.0
        },
        {
            "x": 513.1427650436174,
            "y": 529.0556147464492,
            "z": -1.0
        },
        {
            "x": 493.91127701897676,
            "y": 467.04185562731317,
            "z": 6.511062152754134
        },
        {
            "x": 621.6628522703261,
            "y": 503.43891547178885,
            "z": -1.0
        },
        {
            "x": 516.1865449658496,
            "y": 438.9178280054977,
            "z": -1.0
        },
        {
            "x": 490.9577841669511,
            "y": 465.5822214560155,
            "z": 10.08675914338656
        },
        {
            "x": 617.7577666631937,
            "y": 473.99380127639745,
            "z": -1.0
        },
        {
            "x": 592.7384664972369,
            "y": 440.8786712789273,
            "z": -1.0
        },
        {
            "x": 583.3104369006458,
            "y": 528.944606694054,
            "z": -1.0
        },
        {
            "x": 519.5256573818998,
            "y": 522.4970300608121,
            "z": -1.0
        },
        {
            "x": 608.6620652463898,
            "y": 513.2398718558148,
            "z": -1.0
        },
        {
            "x": 525.3911816617278,
            "y": 420.6922209186325,
            "z": -1.0
        },
        {
            "x": 513.3953483598289,
            "y": 422.7914265529572,
            "z": -1.0
        },
        {
            "x": 557.3892404811858,
            "y": 418.49547195003214,
            "z": -1.0
        },
        {
            "x": 549.2889976846304,
            "y": 532.5157942046193,
            "z": -1.0
        },
        {
            "x": 581.0918078916167,
            "y": 414.78165394694787,
            "z": -1.0
        },
        {
            "x": 585.9038003543563,
            "y": 519.2982765321954,
            "z": -1.0
        },
        {
            "x": 536.0161471497746,
            "y": 533.2695625845391,
            "z": -1.0
        },
        {
            "x": 555.3891418331535,
            "y": 540.3275548919825,
            "z": -1.0
        },
        {
            "x": 565.041552190798,
            "y": 535.8188261968596,
            "z": -1.0
        },
        {
            "x": 591.4060650508604,
            "y": 519.1353720977847,
            "z": -1.0
        },
        {
            "x": 603.6367651028285,
            "y": 503.872429814743,
            "z": -1.0
        },
        {
            "x": 613.1868752758766,
            "y": 434.68629933549875,
            "z": -1.0
        },
        {
            "x": 580.5813995868737,
            "y": 537.546734846229,
            "z": -1.0
        },
        {
            "x": 594.4929296886046,
            "y": 533.1020918789907,
            "z": -1.0
        },
        {
            "x": 604.7218066550525,
            "y": 454.7257318711766,
            "z": -1.0
        },
        {
            "x": 493.042621138484,
            "y": 472.35258126122994,
            "z": 18.883288720802152
        },
        {
            "x": 523.7200882857445,
            "y": 537.39282918787,
            "z": -1.0
        },
        {
            "x": 608.5409717791114,
            "y": 443.1788396203611,
            "z": -1.0
        },
        {
            "x": 618.9803466652999,
            "y": 510.3656601524527,
            "z": -1.0
        },
        {
            "x": 580.9328984882096,
            "y": 425.9424544849719,
            "z": -1.0
        },
        {
            "x": 495.10414044287955,
            "y": 454.146931398984,
            "z": 11.34020735463872
        },
        {
            "x": 573.139178278014,
            "y": 424.95483312640505,
            "z": -1.0
        },
        {
            "x": 510.79960592858964,
            "y": 451.06241579584406,
            "z": -1.0
        },
        {
            "x": 534.0183214616264,
            "y": 527.472017263127,
            "z": -1.0
        },
        {
            "x": 555.0915038262355,
            "y": 543.995622075381,
            "z": -1.0
        },
        {
            "x": 625.2765618797388,
            "y": 467.1388273041145,
            "z": -1.0
        },
        {
            "x": 564.2086544077418,
            "y": 534.4394524117806,
            "z": -1.0
        },
        {
            "x": 591.7334857546941,
            "y": 431.0099610089664,
            "z": -1.0
        },
        {
            "x": 558.0555126774469,
            "y": 537.3446465311935,
            "z": -1.0
        },
        {
            "x": 509.44589986413837,
            "y": 508.41959504830123,
            "z": 0.7734735508067518
        },
        {
            "x": 516.744965538377,
            "y": 507.3841633162692,
            "z": -1.0
        },
        {
            "x": 523.7271246807518,
            "y": 439.02131910521126,
            "z": -1.0
        },
        {
            "x": 497.91139201161303,
            "y": 464.13902085843404,
            "z": 14.116132889523064
        },
        {
            "x": 621.5077271599672,
            "y": 471.97611666937587,
            "z": -1.0
        },
        {
            "x": 491.4356251360957,
            "y": 458.3741318722546,
            "z": 1.950706789340595
        },
        {
            "x": 612.8522039406489,
            "y": 514.2216876759202,
            "z": -1.0
        },
        {
            "x": 494.0059306041039,
            "y": 474.58090189070725,
            "z": 13.089655084161144
        },
        {
            "x": 493.3975675431479,
            "y": 455.7821942024933,
            "z": 7.316692262234142
        },
        {
            "x": 522.2076174394987,
            "y": 422.65971017767015,
            "z": -1.0
        },
        {
            "x": 513.0020572935246,
            "y": 513.5360340040031,
            "z": -1.0
        },
        {
            "x": 510.92978999157157,
            "y": 448.92136436286864,
            "z": -1.0
        },
        {
            "x": 576.4051404496062,
            "y": 531.2463830940023,
            "z": -1.0
        },
        {
            "x": 513.9491121891554,
            "y": 522.3910842761474,
            "z": -1.0
        },
        {
            "x": 614.2672237089915,
            "y": 495.7909707725009,
            "z": -1.0
        },
        {
            "x": 562.068899155606,
            "y": 534.9004784350706,
            "z": -1.0
        },
        {
            "x": 569.1880357806132,
            "y": 426.4451749860735,
            "z": -1.0
        },
        {
            "x": 535.8116953435086,
            "y": 526.7007578805691,
            "z": -1.0
        },
        {
            "x": 490.37387777606176,
            "y": 478.84711542858884,
            "z": 1.9974998856690265
        },
        {
            "x": 612.9008801093534,
            "y": 472.06411706422193,
            "z": -1.0
        },
        {
            "x": 518.256932310218,
            "y": 422.9497280806622,
            "z": -1.0
        },
        {
            "x": 523.8440770273407,
            "y": 518.6998765113773,
            "z": -1.0
        },
        {
            "x": 622.611176816369,
            "y": 486.04843424380505,
            "z": -1.0
        },
        {
            "x": 616.3691017975138,
            "y": 514.3653309690993,
            "z": -1.0
        },
        {
            "x": 498.7134281013951,
            "y": 467.0282436224002,
            "z": 6.688332799310216
        },
        {
            "x": 594.3305600905762,
            "y": 524.7020231516723,
            "z": -1.0
        },
        {
            "x": 499.4657619953892,
            "y": 460.64116542528365,
            "z": 23.282971443175732
        },
        {
            "x": 538.3821332931772,
            "y": 416.3427564281997,
            "z": -1.0
        },
        {
            "x": 570.0475862030293,
            "y": 427.0867892942336,
            "z": -1.0
        },
        {
            "x": 505.46252012300187,
            "y": 510.8681358482011,
            "z": 8.047390733184352
        },
        {
            "x": 504.51447186115263,
            "y": 523.5578900480918,
            "z": 5.088726197760744
        },
        {
            "x": 555.4205387232856,
            "y": 411.36752833495706,
            "z": -1.0
        },
        {
            "x": 563.1240949999135,
            "y": 426.5841745634893,
            "z": -1.0
        },
        {
            "x": 614.22761817447,
            "y": 491.0625584620596,
            "z": -1.0
        },
        {
            "x": 613.6538486774277,
            "y": 447.4041429491915,
            "z": -1.0
        },
        {
            "x": 505.23871190801395,
            "y": 509.61314788474544,
            "z": -0.5007860984311439
        },
        {
            "x": 508.33726332887653,
            "y": 523.1172131488506,
            "z": 5.768344230180051
        },
        {
            "x": 541.6883959636085,
            "y": 423.3552278085214,
            "z": -1.0
        },
        {
            "x": 585.9433808861405,
            "y": 421.2336331737988,
            "z": -1.0
        },
        {
            "x": 495.18858834120783,
            "y": 508.8800140922954,
            "z": 13.774653574074517
        },
        {
            "x": 497.45096247221807,
            "y": 480.23301043521803,
            "z": 28.03284650411991
        },
        {
            "x": 537.5628927143636,
            "y": 424.9364174004999,
            "z": -1.0
        },
        {
            "x": 597.7324711416985,
            "y": 520.6328411914208,
            "z": -1.0
        },
        {
            "x": 563.9784270226148,
            "y": 546.7969875976755,
            "z": -1.0
        },
        {
            "x": 574.8786607266023,
            "y": 525.9580571496515,
            "z": -1.0
        },
        {
            "x": 498.85412729020527,
            "y": 443.5961614515986,
            "z": 9.372866664144224
        },
        {
            "x": 594.5659606301748,
            "y": 431.98787353376247,
            "z": -1.0
        },
        {
            "x": 610.062346268202,
            "y": 457.7486025242289,
            "z": -1.0
        },
        {
            "x": 512.7864366965966,
            "y": 444.1528657277243,
            "z": -1.0
        },
        {
            "x": 587.2184435101285,
            "y": 425.96245002998023,
            "z": -1.0
        },
        {
            "x": 570.5714118608574,
            "y": 542.3088770024523,
            "z": -1.0
        },
        {
            "x": 575.7883763567158,
            "y": 526.4698116505226,
            "z": -1.0
        },
        {
            "x": 592.8908992488425,
            "y": 439.20059191629235,
            "z": -1.0
        },
        {
            "x": 616.5596690885646,
            "y": 472.8818868246495,
            "z": -1.0
        },
        {
            "x": 593.1372769767122,
            "y": 528.2972951793885,
            "z": -1.0
        },
        {
            "x": 552.6451259235433,
            "y": 539.5953273743243,
            "z": -1.0
        },
        {
            "x": 502.88016667442616,
            "y": 470.6292942285988,
            "z": -1.0
        },
        {
            "x": 612.8754350400139,
            "y": 513.6829887127622,
            "z": -1.0
        },
        {
            "x": 514.7845177780238,
            "y": 514.6320494057022,
            "z": -1.0
        },
        {
            "x": 520.0119625110556,
            "y": 436.9404586137242,
            "z": -1.0
        },
        {
            "x": 610.6515604791418,
            "y": 517.5743545493264,
            "z": -1.0
        },
        {
            "x": 500.1902834855197,
            "y": 436.89426262048346,
            "z": -1.0
        },
        {
            "x": 565.7611576737395,
            "y": 420.826234639582,
            "z": -1.0
        },
        {
            "x": 548.1061623695056,
            "y": 420.56388784166046,
            "z": -1.0
        },
        {
            "x": 532.9825738356694,
            "y": 414.31018349684666,
            "z": -1.0
        },
        {
            "x": 617.9756563554029,
            "y": 488.9858620828907,
            "z": -1.0
        },
        {
            "x": 561.0490201523596,
            "y": 546.176599965866,
            "z": -1.0
        },
        {
            "x": 593.5621185046274,
            "y": 532.0256324761887,
            "z": -1.0
        },
        {
            "x": 566.0946205954841,
            "y": 421.6207704124949,
            "z": -1.0
        },
        {
            "x": 624.2158901468121,
            "y": 477.738563051898,
            "z": -1.0
        },
        {
            "x": 605.2991273901303,
            "y": 438.1855763857383,
            "z": -1.0
        },
        {
            "x": 516.9684891400522,
            "y": 531.6878250350587,
            "z": -1.0
        },
        {
            "x": 604.2387336457283,
            "y": 517.7635859711407,
            "z": -1.0
        },
        {
            "x": 519.7264638928393,
            "y": 520.9400534952217,
            "z": -1.0
        },
        {
            "x": 594.490503134254,
            "y": 518.826543081548,
            "z": -1.0
        },
        {
            "x": 525.5135915770015,
            "y": 519.698382182641,
            "z": -1.0
        },
        {
            "x": 515.1753917919789,
            "y": 449.41226476930683,
            "z": -1.0
        },
        {
            "x": 617.3007901307373,
            "y": 454.5575631890555,
            "z": -1.0
        },
        {
            "x": 509.8153402096359,
            "y": 503.1212989253199,
            "z": 6.617379962085245
        },
        {
            "x": 505.84435122447036,
            "y": 451.4079711264499,
            "z": -1.0
        },
        {
            "x": 553.5478324503116,
            "y": 546.981648698828,
            "z": -1.0
        },
        {
            "x": 595.6785399844249,
            "y": 520.127456302338,
            "z": -1.0
        },
        {
            "x": 498.87441822262457,
            "y": 508.3634743975124,
            "z": 13.213905801215425
        },
        {
            "x": 502.32060024678896,
            "y": 484.0540336785337,
            "z": -1.0
        },
        {
            "x": 514.8680050714838,
            "y": 526.9777502226423,
            "z": -1.0
        },
        {
            "x": 532.4679449348041,
            "y": 414.7966761683357,
            "z": -1.0
        },
        {
            "x": 502.1785768003665,
            "y": 445.005544950399,
            "z": -1.0
        },
        {
            "x": 499.04704352155727,
            "y": 495.6739344758032,
            "z": 20.110652946168436
        },
        {
            "x": 615.5436571245352,
            "y": 449.93247617310215,
            "z": -1.0
        },
        {
            "x": 606.6607384291967,
            "y": 502.38947842263315,
            "z": -1.0
        },
        {
            "x": 557.6490851751067,
            "y": 541.6442614047066,
            "z": -1.0
        },
        {
            "x": 514.5062231302578,
            "y": 438.75221632061243,
            "z": -1.0
        },
        {
            "x": 570.3860597017683,
            "y": 536.3378231649922,
            "z": -1.0
        },
        {
            "x": 537.1301129309796,
            "y": 414.01203944075917,
            "z": -1.0
        },
        {
            "x": 506.6528911650193,
            "y": 456.4017715608244,
            "z": -1.0
        },
        {
            "x": 582.4153967558907,
            "y": 419.3653940224845,
            "z": -1.0
        },
        {
            "x": 597.3972559292677,
            "y": 509.86206753985806,
            "z": -1.0
        },
        {
            "x": 592.2107663359199,
            "y": 419.5514620040481,
            "z": -1.0
        },
        {
            "x": 614.300967404938,
            "y": 474.55216570375893,
            "z": -1.0
        },
        {
            "x": 524.2532520645213,
            "y": 519.1160287817056,
            "z": -1.0
        },
        {
            "x": 512.3518858413145,
            "y": 441.5835681977305,
            "z": -1.0
        },
        {
            "x": 594.3604836049393,
            "y": 513.3779896359404,
            "z": -1.0
        },
        {
            "x": 577.0683589718926,
            "y": 416.9812255178351,
            "z": -1.0
        },
        {
            "x": 605.0302166499584,
            "y": 425.1898516748468,
            "z": -1.0
        },
        {
            "x": 603.9034535278261,
            "y": 430.1292223902373,
            "z": -1.0
        },
        {
            "x": 584.2506256468075,
            "y": 425.432305622478,
            "z": -1.0
        },
        {
            "x": 564.458684171257,
            "y": 419.4334851857724,
            "z": -1.0
        },
        {
            "x": 490.7665436890564,
            "y": 463.401223658901,
            "z": 15.5475233563451
        },
        {
            "x": 621.0282784702615,
            "y": 476.4871137864213,
            "z": -1.0
        },
        {
            "x": 541.6882072270847,
            "y": 536.8938922965777,
            "z": -1.0
        },
        {
            "x": 561.2224468405301,
            "y": 412.9451053314176,
            "z": -1.0
        },
        {
            "x": 572.7746363654684,
            "y": 540.4225180418043,
            "z": -1.0
        },
        {
            "x": 497.0768249109143,
            "y": 495.9396323046841,
            "z": 17.89220053379826
        },
        {
            "x": 511.70910524386426,
            "y": 524.8070190488173,
            "z": -1.0
        },
        {
            "x": 584.6653146439468,
            "y": 420.57353933051303,
            "z": -1.0
        },
        {
            "x": 616.4644103278197,
            "y": 515.7864990482763,
            "z": -1.0
        },
        {
            "x": 597.9456174917161,
            "y": 424.00354044713174,
            "z": -1.0
        },
        {
            "x": 523.7417762050559,
            "y": 522.1784685653524,
            "z": -1.0
        },
        {
            "x": 532.5642674561119,
            "y": 421.8270098996075,
            "z": -1.0
        },
        {
            "x": 596.0481590050474,
            "y": 526.5528353962333,
            "z": -1.0
        },
        {
            "x": 615.956712634422,
            "y": 486.70784452210216,
            "z": -1.0
        },
        {
            "x": 545.4451892906517,
            "y": 416.7409329792663,
            "z": -1.0
        },
        {
            "x": 527.4422836237734,
            "y": 530.2035026352323,
            "z": -1.0
        },
        {
            "x": 501.5361922505703,
            "y": 454.64722266875026,
            "z": -1.0
        },
        {
            "x": 494.5535523691579,
            "y": 458.028599885549,
            "z": 3.069530087504022
        },
        {
            "x": 582.2297724039962,
            "y": 412.1150239768362,
            "z": -1.0
        },
        {
            "x": 520.2338578858667,
            "y": 523.7704022708438,
            "z": -1.0
        },
        {
            "x": 623.845783233001,
            "y": 491.1644509439581,
            "z": -1.0
        },
        {
            "x": 515.7943547310596,
            "y": 531.0976015822112,
            "z": -1.0
        },
        {
            "x": 608.8457709411758,
            "y": 523.1714413165132,
            "z": -1.0
        },
        {
            "x": 581.6672815172918,
            "y": 420.6340996805542,
            "z": -1.0
        },
        {
            "x": 535.2949565131685,
            "y": 414.29220082683537,
            "z": -1.0
        },
        {
            "x": 569.3973905477678,
            "y": 543.58829159266,
            "z": -1.0
        },
        {
            "x": 571.5675213438219,
            "y": 532.1120001353148,
            "z": -1.0
        },
        {
            "x": 561.4458229691462,
            "y": 424.50987270604554,
            "z": -1.0
        },
        {
            "x": 528.9476937959159,
            "y": 537.0051583783163,
            "z": -1.0
        },
        {
            "x": 512.7225587278983,
            "y": 435.81097004080584,
            "z": -1.0
        },
        {
            "x": 507.18524626560435,
            "y": 508.3506713940015,
            "z": 0.999959620717551
        },
        {
            "x": 532.0269078470448,
            "y": 421.13439916876126,
            "z": -1.0
        },
        {
            "x": 611.6290389564274,
            "y": 487.75845402736996,
            "z": -1.0
        },
        {
            "x": 568.361262917254,
            "y": 536.0038160045705,
            "z": -1.0
        },
        {
            "x": 611.206331425819,
            "y": 437.1525991331268,
            "z": -1.0
        },
        {
            "x": 546.9648766640317,
            "y": 530.1090506334638,
            "z": -1.0
        },
        {
            "x": 595.6959973605082,
            "y": 426.6060774471898,
            "z": -1.0
        },
        {
            "x": 554.2528238911034,
            "y": 412.44338956586625,
            "z": -1.0
        },
        {
            "x": 593.238716148501,
            "y": 526.5651205708257,
            "z": -1.0
        },
        {
            "x": 558.5893459132408,
            "y": 418.191104870541,
            "z": -1.0
        },
        {
            "x": 557.2580517570476,
            "y": 538.0235595016069,
            "z": -1.0
        },
        {
            "x": 623.0016329496518,
            "y": 457.5816404932791,
            "z": -1.0
        },
        {
            "x": 598.8920187048449,
            "y": 522.377691831319,
            "z": -1.0
        },
        {
            "x": 619.085861106568,
            "y": 461.3344065603644,
            "z": -1.0
        },
        {
            "x": 549.3645498583809,
            "y": 418.5946767150628,
            "z": -1.0
        },
        {
            "x": 493.7062371896356,
            "y": 447.6445351963436,
            "z": 1.9665585914496213
        },
        {
            "x": 622.1597249318287,
            "y": 503.6168409002383,
            "z": -1.0
        },
        {
            "x": 582.7476823821535,
            "y": 532.2223781866003,
            "z": -1.0
        },
        {
            "x": 599.7918901194986,
            "y": 527.1876411781666,
            "z": -1.0
        },
        {
            "x": 544.0616027837391,
            "y": 538.1617790823611,
            "z": -1.0
        },
        {
            "x": 544.8057103617343,
            "y": 528.0004375817804,
            "z": -1.0
        },
        {
            "x": 471.11961661914626,
            "y": 544.8349197797487,
            "z": 33.28443494448935
        },
        {
            "x": 520.61475083885,
            "y": 412.3777688553627,
            "z": -1.0
        },
        {
            "x": 613.0834535498751,
            "y": 408.7957307820459,
            "z": -1.0
        },
        {
            "x": 467.6808425795427,
            "y": 505.69962286429904,
            "z": 46.11313063264265
        },
        {
            "x": 650.304245392507,
            "y": 495.2246999681964,
            "z": -1.0
        },
        {
            "x": 660.84537680038,
            "y": 495.0186388185761,
            "z": -1.0
        },
        {
            "x": 659.9402303600765,
            "y": 521.6817076339713,
            "z": -1.0
        },
        {
            "x": 456.40327408376413,
            "y": 516.5622302346079,
            "z": 54.80160879489539
        },
        {
            "x": 656.1809410925247,
            "y": 466.88842404487497,
            "z": -1.0
        },
        {
            "x": 460.0847493769601,
            "y": 476.28098729705823,
            "z": 43.33863649495159
        },
        {
            "x": 512.4912176522491,
            "y": 568.941792295086,
            "z": -0.8681887142886069
        },
        {
            "x": 452.618463154405,
            "y": 442.79177305460337,
            "z": 38.307786273580525
        },
        {
            "x": 475.9112010577594,
            "y": 415.23686339768193,
            "z": 19.20865264702106
        },
        {
            "x": 451.9003776654685,
            "y": 579.7357530399754,
            "z": 47.940769468512926
        },
        {
            "x": 700.0671414726239,
            "y": 444.78674456293663,
            "z": -1.0
        },
        {
            "x": 493.62265683456377,
            "y": 581.4621803931153,
            "z": 17.08868290410252
        },
        {
            "x": 717.0310502500159,
            "y": 454.6413486434613,
            "z": -1.0
        },
        {
            "x": 486.55633355969496,
            "y": 406.43930958268714,
            "z": 3.973180723136804
        },
        {
            "x": 429.1669925828947,
            "y": 606.5063905100184,
            "z": 75.97443311942658
        },
        {
            "x": 557.1971522420287,
            "y": 384.5800679078738,
            "z": -1.0
        },
        {
            "x": 635.7822707411236,
            "y": 441.5914514271421,
            "z": -1.0
        },
        {
            "x": 436.09275840749996,
            "y": 428.19550843719355,
            "z": 36.437103362999984
        },
        {
            "x": 548.5894260098565,
            "y": 377.72581186358514,
            "z": -1.0
        },
        {
            "x": 502.04989432441363,
            "y": 417.43483393016044,
            "z": -1.0
        },
        {
            "x": 603.8280808992507,
            "y": 568.0346361826971,
            "z": -1.0
        },
        {
            "x": 445.87929406131786,
            "y": 609.9575180324981,
            "z": 64.44505269374676
        },
        {
            "x": 746.3238344341822,
            "y": 422.47582859720944,
            "z": -1.0
        },
        {
            "x": 443.20975636046256,
            "y": 534.5212726929595,
            "z": 66.80416141430749
        },
        {
            "x": 745.3559546309427,
            "y": 400.5452059643039,
            "z": -1.0
        },
        {
            "x": 632.4359161354856,
            "y": 538.7552419309034,
            "z": -1.0
        },
        {
            "x": 771.0216403238348,
            "y": 383.1989156644822,
            "z": -1.0
        },
        {
            "x": 427.913009608653,
            "y": 436.406848431086,
            "z": 43.60310313280395
        },
        {
            "x": 577.4193725137768,
            "y": 566.2658755371242,
            "z": -1.0
        },
        {
            "x": 506.24215794875306,
            "y": 597.8442958820132,
            "z": 6.0746961621406586
        },
        {
            "x": 716.7071336950954,
            "y": 438.6928749889892,
            "z": -1.0
        },
        {
            "x": 443.7693413729591,
            "y": 493.6352654508531,
            "z": 64.42227584721346
        },
        {
            "x": 477.0421858107593,
            "y": 485.56842555456024,
            "z": 39.816939295595475
        },
        {
            "x": 460.2174603297341,
            "y": 459.70101054598643,
            "z": 29.48590065489372
        },
        {
            "x": 796.2386968362019,
            "y": 414.1660303498462,
            "z": -1.0
        },
        {
            "x": 507.93367562746164,
            "y": 397.4042324289939,
            "z": -1.0
        },
        {
            "x": 622.8641250263342,
            "y": 547.2977420219557,
            "z": -1.0
        },
        {
            "x": 767.3058696547245,
            "y": 411.7780793058147,
            "z": -1.0
        },
        {
            "x": 476.7245327251627,
            "y": 518.7735065513558,
            "z": 27.8487685231922
        },
        {
            "x": 716.834494014789,
            "y": 445.86801647823273,
            "z": -1.0
        },
        {
            "x": 753.9227116076721,
            "y": 428.981448329234,
            "z": -1.0
        },
        {
            "x": 416.23262736942735,
            "y": 563.1264219392534,
            "z": 92.51997662826695
        },
        {
            "x": 634.066574155511,
            "y": 542.0759817754341,
            "z": -1.0
        },
        {
            "x": 790.1990111785186,
            "y": 340.0123810242376,
            "z": -1.0
        },
        {
            "x": 429.4296973133437,
            "y": 448.82014693442716,
            "z": 53.851337004638765
        },
        {
            "x": 386.18260994590946,
            "y": 420.23221979331595,
            "z": 47.1395382137957
        },
        {
            "x": 481.4828574923182,
            "y": 592.8780527539127,
            "z": 28.973875808784463
        },
        {
            "x": 539.6480578662547,
            "y": 628.4062176756107,
            "z": -1.0
        },
        {
            "x": 401.8572068948777,
            "y": 406.9918110080718,
            "z": 20.541072907174083
        },
        {
            "x": 499.07431787769576,
            "y": 645.5299324140615,
            "z": -1.0
        },
        {
            "x": 382.5642959585882,
            "y": 419.76733457272775,
            "z": 38.75198847499782
        },
        {
            "x": 443.2069711378568,
            "y": 645.65548601907,
            "z": 48.629021027213106
        },
        {
            "x": 401.0844767217584,
            "y": 598.5249312085593,
            "z": 97.52063905136865
        },
        {
            "x": 508.8599401756551,
            "y": 628.1991370011336,
            "z": -1.0
        },
        {
            "x": 489.5225248707439,
            "y": 661.9264915706862,
            "z": 10.563268795661038
        },
        {
            "x": 445.1403685771148,
            "y": 436.3132541151907,
            "z": 39.65939912694204
        },
        {
            "x": 437.18658636804196,
            "y": 636.572176273477,
            "z": 52.921090226649454
        },
        {
            "x": 653.7831887407989,
            "y": 518.8160237454032,
            "z": -1.0
        },
        {
            "x": 742.163778141167,
            "y": 360.45474370220575,
            "z": -1.0
        },
        {
            "x": 681.074790555918,
            "y": 450.5316679489866,
            "z": -1.0
        },
        {
            "x": 417.77899113528906,
            "y": 457.8083953453473,
            "z": 64.78332283730856
        },
        {
            "x": 831.5509815850036,
            "y": 414.7902286569507,
            "z": -1.0
        },
        {
            "x": 399.119898458532,
            "y": 439.72160059270107,
            "z": 53.171088008034694
        },
        {
            "x": 702.827801726423,
            "y": 341.430830038932,
            "z": -1.0
        },
        {
            "x": 445.2025994482501,
            "y": 597.6258010365913,
            "z": 63.88777854950595
        },
        {
            "x": 508.04681562136614,
            "y": 546.6481957281119,
            "z": 1.6814434175104913
        },
        {
            "x": 866.1623527915789,
            "y": 399.2712657073475,
            "z": -1.0
        },
        {
            "x": 732.2486913932073,
            "y": 307.0531471709316,
            "z": -1.0
        },
        {
            "x": 806.4551524041979,
            "y": 369.48929724162673,
            "z": -1.0
        },
        {
            "x": 732.95423493602,
            "y": 279.90836109463555,
            "z": -1.0
        },
        {
            "x": 652.3828127937152,
            "y": 420.12117520659876,
            "z": -1.0
        },
        {
            "x": 582.2690428507111,
            "y": 557.5962338153037,
            "z": -1.0
        },
        {
            "x": 569.7080471183889,
            "y": 645.7072239221623,
            "z": -1.0
        },
        {
            "x": 628.7410940767766,
            "y": 608.8607101671148,
            "z": -1.0
        },
        {
            "x": 679.4229242649063,
            "y": 495.18835816101046,
            "z": -1.0
        },
        {
            "x": 630.9608826690488,
            "y": 569.965161859807,
            "z": -1.0
        },
        {
            "x": 635.608232334946,
            "y": 566.6616500418896,
            "z": -1.0
        },
        {
            "x": 460.95860209891424,
            "y": 497.0963923044695,
            "z": 45.67571281179775
        },
        {
            "x": 443.5834581579685,
            "y": 415.0273598473008,
            "z": 32.07854855949049
        },
        {
            "x": 510.62901290077014,
            "y": 591.2756368723094,
            "z": 3.362181563845297
        },
        {
            "x": 752.1818238271275,
            "y": 306.0812446172505,
            "z": -1.0
        },
        {
            "x": 431.595578892028,
            "y": 620.6242801434659,
            "z": 64.71839521810216
        },
        {
            "x": 589.7947139477351,
            "y": 373.3129186567682,
            "z": -1.0
        },
        {
            "x": 743.0511290855397,
            "y": 350.5028856807756,
            "z": -1.0
        },
        {
            "x": 894.5426820892437,
            "y": 398.6173915091804,
            "z": -1.0
        },
        {
            "x": 645.4540065860026,
            "y": 509.78394020807474,
            "z": -1.0
        },
        {
            "x": 506.0325503139378,
            "y": 685.984429200748,
            "z": 4.608067142712764
        },
        {
            "x": 481.2584825562749,
            "y": 385.5830064559946,
            "z": 3.52816773053157
        },
        {
            "x": 545.3781362502117,
            "y": 338.42632937250096,
            "z": -1.0
        },
        {
            "x": 486.5672468750257,
            "y": 558.4944580549496,
            "z": 15.15842975806607
        },
        {
            "x": 491.1484490267258,
            "y": 535.0466267632563,
            "z": 12.846782717504748
        },
        {
            "x": 809.3846940477347,
            "y": 338.1499317115304,
            "z": -1.0
        },
        {
            "x": 695.5121848774579,
            "y": 269.9625676547882,
            "z": -1.0
        },
        {
            "x": 470.2848747803973,
            "y": 390.8599074189244,
            "z": 19.33023459764181
        },
        {
            "x": 406.2739695613682,
            "y": 379.47570815070407,
            "z": 9.04625254818309
        },
        {
            "x": 438.5983060382335,
            "y": 344.2376009760217,
            "z": 20.000012282004658
        },
        {
            "x": 434.0155577744611,
            "y": 615.2728466918946,
            "z": 69.76564114733365
        },
        {
            "x": 389.4169525862423,
            "y": 409.8612206530049,
            "z": 37.34881565713445
        },
        {
            "x": 715.2297021148172,
            "y": 437.26959006995,
            "z": -1.0
        },
        {
            "x": 867.3432841254411,
            "y": 434.48020105671725,
            "z": -1.0
        },
        {
            "x": 563.6734123756075,
            "y": 687.8472112692291,
            "z": -1.0
        },
        {
            "x": 561.5353026793291,
            "y": 580.5076737085927,
            "z": -1.0
        },
        {
            "x": 715.1669632666658,
            "y": 235.28778508283955,
            "z": -1.0
        },
        {
            "x": 874.5117053352197,
            "y": 463.5607796384249,
            "z": -1.0
        },
        {
            "x": 417.7355553632044,
            "y": 488.6577360907507,
            "z": 84.9634078130085
        },
        {
            "x": 759.0714507058966,
            "y": 392.24001297799435,
            "z": -1.0
        },
        {
            "x": 881.4071282882638,
            "y": 459.7781650214798,
            "z": -1.0
        },
        {
            "x": 390.0359995872699,
            "y": 587.0815622389883,
            "z": 107.07485852784849
        },
        {
            "x": 713.7486446623711,
            "y": 191.0673095643536,
            "z": -1.0
        },
        {
            "x": 461.9127325510481,
            "y": 537.2449210130895,
            "z": 38.89193598534943
        },
        {
            "x": 482.04761712183574,
            "y": 502.69748728654884,
            "z": 35.50939380362076
        },
        {
            "x": 682.4402695600398,
            "y": 554.5663930557344,
            "z": -1.0
        },
        {
            "x": 779.3388384455748,
            "y": 368.95715978335784,
            "z": -1.0
        },
        {
            "x": 620.5893206386452,
            "y": 636.1953376737356,
            "z": -1.0
        },
        {
            "x": 566.9702131953179,
            "y": 634.4681447176504,
            "z": -1.0
        },
        {
            "x": 601.1843759438962,
            "y": 680.9329325105348,
            "z": -1.0
        },
        {
            "x": 684.0227372308276,
            "y": 581.3811356858913,
            "z": -1.0
        },
        {
            "x": 677.9313131212123,
            "y": 202.28007631340162,
            "z": -1.0
        },
        {
            "x": 665.2513913188368,
            "y": 203.08403875008196,
            "z": -1.0
        },
        {
            "x": 518.2349038975469,
            "y": 594.5370646945433,
            "z": 1.7314676527283273
        },
        {
            "x": 747.4184643429361,
            "y": 398.8655557472958,
            "z": -1.0
        },
        {
            "x": 721.1686128944044,
            "y": 250.89085789445954,
            "z": -1.0
        },
        {
            "x": 783.7521831447172,
            "y": 368.53889160858,
            "z": -1.0
        },
        {
            "x": 485.8016489363245,
            "y": 687.1953871042043,
            "z": 11.244733621671717
        },
        {
            "x": 832.3908572747275,
            "y": 327.7251471026916,
            "z": -1.0
        },
        {
            "x": 930.4564302622089,
            "y": 460.2038185072801,
            "z": -1.0
        },
        {
            "x": 583.6327240742712,
            "y": 328.5353764992618,
            "z": -1.0
        },
        {
            "x": 766.7979624021967,
            "y": 314.20449248356675,
            "z": -1.0
        },
        {
            "x": 801.3185308773652,
            "y": 398.5815601201175,
            "z": -1.0
        },
        {
            "x": 692.0187400853948,
            "y": 484.0307810552197,
            "z": -1.0
        },
        {
            "x": 908.1280663013531,
            "y": 455.22523397161285,
            "z": -1.0
        },
        {
            "x": 823.8473044310238,
            "y": 357.9574733635389,
            "z": -1.0
        },
        {
            "x": 565.2639323082586,
            "y": 665.4395952087552,
            "z": -1.0
        },
        {
            "x": 765.5209643966582,
            "y": 235.19585105815798,
            "z": -1.0
        },
        {
            "x": 452.580115564052,
            "y": 621.4399691773506,
            "z": 55.40473542200515
        },
        {
            "x": 634.6291424650994,
            "y": 185.25563231874065,
            "z": -1.0
        },
        {
            "x": 812.2284540780255,
            "y": 337.93242477433705,
            "z": -1.0
        },
        {
            "x": 689.309926848097,
            "y": 446.9979104727836,
            "z": -1.0
        },
        {
            "x": 560.7384005875525,
            "y": 364.1316050759909,
            "z": -1.0
        },
        {
            "x": 498.21458901996317,
            "y": 559.6514063693139,
            "z": 6.383957058136616
        },
        {
            "x": 602.6964830217664,
            "y": 720.9345450220095,
            "z": -1.0
        },
        {
            "x": 498.64290556835147,
            "y": 332.6717952848448,
            "z": -1.0
        },
        {
            "x": 649.6205871135714,
            "y": 680.1010849100059,
            "z": -1.0
        },
        {
            "x": 549.1071150902925,
            "y": 342.10908433995735,
            "z": -1.0
        },
        {
            "x": 905.2486917522888,
            "y": 366.80210135649327,
            "z": -1.0
        },
        {
            "x": 488.24011078338634,
            "y": 448.38486580915236,
            "z": 15.49037092641856
        },
        {
            "x": 835.7120662241648,
            "y": 331.4166747256522,
            "z": -1.0
        },
        {
            "x": 424.06338967730494,
            "y": 664.8676498517796,
            "z": 68.45200246193112
        },
        {
            "x": 637.7902056780628,
            "y": 452.3863075892699,
            "z": -1.0
        },
        {
            "x": 726.4073979576813,
            "y": 213.13118909412466,
            "z": -1.0
        },
        {
            "x": 418.98748320226974,
            "y": 304.20743714740325,
            "z": 8.335541698997524
        },
        {
            "x": 562.6207446307403,
            "y": 337.99194432633783,
            "z": -1.0
        },
        {
            "x": 662.0781859653166,
            "y": 215.71937485510873,
            "z": -1.0
        },
        {
            "x": 908.3786383865571,
            "y": 453.35064005942746,
            "z": -1.0
        },
        {
            "x": 739.1454738339759,
            "y": 223.14264216283286,
            "z": -1.0
        },
        {
            "x": 884.464315521841,
            "y": 454.3050310460541,
            "z": -1.0
        },
        {
            "x": 617.5919922037182,
            "y": 715.9419975841795,
            "z": -1.0
        },
        {
            "x": 763.7230891757121,
            "y": 306.5327486604221,
            "z": -1.0
        },
        {
            "x": 550.0197598544507,
            "y": 324.33175866408624,
            "z": -1.0
        },
        {
            "x": 975.9275581834733,
            "y": 452.3870118787661,
            "z": -1.0
        },
        {
            "x": 452.7337429932724,
            "y": 335.20225093875735,
            "z": 19.76736419230394
        },
        {
            "x": 417.65324132246593,
            "y": 566.7492199092951,
            "z": 85.59616133116957
        },
        {
            "x": 405.7745219629669,
            "y": 660.2707379273144,
            "z": 108.6095269301033
        },
        {
            "x": 960.6110373958514,
            "y": 427.5329355858037,
            "z": -1.0
        },
        {
            "x": 690.3841287248238,
            "y": 531.4308674928494,
            "z": -1.0
        },
        {
            "x": 446.1651227872133,
            "y": 323.2165372001191,
            "z": 16.81394126387483
        },
        {
            "x": 579.6484064455275,
            "y": 679.6943180890934,
            "z": -1.0
        },
        {
            "x": 546.4264426344906,
            "y": 597.9497853212047,
            "z": -1.0
        },
        {
            "x": 759.5831636867159,
            "y": 441.3927793974016,
            "z": -1.0
        },
        {
            "x": 888.2287941643193,
            "y": 392.72648930282315,
            "z": -1.0
        },
        {
            "x": 357.7785776320701,
            "y": 586.7247945952919,
            "z": 102.75143965459208
        },
        {
            "x": 649.3652890860885,
            "y": 684.2794314739275,
            "z": -1.0
        },
        {
            "x": 616.4176406798075,
            "y": 524.560657921173,
            "z": -1.0
        },
        {
            "x": 525.9344414534943,
            "y": 286.5786375940317,
            "z": -1.0
        },
        {
            "x": 681.8526934919769,
            "y": 316.4734943703553,
            "z": -1.0
        },
        {
            "x": 401.8987983376417,
            "y": 314.84964401769133,
            "z": 6.357098331532692
        },
        {
            "x": 698.2363228427041,
            "y": 574.9990610332036,
            "z": -1.0
        },
        {
            "x": 685.1081018791011,
            "y": 539.0757537541537,
            "z": -1.0
        },
        {
            "x": 418.19922449891436,
            "y": 513.4549874164144,
            "z": 102.44295242121166
        },
        {
            "x": 768.0206577594391,
            "y": 370.97324611520986,
            "z": -1.0
        },
        {
            "x": 947.0896894364695,
            "y": 397.4494265262387,
            "z": -1.0
        },
        {
            "x": 663.9607220379419,
            "y": 459.5064241956871,
            "z": -1.0
        },
        {
            "x": 475.58655379579096,
            "y": 297.4834406698482,
            "z": -1.0
        },
        {
            "x": 401.107283689639,
            "y": 457.4580435776331,
            "z": 61.152212927448396
        },
        {
            "x": 634.2482262129696,
            "y": 741.1828328788417,
            "z": -1.0
        },
        {
            "x": 828.8243061097645,
            "y": 349.4545926315039,
            "z": -1.0
        },
        {
            "x": 691.8331497573354,
            "y": 537.3159318937954,
            "z": -1.0
        },
        {
            "x": 912.1652222073019,
            "y": 503.5287997348229,
            "z": -1.0
        },
        {
            "x": 391.7937108935776,
            "y": 365.85233263771755,
            "z": 8.0
        },
        {
            "x": 408.3089775285188,
            "y": 620.0364018513272,
            "z": 87.48305657248724
        },
        {
            "x": 675.1003658729044,
            "y": 258.27095199695594,
            "z": -1.0
        },
        {
            "x": 637.5012882775915,
            "y": 735.4649634033597,
            "z": -1.0
        },
        {
            "x": 777.9383304584499,
            "y": 381.6889548674603,
            "z": -1.0
        },
        {
            "x": 531.1959571624706,
            "y": 677.2396514639131,
            "z": -1.0
        },
        {
            "x": 897.4743011405124,
            "y": 508.5048318665688,
            "z": -1.0
        },
        {
            "x": 619.1444323698033,
            "y": 306.95407453526815,
            "z": 4.219035783453518
        }
    ],
    "center": {
        "x": 557.5587554917913,
        "y": 476.9004559835688,
        "z": 0.0
    },
    "radius": 25
}