{
    "W": 500,
    "H": 500,
    "depth": 1.0,
    "height": 10.0,
    "num_of_relays": 100,
    "num_of_sensors": 100,
    "relays": [
        {
            "x": 291.21730532801166,
            "y": 285.5455016834027,
            "z": 10.0
        },
        {
            "x": 326.99709750897364,
            "y": 207.36931723025265,
            "z": 10.0
        },
        {
            "x": 343.72184515240144,
            "y": 225.42619995951472,
            "z": 10.0
        },
        {
            "x": 329.33281489459114,
            "y": 174.28170271412336,
            "z": 10.0
        },
        {
            "x": 258.460198634437,
            "y": 205.37324153525142,
            "z": 10.0
        },
        {
            "x": 338.79234183612294,
            "y": 209.60319120131606,
            "z": 10.0
        },
        {
            "x": 303.5594381530541,
            "y": 270.60296099265395,
            "z": 10.0
        },
        {
            "x": 275.9059516664028,
            "y": 176.2190897911717,
            "z": 10.0
        },
        {
            "x": 319.06585358644816,
            "y": 268.41960671317344,
            "z": 10.0
        },
        {
            "x": 274.1548845266141,
            "y": 289.7552027340131,
            "z": 10.0
        },
        {
            "x": 264.6224247632181,
            "y": 224.9738930203045,
            "z": 10.0
        },
        {
            "x": 268.53644697867446,
            "y": 307.59854748895947,
            "z": 10.0
        },
        {
            "x": 290.7134710119541,
            "y": 199.40432871875058,
            "z": 10.0
        },
        {
            "x": 317.8261167903565,
            "y": 315.31400064871303,
            "z": 10.0
        },
        {
            "x": 312.3781152973803,
            "y": 178.65061120640527,
            "z": 10.0
        },
        {
            "x": 277.9160797708933,
            "y": 224.5401786679535,
            "z": 10.0
        },
        {
            "x": 332.8834210509495,
            "y": 228.5865068852192,
            "z": 10.0
        },
        {
            "x": 301.80672538592677,
            "y": 242.64191520452556,
            "z": 10.0
        },
        {
            "x": 271.7106041725172,
            "y": 249.62573079579897,
            "z": 10.0
        },
        {
            "x": 230.99540446962115,
            "y": 266.70257050662315,
            "z": 54.51410415335893
        },
        {
            "x": 262.2118820304453,
            "y": 194.06616076789777,
            "z": 10.0
        },
        {
            "x": 330.39817015375877,
            "y": 289.8200918083814,
            "z": 10.0
        },
        {
            "x": 261.41900138599567,
            "y": 307.36546134744907,
            "z": 10.0
        },
        {
            "x": 350.28320497675134,
            "y": 286.72053278213554,
            "z": 10.0
        },
        {
            "x": 265.7580554821849,
            "y": 238.21183756326528,
            "z": 10.0
        },
        {
            "x": 362.375456398003,
            "y": 257.3584750944168,
            "z": 10.0
        },
        {
            "x": 302.25608779070507,
            "y": 287.48397062957827,
            "z": 10.0
        },
        {
            "x": 234.901781692412,
            "y": 262.5229239171057,
            "z": 52.43012567509814
        },
        {
            "x": 250.28749208945692,
            "y": 205.2886334324393,
            "z": 10.0
        },
        {
            "x": 278.06074426613765,
            "y": 178.37333053706925,
            "z": 10.0
        },
        {
            "x": 252.37842626531997,
            "y": 261.12485147054844,
            "z": 17.343937554791363
        },
        {
            "x": 260.74073150117897,
            "y": 181.56512010759388,
            "z": 10.0
        },
        {
            "x": 302.75102104351976,
            "y": 233.41745759820748,
            "z": 10.0
        },
        {
            "x": 243.2910777137137,
            "y": 231.3691585637228,
            "z": 41.697344060167616
        },
        {
            "x": 248.45122602916996,
            "y": 215.31729253729276,
            "z": 18.205022056414073
        },
        {
            "x": 227.46341242457174,
            "y": 277.07633798033226,
            "z": 59.39832939406218
        },
        {
            "x": 274.9141898682296,
            "y": 252.07812096956224,
            "z": 10.0
        },
        {
            "x": 312.8754531068456,
            "y": 207.3324364316167,
            "z": 10.0
        },
        {
            "x": 349.42655759821633,
            "y": 178.83767569353446,
            "z": 10.0
        },
        {
            "x": 273.2122500208571,
            "y": 204.50807094055205,
            "z": 10.0
        },
        {
            "x": 337.30372871637053,
            "y": 237.1079253607881,
            "z": 10.0
        },
        {
            "x": 250.92841702356517,
            "y": 235.29142550063648,
            "z": 10.0
        },
        {
            "x": 399.40851346255613,
            "y": 249.26965898116177,
            "z": 10.0
        },
        {
            "x": 369.7661353250359,
            "y": 192.6311123526518,
            "z": 10.0
        },
        {
            "x": 337.03845329683406,
            "y": 199.07686421532193,
            "z": 10.0
        },
        {
            "x": 312.59406814577517,
            "y": 300.79698145561105,
            "z": 10.0
        },
        {
            "x": 256.9568077933178,
            "y": 189.25376091250064,
            "z": 10.0
        },
        {
            "x": 259.6486800525214,
            "y": 200.5353819621007,
            "z": 10.0
        },
        {
            "x": 293.6186411850787,
            "y": 191.86400168772425,
            "z": 10.0
        },
        {
            "x": 383.25022835906856,
            "y": 208.46747096656992,
            "z": 10.0
        },
        {
            "x": 388.9670196795625,
            "y": 294.5032454883775,
            "z": 10.0
        },
        {
            "x": 293.82462351623167,
            "y": 191.00606627951313,
            "z": 10.0
        },
        {
            "x": 309.39109515702785,
            "y": 236.68223750890598,
            "z": 10.0
        },
        {
            "x": 286.17900924867865,
            "y": 191.06047761574177,
            "z": 10.0
        },
        {
            "x": 296.04546137386785,
            "y": 299.60607814961503,
            "z": 10.0
        },
        {
            "x": 340.358468122639,
            "y": 297.2053688300753,
            "z": 10.0
        },
        {
            "x": 275.6275708181599,
            "y": 178.85026061101811,
            "z": 10.0
        },
        {
            "x": 263.71663283552255,
            "y": 177.37433843148514,
            "z": 10.0
        },
        {
            "x": 284.23626253242617,
            "y": 179.09311325993383,
            "z": 10.0
        },
        {
            "x": 283.303193873037,
            "y": 274.56396597360384,
            "z": 10.0
        },
        {
            "x": 371.7554897143233,
            "y": 239.78620017238364,
            "z": 10.0
        },
        {
            "x": 237.80567155596904,
            "y": 273.6686842297741,
            "z": 41.699134795423724
        },
        {
            "x": 270.4068118119781,
            "y": 213.17562643637612,
            "z": 10.0
        },
        {
            "x": 308.12335444971376,
            "y": 176.03880908079526,
            "z": 10.0
        },
        {
            "x": 365.1510497799983,
            "y": 230.62366386091335,
            "z": 10.0
        },
        {
            "x": 232.33293197129024,
            "y": 227.29268150876905,
            "z": 49.28639763220987
        },
        {
            "x": 355.95849754145473,
            "y": 301.1322824790181,
            "z": 10.0
        },
        {
            "x": 377.5824123445053,
            "y": 237.55735171335817,
            "z": 10.0
        },
        {
            "x": 380.2736131110728,
            "y": 262.9084308273483,
            "z": 10.0
        },
        {
            "x": 288.35336649897647,
            "y": 183.2630931724358,
            "z": 10.0
        },
        {
            "x": 235.92378431890916,
            "y": 243.40385126772048,
            "z": 47.58673014140838
        },
        {
            "x": 268.7796002394187,
            "y": 339.6666336745938,
            "z": 10.0
        },
        {
            "x": 366.0671687288976,
            "y": 190.13300036834187,
            "z": 10.0
        },
        {
            "x": 257.1516503912527,
            "y": 315.39481406452774,
            "z": 10.0
        },
        {
            "x": 263.11368980215786,
            "y": 250.41520667896907,
            "z": 10.0
        },
        {
            "x": 301.7173942520859,
            "y": 176.1602310166967,
            "z": 10.0
        },
        {
            "x": 292.3546071611175,
            "y": 210.98724118198228,
            "z": 10.0
        },
        {
            "x": 254.98063308730403,
            "y": 210.3861878395535,
            "z": 10.0
        },
        {
            "x": 238.34019182170806,
            "y": 334.2051057982624,
            "z": 23.199278123026247
        },
        {
            "x": 282.2737552467976,
            "y": 197.72266853986042,
            "z": 10.0
        },
        {
            "x": 322.3726501587707,
            "y": 174.3402084269448,
            "z": 10.0
        },
        {
            "x": 319.87554260850624,
            "y": 166.80872465014644,
            "z": 10.0
        },
        {
            "x": 255.43780962606303,
            "y": 256.0061432192464,
            "z": 10.0
        },
        {
            "x": 263.6454337165381,
            "y": 269.0241513725942,
            "z": 10.0
        },
        {
            "x": 261.15780874328755,
            "y": 197.19177331802084,
            "z": 10.0
        },
        {
            "x": 322.66765120923435,
            "y": 174.8242813135392,
            "z": 10.0
        },
        {
            "x": 277.0053231118177,
            "y": 228.3039642395786,
            "z": 10.0
        },
        {
            "x": 261.7402202706894,
            "y": 308.40922109314903,
            "z": 10.0
        },
        {
            "x": 330.7740454574697,
            "y": 194.8440348948848,
            "z": 10.0
        },
        {
            "x": 333.5508133981711,
            "y": 275.497346291286,
            "z": 10.0
        },
        {
            "x": 292.3464435465415,
            "y": 195.72427463707368,
            "z": 10.0
        },
        {
            "x": 368.4474411258369,
            "y": 239.3711419077997,
            "z": 10.0
        },
        {
            "x": 323.3876961098766,
            "y": 176.05657428712703,
            "z": 10.0
        },
        {
            "x": 241.2594938355639,
            "y": 282.14720261935395,
            "z": 30.231064556368462
        },
        {
            "x": 358.60537490659647,
            "y": 191.68839759696993,
            "z": 10.0
        },
        {
            "x": 255.96238946132652,
            "y": 312.62766568682844,
            "z": 10.0
        },
        {
            "x": 307.4134549666564,
            "y": 202.1564063376462,
            "z": 10.0
        },
        {
            "x": 381.7643352586523,
            "y": 212.74629012692895,
            "z": 10.0
        },
        {
            "x": 298.5892581155658,
            "y": 189.2166242170137,
            "z": 10.0
        },
        {
            "x": 272.67019916361585,
            "y": 181.3709564118845,
            "z": 10.0
        }
    ],
    "sensors": [
        {
            "x": 235.7386642556482,
            "y": 361.7640881495583,
            "z": 37.43917369476759
        },
        {
            "x": 387.18841642678484,
            "y": 288.0605801028424,
            "z": -1.0
        },
        {
            "x": 189.18588917390974,
            "y": 146.42826547738966,
            "z": 1.9898183842877981
        },
        {
            "x": 308.2534488455075,
            "y": 137.88545969631235,
            "z": -1.0
        },
        {
            "x": 188.15921684209655,
            "y": 125.58419807161731,
            "z": -1.0
        },
        {
            "x": 451.8015223244667,
            "y": 164.8973325482619,
            "z": -1.0
        },
        {
            "x": 264.90989638823453,
            "y": 313.6446797554729,
            "z": -1.0
        },
        {
            "x": 193.7643530785663,
            "y": 143.85363831606495,
            "z": 1.9012910517520272
        },
        {
            "x": 197.1156082741386,
            "y": 160.85385935386176,
            "z": 4.7739860330962145
        },
        {
            "x": 179.4267357427965,
            "y": 230.00865523636566,
            "z": 127.95461771958088
        },
        {
            "x": 213.59014431693058,
            "y": 169.19206733758813,
            "z": 12.885197883168527
        },
        {
            "x": 272.0619731133711,
            "y": 137.15257135514872,
            "z": -1.0
        },
        {
            "x": 207.6085901763995,
            "y": 229.66965745929033,
            "z": 62.30875105490452
        },
        {
            "x": 343.62835587751044,
            "y": 79.03563147112564,
            "z": -1.0
        },
        {
            "x": 168.33083930952864,
            "y": 205.8545558347022,
            "z": 114.3655567566029
        },
        {
            "x": 255.00419858687673,
            "y": 294.1314967566808,
            "z": 0.04205803253024398
        },
        {
            "x": 239.36655764012795,
            "y": 82.26750986688884,
            "z": -1.0
        },
        {
            "x": 193.85898022138832,
            "y": 123.1512195719652,
            "z": 1.664799811906581
        },
        {
            "x": 351.6576076820093,
            "y": 241.87255427355245,
            "z": -1.0
        },
        {
            "x": 187.64783566511682,
            "y": 227.12086367470482,
            "z": 80.42795042904942
        },
        {
            "x": 331.32402299685356,
            "y": 110.6522137867814,
            "z": -1.0
        },
        {
            "x": 157.81262822700802,
            "y": 227.07480891104598,
            "z": 106.17274979463936
        },
        {
            "x": 160.72546667915879,
            "y": 166.70625391488176,
            "z": 66.15244357065521
        },
        {
            "x": 251.44544858941677,
            "y": 320.0307834772108,
            "z": -1.0
        },
        {
            "x": 220.6818035092164,
            "y": 307.4195162033186,
            "z": 67.68156605952157
        },
        {
            "x": 168.08018212778566,
            "y": 281.56928661220456,
            "z": 63.03981754012807
        },
        {
            "x": 163.28328559396806,
            "y": 201.6457377542925,
            "z": 111.19844039339556
        },
        {
            "x": 243.14504123372018,
            "y": 124.07479844637734,
            "z": -1.0
        },
        {
            "x": 200.39833119267834,
            "y": 239.0790699856603,
            "z": 77.05152805419587
        },
        {
            "x": 201.95230292638522,
            "y": 109.75769971082964,
            "z": 8.025238598109627
        },
        {
            "x": 261.45460271724284,
            "y": 128.177250126929,
            "z": -1.0
        },
        {
            "x": 155.30144729629922,
            "y": 386.8925736931034,
            "z": 6.8333459755523
        },
        {
            "x": 143.86029982068865,
            "y": 248.8968054424184,
            "z": 24.612902698842596
        },
        {
            "x": 253.97424575773488,
            "y": 100.25965319016392,
            "z": -1.0
        },
        {
            "x": 151.600635587921,
            "y": 264.83965413832874,
            "z": 30.328978577291824
        },
        {
            "x": 355.99556302266257,
            "y": 102.72498814055764,
            "z": -1.0
        },
        {
            "x": 231.83803521964575,
            "y": 399.18529202419353,
            "z": 77.17177716600212
        },
        {
            "x": 219.8451336953796,
            "y": 179.7818417734456,
            "z": 32.22163227664045
        },
        {
            "x": 146.19219510713214,
            "y": 361.4567014182868,
            "z": 0.10936695760000514
        },
        {
            "x": 162.0351812097361,
            "y": 171.5980441832474,
            "z": 69.22303466220343
        },
        {
            "x": 241.62202784227438,
            "y": 277.5557615316572,
            "z": 20.89355300967078
        },
        {
            "x": 253.48004288170964,
            "y": 190.78006273872984,
            "z": -1.0
        },
        {
            "x": 222.45218880772845,
            "y": 104.66911405464982,
            "z": -1.0
        },
        {
            "x": 283.9007612119286,
            "y": 238.10194694191642,
            "z": -1.0
        },
        {
            "x": 302.9178784647521,
            "y": 185.69223995799194,
            "z": -1.0
        },
        {
            "x": 213.07930453112317,
            "y": 97.22403945489222,
            "z": 0.02576334617234388
        },
        {
            "x": 244.92916773677817,
            "y": 202.25961885058038,
            "z": 7.197850560390396
        },
        {
            "x": 370.8299003702601,
            "y": 172.8689634159404,
            "z": -1.0
        },
        {
            "x": 196.02112847322286,
            "y": 121.40367941378925,
            "z": 4.3572460708711285
        },
        {
            "x": 200.37733509091765,
            "y": 239.31751402585422,
            "z": 76.8965565666355
        },
        {
            "x": 249.21840402699414,
            "y": 139.39842292214865,
            "z": -1.0
        },
        {
            "x": 362.8411859903423,
            "y": 308.320652219666,
            "z": -1.0
        },
        {
            "x": 212.1323918191916,
            "y": 247.56974024656273,
            "z": 83.35134717268599
        },
        {
            "x": 259.0157799205807,
            "y": 133.21452636833928,
            "z": -1.0
        },
        {
            "x": 263.628041569375,
            "y": 260.60907395476215,
            "z": -1.0
        },
        {
            "x": 266.26041187403536,
            "y": 93.86959880944833,
            "z": -1.0
        },
        {
            "x": 162.67720905359315,
            "y": 200.94031935000808,
            "z": 111.99479832950561
        },
        {
            "x": 312.97546246876334,
            "y": 174.26252621912653,
            "z": -1.0
        },
        {
            "x": 208.87987131924996,
            "y": 223.24582269424636,
            "z": 56.03198192719883
        },
        {
            "x": 336.66772268106365,
            "y": 104.26975793717016,
            "z": -1.0
        },
        {
            "x": 149.39126897718072,
            "y": 329.32858253558885,
            "z": 7.588423450310554
        },
        {
            "x": 162.3962665662561,
            "y": 192.26336554091895,
            "z": 84.02614652461007
        },
        {
            "x": 373.1044993847365,
            "y": 92.5275061041642,
            "z": -1.0
        },
        {
            "x": 156.33034010891933,
            "y": 246.28793348576068,
            "z": 74.43802744338036
        },
        {
            "x": 212.8840487570256,
            "y": 188.68849335944827,
            "z": 17.41660107471396
        },
        {
            "x": 299.30507033609365,
            "y": 167.4441611818744,
            "z": -1.0
        },
        {
            "x": 176.34735761111654,
            "y": 181.38796982846065,
            "z": 41.61203017153935
        },
        {
            "x": 182.18068129847288,
            "y": 215.63008440677214,
            "z": 79.96133642011127
        },
        {
            "x": 238.62656807442713,
            "y": 181.93481298913704,
            "z": 9.904299217380734
        },
        {
            "x": 293.78273540651236,
            "y": 142.16353323572298,
            "z": -1.0
        },
        {
            "x": 228.2888562231266,
            "y": 123.96909810867449,
            "z": -1.0
        },
        {
            "x": 234.39924268926674,
            "y": 85.75159106528956,
            "z": -1.0
        },
        {
            "x": 271.9461494634942,
            "y": 173.97235692973044,
            "z": -1.0
        },
        {
            "x": 362.3048893072807,
            "y": 174.80813887776515,
            "z": -1.0
        },
        {
            "x": 249.79936646156656,
            "y": 276.04881170105534,
            "z": 10.149863184518157
        },
        {
            "x": 240.17691697980723,
            "y": 96.3323164213219,
            "z": -1.0
        },
        {
            "x": 269.2685702408713,
            "y": 93.39574469457737,
            "z": -1.0
        },
        {
            "x": 215.11529913760955,
            "y": 129.3286962050337,
            "z": -1.0
        },
        {
            "x": 191.32720474341602,
            "y": 160.11577718129834,
            "z": 4.530881897366408
        },
        {
            "x": 294.00816026650756,
            "y": 98.02017432188448,
            "z": -1.0
        },
        {
            "x": 320.5115814630765,
            "y": 192.69107512129196,
            "z": -1.0
        },
        {
            "x": 133.8760397631293,
            "y": 224.4975197685511,
            "z": 43.292104927442445
        },
        {
            "x": 378.13433874973725,
            "y": 256.1362730317441,
            "z": -1.0
        },
        {
            "x": 215.2094985296206,
            "y": 155.14175947680002,
            "z": 8.962783700233985
        },
        {
            "x": 416.7597186073366,
            "y": 236.00577793846483,
            "z": -1.0
        },
        {
            "x": 392.36146464916294,
            "y": 167.67010960529757,
            "z": -1.0
        },
        {
            "x": 159.11133007645282,
            "y": 276.12750589978157,
            "z": 24.888975226480774
        },
        {
            "x": 227.2694206097157,
            "y": 100.80619421233676,
            "z": -1.0
        },
        {
            "x": 172.55901807453282,
            "y": 258.5849622559182,
            "z": 96.52672269937668
        },
        {
            "x": 337.8645781737001,
            "y": 156.06289758329268,
            "z": -1.0
        },
        {
            "x": 279.2286706691151,
            "y": 213.1776100114376,
            "z": -1.0
        },
        {
            "x": 210.45201166433532,
            "y": 170.11859101635477,
            "z": 8.142309219625725
        },
        {
            "x": 177.68289216792223,
            "y": 322.478158477049,
            "z": 79.11756851911962
        },
        {
            "x": 197.02867288068822,
            "y": 140.2846200379043,
            "z": 1.2778327738218653
        },
        {
            "x": 179.67286928497703,
            "y": 153.29654243480488,
            "z": 3.615956883073455
        },
        {
            "x": 427.8276395549127,
            "y": 137.42788914139084,
            "z": -1.0
        },
        {
            "x": 209.55843015409528,
            "y": 314.32287711772915,
            "z": 70.06666476335477
        },
        {
            "x": 251.47927202188424,
            "y": 261.99505123497005,
            "z": 4.586713242466089
        },
        {
            "x": 232.07938308919447,
            "y": 202.3586703542905,
            "z": 26.72512350431434
        },
        {
            "x": 136.3435466928034,
            "y": 233.53394050488168,
            "z": 40.783045202106216
        }
    ],
    "center": {
        "x": 306.70911635882146,
        "y": 265.02107681193934,
        "z": 0.0
    },
    "radius": 50
}