{
    "W": 500,
    "H": 500,
    "depth": 1.0,
    "height": 10.0,
    "num_of_relays": 100,
    "num_of_sensors": 100,
    "relays": [
        {
            "x": 250.06440661241277,
            "y": 308.9086561788575,
            "z": 11.939114564997467
        },
        {
            "x": 234.6380544730319,
            "y": 323.04988667671824,
            "z": 28.283850704814732
        },
        {
            "x": 284.84502338233006,
            "y": 319.19049073870684,
            "z": 10.0
        },
        {
            "x": 242.29363557804214,
            "y": 312.79540685507,
            "z": 18.528274387904027
        },
        {
            "x": 290.6629492124841,
            "y": 383.7539604949454,
            "z": 10.0
        },
        {
            "x": 294.20411598206323,
            "y": 370.1811183637748,
            "z": 10.0
        },
        {
            "x": 275.5797670571187,
            "y": 362.6879886763767,
            "z": 10.0
        },
        {
            "x": 267.3128920395046,
            "y": 354.0526204566785,
            "z": 10.0
        },
        {
            "x": 300.05755654202744,
            "y": 337.4263350764702,
            "z": 10.0
        },
        {
            "x": 250.61116193609035,
            "y": 320.459940742173,
            "z": 10.0
        },
        {
            "x": 290.79311624872554,
            "y": 321.21630195802,
            "z": 10.0
        },
        {
            "x": 292.2691841824453,
            "y": 342.0633834905656,
            "z": 10.0
        },
        {
            "x": 268.0020912203225,
            "y": 318.63960602922305,
            "z": 10.0
        },
        {
            "x": 247.58527358896126,
            "y": 373.31639095138956,
            "z": 32.357052668054614
        },
        {
            "x": 235.85488628485797,
            "y": 313.0660475710939,
            "z": 29.65502162486079
        },
        {
            "x": 269.1405082096579,
            "y": 343.34155009557486,
            "z": 10.0
        },
        {
            "x": 286.50154741612624,
            "y": 345.1718414888764,
            "z": 10.0
        },
        {
            "x": 251.2777062832935,
            "y": 339.4612435499448,
            "z": 13.947318510100995
        },
        {
            "x": 232.4104095027305,
            "y": 337.9430178619949,
            "z": 41.75853674934424
        },
        {
            "x": 250.8932716809531,
            "y": 378.4219435984077,
            "z": 25.75474033565297
        },
        {
            "x": 264.34607225248317,
            "y": 340.80990114357667,
            "z": 13.64209447501258
        },
        {
            "x": 278.6444677490064,
            "y": 361.23810022673894,
            "z": 10.0
        },
        {
            "x": 258.52094214622167,
            "y": 355.6973007731718,
            "z": 21.98865708265076
        },
        {
            "x": 275.4156126352342,
            "y": 387.50612847831815,
            "z": 18.747734353793085
        },
        {
            "x": 248.99530389493538,
            "y": 321.49847762632714,
            "z": 10.0
        },
        {
            "x": 274.7846381820602,
            "y": 345.9211251146177,
            "z": 10.0
        },
        {
            "x": 265.9688223555134,
            "y": 305.09251624478173,
            "z": 10.0
        },
        {
            "x": 277.9680360850008,
            "y": 307.59068597198404,
            "z": 10.0
        },
        {
            "x": 258.0340091952491,
            "y": 384.0798338288816,
            "z": 23.680568571415446
        },
        {
            "x": 250.70777949038816,
            "y": 325.86904912091495,
            "z": 10.467808369282775
        },
        {
            "x": 286.81017888643527,
            "y": 330.7231684734535,
            "z": 10.0
        },
        {
            "x": 297.50171974335416,
            "y": 348.61220428766745,
            "z": 10.0
        },
        {
            "x": 284.4092895287112,
            "y": 362.7344336204747,
            "z": 10.0
        },
        {
            "x": 238.3722635489215,
            "y": 356.7784347479095,
            "z": 47.38087513451397
        },
        {
            "x": 306.607750714754,
            "y": 358.6074759676236,
            "z": 10.0
        },
        {
            "x": 288.25533165767575,
            "y": 373.1091233721303,
            "z": 10.0
        },
        {
            "x": 283.82397704724804,
            "y": 349.49216800946294,
            "z": 10.0
        },
        {
            "x": 257.6819344206843,
            "y": 363.6192029041157,
            "z": 16.145828300161874
        },
        {
            "x": 259.45006383904285,
            "y": 375.64034818170865,
            "z": 25.435596393816702
        },
        {
            "x": 273.45482463263045,
            "y": 317.51526924695366,
            "z": 10.0
        },
        {
            "x": 249.18083661713817,
            "y": 326.2005224402971,
            "z": 12.073869701102485
        },
        {
            "x": 251.95179912653052,
            "y": 359.22398061320536,
            "z": 21.640680956873446
        },
        {
            "x": 261.04918343713337,
            "y": 307.2071170395466,
            "z": 10.0
        },
        {
            "x": 243.41790682758938,
            "y": 368.1751029815378,
            "z": 43.321995024514536
        },
        {
            "x": 252.41171810440133,
            "y": 302.7185677303425,
            "z": 16.931059574565737
        },
        {
            "x": 240.1016111676966,
            "y": 349.1338106865813,
            "z": 23.369703787540725
        },
        {
            "x": 264.8793744930078,
            "y": 307.26201643370143,
            "z": 10.0
        },
        {
            "x": 231.70793182183743,
            "y": 331.8263135785799,
            "z": 41.01876663533399
        },
        {
            "x": 262.48000059198284,
            "y": 357.8079264486858,
            "z": 15.6745960216957
        },
        {
            "x": 264.12488307355704,
            "y": 352.6676312510129,
            "z": 13.568502368703758
        },
        {
            "x": 266.27388582717833,
            "y": 386.5399580729574,
            "z": 27.714297468353696
        },
        {
            "x": 294.7376884880836,
            "y": 341.56923404495035,
            "z": 10.0
        },
        {
            "x": 296.2064311775633,
            "y": 353.874324805571,
            "z": 10.0
        },
        {
            "x": 231.37225853791838,
            "y": 329.5299633250668,
            "z": 25.5263059740609
        },
        {
            "x": 277.6608224834466,
            "y": 355.70253476535606,
            "z": 10.0
        },
        {
            "x": 258.77694924548297,
            "y": 305.58433910900976,
            "z": 10.0
        },
        {
            "x": 287.78161555314296,
            "y": 325.7394335227581,
            "z": 10.0
        },
        {
            "x": 246.6373107507299,
            "y": 366.3659149966088,
            "z": 40.28092446937552
        },
        {
            "x": 303.07066527374565,
            "y": 369.50521563564797,
            "z": 10.0
        },
        {
            "x": 265.63139337388094,
            "y": 307.9638825712151,
            "z": 10.0
        },
        {
            "x": 281.13702791121534,
            "y": 330.08582919721937,
            "z": 10.0
        },
        {
            "x": 257.7387424387436,
            "y": 349.16545976995,
            "z": 15.531809274168578
        },
        {
            "x": 236.26348511044225,
            "y": 338.43785337957553,
            "z": 28.854737079842263
        },
        {
            "x": 284.4615550920645,
            "y": 335.05018471217255,
            "z": 10.0
        },
        {
            "x": 287.72645483191894,
            "y": 315.5055296187677,
            "z": 10.0
        },
        {
            "x": 289.3097785419327,
            "y": 346.37290327111475,
            "z": 10.0
        },
        {
            "x": 266.76592181235225,
            "y": 342.1940031126781,
            "z": 10.0
        },
        {
            "x": 283.30393543198556,
            "y": 357.25144199461073,
            "z": 10.0
        },
        {
            "x": 255.7156602572308,
            "y": 301.86895629647495,
            "z": 12.682890995071922
        },
        {
            "x": 279.18093176265205,
            "y": 308.9597798186266,
            "z": 10.0
        },
        {
            "x": 295.10573104380114,
            "y": 322.8037741967004,
            "z": 10.0
        },
        {
            "x": 249.18723502642223,
            "y": 314.21393994840986,
            "z": 10.229997547742032
        },
        {
            "x": 245.98657853785488,
            "y": 317.54243895164143,
            "z": 10.0
        },
        {
            "x": 269.31992267382356,
            "y": 311.77827763419316,
            "z": 10.0
        },
        {
            "x": 288.01835261599376,
            "y": 380.71239291441634,
            "z": 12.070641610099972
        },
        {
            "x": 249.4347335273788,
            "y": 318.7447315585122,
            "z": 10.0
        },
        {
            "x": 300.15335164658376,
            "y": 325.9149695341023,
            "z": 10.0
        },
        {
            "x": 278.8772681896982,
            "y": 325.95936404873953,
            "z": 10.0
        },
        {
            "x": 265.5180242952287,
            "y": 341.7242630081222,
            "z": 10.0
        },
        {
            "x": 308.42349570848467,
            "y": 342.2795948183046,
            "z": 10.0
        },
        {
            "x": 245.01351883886304,
            "y": 322.4776518254298,
            "z": 10.0
        },
        {
            "x": 299.3793743474456,
            "y": 356.01112092176436,
            "z": 10.0
        },
        {
            "x": 265.9154750232439,
            "y": 305.87155303048223,
            "z": 10.0
        },
        {
            "x": 246.32163430685114,
            "y": 344.6267439815928,
            "z": 15.60758299620695
        },
        {
            "x": 275.4680733241936,
            "y": 345.31153766705086,
            "z": 10.0
        },
        {
            "x": 257.72787154578793,
            "y": 311.2360429856535,
            "z": 10.0
        },
        {
            "x": 287.44379272230515,
            "y": 379.5607870369956,
            "z": 10.0
        },
        {
            "x": 263.2958265366473,
            "y": 304.22392243970864,
            "z": 10.0
        },
        {
            "x": 267.80532048466813,
            "y": 343.85443388882555,
            "z": 10.0
        },
        {
            "x": 303.1196507084671,
            "y": 368.03733731394664,
            "z": 10.0
        },
        {
            "x": 272.33848206068984,
            "y": 305.726931682863,
            "z": 10.0
        },
        {
            "x": 293.3319172518779,
            "y": 344.93344923614876,
            "z": 10.0
        },
        {
            "x": 284.76134085274947,
            "y": 311.337714943057,
            "z": 10.0
        },
        {
            "x": 253.2962391460444,
            "y": 323.4856574057387,
            "z": 10.0
        },
        {
            "x": 283.8279476265795,
            "y": 385.137792289355,
            "z": 18.760848027231383
        },
        {
            "x": 283.94142946037636,
            "y": 331.97555914139565,
            "z": 10.0
        },
        {
            "x": 274.3819356175848,
            "y": 331.0555996556037,
            "z": 10.0
        },
        {
            "x": 306.9729008869004,
            "y": 355.66249400922345,
            "z": 10.0
        },
        {
            "x": 267.51913423399156,
            "y": 331.4980655269402,
            "z": 10.0
        },
        {
            "x": 265.4246703192422,
            "y": 313.4958503592914,
            "z": 10.0
        }
    ],
    "sensors": [
        {
            "x": 289.20620463971926,
            "y": 290.1422281596466,
            "z": -1.0
        },
        {
            "x": 297.075846311301,
            "y": 268.34243793135124,
            "z": -1.0
        },
        {
            "x": 252.81402443411503,
            "y": 362.0092158420492,
            "z": 14.07545393230939
        },
        {
            "x": 242.82266021483642,
            "y": 261.16379988944186,
            "z": 23.41196880421052
        },
        {
            "x": 296.9341291859653,
            "y": 292.13596707029126,
            "z": -1.0
        },
        {
            "x": 247.7227585103789,
            "y": 278.02137992874657,
            "z": 9.335227512868727
        },
        {
            "x": 300.23097732319576,
            "y": 311.91530063509896,
            "z": -1.0
        },
        {
            "x": 273.79689196415563,
            "y": 373.5802979976537,
            "z": -1.0
        },
        {
            "x": 257.6898173660446,
            "y": 287.67659748628836,
            "z": 1.5733836508993742
        },
        {
            "x": 264.7883562405255,
            "y": 304.26165118452104,
            "z": -1.0
        },
        {
            "x": 216.05371469346898,
            "y": 301.1515275521603,
            "z": 76.28138036490736
        },
        {
            "x": 254.09657963675318,
            "y": 282.2181859899164,
            "z": 6.079445440714787
        },
        {
            "x": 275.2939143201451,
            "y": 293.3345591055173,
            "z": -1.0
        },
        {
            "x": 276.1558092133499,
            "y": 418.7191525721104,
            "z": -1.0
        },
        {
            "x": 273.8450491849902,
            "y": 341.7826379455174,
            "z": -1.0
        },
        {
            "x": 251.1851021804476,
            "y": 268.5738522139485,
            "z": 1.717085104031793
        },
        {
            "x": 269.8738944804976,
            "y": 275.41332938397403,
            "z": -1.0
        },
        {
            "x": 224.3631242233193,
            "y": 281.25252143478986,
            "z": 59.622075351238024
        },
        {
            "x": 287.80752351890055,
            "y": 311.8354623866181,
            "z": -1.0
        },
        {
            "x": 215.16096214684126,
            "y": 319.95449093775227,
            "z": 52.92672018558749
        },
        {
            "x": 269.8716919734298,
            "y": 383.0276828265895,
            "z": 12.684623039585253
        },
        {
            "x": 239.93737365939865,
            "y": 353.43188543265563,
            "z": 31.04663785801356
        },
        {
            "x": 329.75346705048366,
            "y": 307.9950325525859,
            "z": -1.0
        },
        {
            "x": 208.1148253180247,
            "y": 400.890994048528,
            "z": 45.687255955393894
        },
        {
            "x": 264.0775002142019,
            "y": 416.1464494069345,
            "z": 22.451840388771647
        },
        {
            "x": 245.83693829072772,
            "y": 394.07817838945977,
            "z": 46.141650845527046
        },
        {
            "x": 324.2661432703551,
            "y": 334.1884224816878,
            "z": -1.0
        },
        {
            "x": 305.5737307307671,
            "y": 368.58861871983066,
            "z": -1.0
        },
        {
            "x": 284.9616014649363,
            "y": 300.95590317803317,
            "z": -1.0
        },
        {
            "x": 218.97566728891638,
            "y": 286.0036469744375,
            "z": 67.91410755145878
        },
        {
            "x": 269.3671481336363,
            "y": 266.8160065134613,
            "z": -1.0
        },
        {
            "x": 256.85816507896357,
            "y": 315.94244557400845,
            "z": -1.0
        },
        {
            "x": 297.53574924332804,
            "y": 375.50252289801324,
            "z": -1.0
        },
        {
            "x": 217.5542897208376,
            "y": 299.06233168469106,
            "z": 70.84938193402121
        },
        {
            "x": 230.00875612095138,
            "y": 279.734977101737,
            "z": 41.1590137389578
        },
        {
            "x": 284.01192799784064,
            "y": 340.40084768245913,
            "z": -1.0
        },
        {
            "x": 236.3923857798305,
            "y": 293.06755257342127,
            "z": 33.564069664208894
        },
        {
            "x": 302.1853036446154,
            "y": 383.70398152874714,
            "z": -1.0
        },
        {
            "x": 240.78823811325228,
            "y": 322.7690407639526,
            "z": 3.3212363041776154
        },
        {
            "x": 261.9692490396918,
            "y": 427.5654974173559,
            "z": 18.85868670718974
        },
        {
            "x": 227.71847110812374,
            "y": 353.9538043094601,
            "z": 47.77303498704423
        },
        {
            "x": 299.1034650787182,
            "y": 323.7974668839638,
            "z": -1.0
        },
        {
            "x": 254.23611234472384,
            "y": 308.4470137353884,
            "z": -0.5729294669139109
        },
        {
            "x": 318.4831422896642,
            "y": 372.2912979403609,
            "z": -1.0
        },
        {
            "x": 272.4472222546501,
            "y": 269.98940836614094,
            "z": -1.0
        },
        {
            "x": 294.0793207153908,
            "y": 346.9288231669232,
            "z": -1.0
        },
        {
            "x": 218.01854937022944,
            "y": 305.5163109191681,
            "z": 68.649350081687
        },
        {
            "x": 225.56229449912388,
            "y": 305.61841890062203,
            "z": 62.929061038539544
        },
        {
            "x": 228.1531692386733,
            "y": 361.4138425628018,
            "z": 62.458450692613894
        },
        {
            "x": 261.21251928735194,
            "y": 273.1019974398641,
            "z": -1.0
        },
        {
            "x": 248.29576163195216,
            "y": 273.4650960521896,
            "z": 10.069807895620787
        },
        {
            "x": 224.0596206962386,
            "y": 295.7950635473695,
            "z": 69.39197680428516
        },
        {
            "x": 327.6755124587165,
            "y": 295.56683260891066,
            "z": -1.0
        },
        {
            "x": 212.59700823293514,
            "y": 313.9938335464601,
            "z": 63.98186331393036
        },
        {
            "x": 247.16574869480823,
            "y": 279.2696737884226,
            "z": 7.711162076291544
        },
        {
            "x": 302.6486726609589,
            "y": 360.7297242210344,
            "z": -1.0
        },
        {
            "x": 255.4346184347333,
            "y": 321.6684412364158,
            "z": -1.0
        },
        {
            "x": 330.7647117899558,
            "y": 400.06748499370264,
            "z": -1.0
        },
        {
            "x": 329.65695184193754,
            "y": 376.7551122950687,
            "z": -1.0
        },
        {
            "x": 268.67176445153115,
            "y": 434.86905413835495,
            "z": 5.4682034103913715
        },
        {
            "x": 224.65709156644624,
            "y": 337.23190203624915,
            "z": 51.53978335992054
        },
        {
            "x": 227.19028089598064,
            "y": 312.5676991054594,
            "z": 51.38872363149066
        },
        {
            "x": 332.5531683905704,
            "y": 298.613680604436,
            "z": -1.0
        },
        {
            "x": 237.07127998652055,
            "y": 261.1556304968081,
            "z": 31.20226845143126
        },
        {
            "x": 262.10717584781537,
            "y": 292.1153749455249,
            "z": -1.0
        },
        {
            "x": 281.2722655551903,
            "y": 337.89881024128107,
            "z": -1.0
        },
        {
            "x": 293.311197439871,
            "y": 337.0271955212853,
            "z": -1.0
        },
        {
            "x": 250.39373614455627,
            "y": 277.56779532652075,
            "z": 2.8532216019304983
        },
        {
            "x": 344.3361050080208,
            "y": 317.8629439651378,
            "z": -1.0
        },
        {
            "x": 239.89591346702986,
            "y": 368.90163355336637,
            "z": 39.31434647927496
        },
        {
            "x": 248.38065477790082,
            "y": 280.3623988393849,
            "z": 11.411743745625028
        },
        {
            "x": 211.24981111195774,
            "y": 339.17067447513114,
            "z": 68.48637121034827
        },
        {
            "x": 275.9295798432116,
            "y": 341.6379973232414,
            "z": -1.0
        },
        {
            "x": 278.8837152074827,
            "y": 283.30239222311286,
            "z": -1.0
        },
        {
            "x": 226.53789882148402,
            "y": 269.03141896603324,
            "z": 49.85853462560943
        },
        {
            "x": 243.28496640643235,
            "y": 320.75615837784176,
            "z": 6.372413071275751
        },
        {
            "x": 269.6206379581957,
            "y": 289.2638199758835,
            "z": -1.0
        },
        {
            "x": 292.69766743889454,
            "y": 345.0741105841736,
            "z": -1.0
        },
        {
            "x": 341.96627554299806,
            "y": 322.16888657892673,
            "z": -1.0
        },
        {
            "x": 279.06976539902485,
            "y": 416.3070698527889,
            "z": -1.0
        },
        {
            "x": 263.53841364990825,
            "y": 254.89822303389064,
            "z": -1.0
        },
        {
            "x": 230.2511187566243,
            "y": 331.933146792078,
            "z": 28.99393371489423
        },
        {
            "x": 235.26797381785565,
            "y": 287.43274448810854,
            "z": 29.9685081821686
        },
        {
            "x": 268.0545402665291,
            "y": 303.7997395751362,
            "z": -1.0
        },
        {
            "x": 249.33801025301074,
            "y": 308.50852139729454,
            "z": 2.9157367711642905
        },
        {
            "x": 285.48725379856626,
            "y": 262.93466119331106,
            "z": -1.0
        },
        {
            "x": 244.41276458512192,
            "y": 374.8626807746857,
            "z": 26.298876747201504
        },
        {
            "x": 247.4138492108438,
            "y": 335.58174422972104,
            "z": 2.9655396843375232
        },
        {
            "x": 238.08335004092973,
            "y": 350.66098107299985,
            "z": 38.411405332712185
        },
        {
            "x": 243.96337171574456,
            "y": 268.11304043082566,
            "z": 20.916581972905234
        },
        {
            "x": 230.91173422265607,
            "y": 311.6344530642541,
            "z": 43.699180016115164
        },
        {
            "x": 252.60457807627571,
            "y": 291.0625528378656,
            "z": 10.811941496132146
        },
        {
            "x": 313.83057086213074,
            "y": 323.67881906415136,
            "z": -1.0
        },
        {
            "x": 251.26589235521593,
            "y": 294.69496347817585,
            "z": 5.204764131593732
        },
        {
            "x": 243.9828387407516,
            "y": 370.1417334435325,
            "z": 36.490520803094924
        },
        {
            "x": 329.1534107588755,
            "y": 408.34875979564333,
            "z": -1.0
        },
        {
            "x": 228.14456981325276,
            "y": 320.6362196215815,
            "z": 44.258923438661846
        },
        {
            "x": 223.18207186698206,
            "y": 301.06116361683917,
            "z": 70.59422853961676
        },
        {
            "x": 312.02833292467216,
            "y": 360.10793779821364,
            "z": -1.0
        },
        {
            "x": 226.0568072095279,
            "y": 282.51927342626107,
            "z": 47.61258567786946
        }
    ],
    "center": {
        "x": 259.7199204849364,
        "y": 349.9967092031479,
        "z": 5.9433996723997735
    },
    "radius": 25
}