{
    "W": 500,
    "H": 500,
    "depth": 1.0,
    "height": 10.0,
    "num_of_relays": 100,
    "num_of_sensors": 100,
    "relays": [
        {
            "x": 147.4371893374728,
            "y": 378.10050378420954,
            "z": 10.0
        },
        {
            "x": 106.25739467608905,
            "y": 238.91707443290662,
            "z": 10.0
        },
        {
            "x": 146.67910027472303,
            "y": 336.6185043474328,
            "z": 10.0
        },
        {
            "x": 136.40031061660207,
            "y": 285.6581167507325,
            "z": 10.0
        },
        {
            "x": 127.62856123669228,
            "y": 315.7073331094393,
            "z": 10.0
        },
        {
            "x": 221.21161588183435,
            "y": 290.69409227626676,
            "z": 10.0
        },
        {
            "x": 185.24033787145578,
            "y": 308.379969615622,
            "z": 10.0
        },
        {
            "x": 144.43527451247058,
            "y": 316.384281462884,
            "z": 10.0
        },
        {
            "x": 242.94883075795573,
            "y": 353.2589403290343,
            "z": 10.0
        },
        {
            "x": 89.29952548825064,
            "y": 352.5711090531046,
            "z": 10.0
        },
        {
            "x": 172.63059060706541,
            "y": 262.7175548828454,
            "z": 10.0
        },
        {
            "x": 85.90606345326538,
            "y": 306.6241683103021,
            "z": 10.0
        },
        {
            "x": 91.3218530342971,
            "y": 268.64786097827744,
            "z": 10.0
        },
        {
            "x": 123.66932532858593,
            "y": 283.3195216055632,
            "z": 10.0
        },
        {
            "x": 122.60159222842454,
            "y": 230.62491734518463,
            "z": 10.0
        },
        {
            "x": 235.06660303892153,
            "y": 364.9204902177421,
            "z": 10.0
        },
        {
            "x": 159.2804265390018,
            "y": 360.70343285646493,
            "z": 10.0
        },
        {
            "x": 179.90660518471242,
            "y": 270.0823093657153,
            "z": 10.0
        },
        {
            "x": 235.61029966205555,
            "y": 380.79229645584275,
            "z": 10.0
        },
        {
            "x": 123.60953418333892,
            "y": 221.1446061639609,
            "z": 10.0
        },
        {
            "x": 251.06129225979785,
            "y": 349.2348775803449,
            "z": 10.0
        },
        {
            "x": 226.7746662653507,
            "y": 339.45099161253063,
            "z": 10.0
        },
        {
            "x": 91.82801576931189,
            "y": 254.62445066644264,
            "z": 10.0
        },
        {
            "x": 108.81352430736187,
            "y": 275.252190916567,
            "z": 10.0
        },
        {
            "x": 157.93782917953382,
            "y": 319.00098086033097,
            "z": 10.0
        },
        {
            "x": 130.0115536483042,
            "y": 333.08178761888564,
            "z": 10.0
        },
        {
            "x": 202.33906713905512,
            "y": 264.80530691087085,
            "z": 10.0
        },
        {
            "x": 85.02018128140358,
            "y": 305.116193439035,
            "z": 10.0
        },
        {
            "x": 200.25946053951148,
            "y": 401.3245758301372,
            "z": 10.0
        },
        {
            "x": 158.93308729986921,
            "y": 263.67453719147784,
            "z": 10.0
        },
        {
            "x": 235.0638853249834,
            "y": 280.45786022142477,
            "z": 10.0
        },
        {
            "x": 161.4215265850358,
            "y": 349.73639086678907,
            "z": 10.0
        },
        {
            "x": 109.27569230611422,
            "y": 267.4250130137443,
            "z": 10.0
        },
        {
            "x": 183.91140285796496,
            "y": 263.40994351149897,
            "z": 10.0
        },
        {
            "x": 189.78302448887922,
            "y": 238.85385014267663,
            "z": 10.0
        },
        {
            "x": 185.69001353955866,
            "y": 259.8333211593024,
            "z": 10.0
        },
        {
            "x": 119.30120880779864,
            "y": 225.951760454209,
            "z": 10.0
        },
        {
            "x": 137.01771952420012,
            "y": 240.3995287600473,
            "z": 10.0
        },
        {
            "x": 82.47827942076283,
            "y": 327.99205124849107,
            "z": 10.0
        },
        {
            "x": 109.9531655087258,
            "y": 309.83947871330037,
            "z": 10.0
        },
        {
            "x": 97.4856267607862,
            "y": 338.842996290099,
            "z": 10.0
        },
        {
            "x": 154.7491829682159,
            "y": 347.9471916957512,
            "z": 10.0
        },
        {
            "x": 125.33126596153882,
            "y": 376.7021786695172,
            "z": 10.0
        },
        {
            "x": 151.89688996409544,
            "y": 230.64330570469696,
            "z": 10.0
        },
        {
            "x": 137.02583467254618,
            "y": 309.3160470172145,
            "z": 10.0
        },
        {
            "x": 153.11036270543008,
            "y": 255.73435829384806,
            "z": 10.0
        },
        {
            "x": 172.2311286046345,
            "y": 261.1789900939532,
            "z": 10.0
        },
        {
            "x": 265.4385745315137,
            "y": 278.0738552316407,
            "z": 10.0
        },
        {
            "x": 82.98852949948359,
            "y": 275.3872071625814,
            "z": 10.0
        },
        {
            "x": 99.89277470382473,
            "y": 276.44794992391,
            "z": 10.0
        },
        {
            "x": 125.02286011277859,
            "y": 300.4863923589241,
            "z": 10.0
        },
        {
            "x": 143.12935927322528,
            "y": 245.84689192134124,
            "z": 10.0
        },
        {
            "x": 211.8215695513192,
            "y": 281.0947410378586,
            "z": 10.0
        },
        {
            "x": 161.2410956089757,
            "y": 368.53104055979895,
            "z": 10.0
        },
        {
            "x": 220.92551701456358,
            "y": 281.68180426400403,
            "z": 10.0
        },
        {
            "x": 157.54475280769813,
            "y": 305.68772572884205,
            "z": 10.0
        },
        {
            "x": 244.39016906959029,
            "y": 245.1349653378083,
            "z": 10.0
        },
        {
            "x": 183.51744775401863,
            "y": 208.6791584284712,
            "z": 10.0
        },
        {
            "x": 139.59014979793284,
            "y": 311.55706723897384,
            "z": 10.0
        },
        {
            "x": 216.7400511440973,
            "y": 323.9298934406587,
            "z": 10.0
        },
        {
            "x": 129.43751119577212,
            "y": 262.41573138363094,
            "z": 10.0
        },
        {
            "x": 184.70302608619758,
            "y": 346.5332666575747,
            "z": 10.0
        },
        {
            "x": 200.53595485680407,
            "y": 219.67431678856104,
            "z": 10.0
        },
        {
            "x": 83.66727635117834,
            "y": 274.3159961116658,
            "z": 10.0
        },
        {
            "x": 198.68838191233505,
            "y": 241.6098692548121,
            "z": 10.0
        },
        {
            "x": 101.89906983150836,
            "y": 243.07990004906569,
            "z": 10.0
        },
        {
            "x": 104.05520512542027,
            "y": 268.6407363486312,
            "z": 10.0
        },
        {
            "x": 163.20534952831204,
            "y": 392.86727821757864,
            "z": 10.0
        },
        {
            "x": 143.0953547401455,
            "y": 214.30155915453543,
            "z": 10.0
        },
        {
            "x": 155.97109830099618,
            "y": 305.0240685544304,
            "z": 10.0
        },
        {
            "x": 116.36867601745239,
            "y": 377.71279410856584,
            "z": 10.0
        },
        {
            "x": 259.3907453093916,
            "y": 300.0253795573899,
            "z": 10.0
        },
        {
            "x": 120.67788808736478,
            "y": 240.1695171021051,
            "z": 10.0
        },
        {
            "x": 179.11518790279848,
            "y": 341.0036343513764,
            "z": 10.0
        },
        {
            "x": 137.37149639975854,
            "y": 312.1726935589012,
            "z": 10.0
        },
        {
            "x": 243.98803277459552,
            "y": 344.0307551012779,
            "z": 10.0
        },
        {
            "x": 135.26760467407001,
            "y": 312.38102750258565,
            "z": 10.0
        },
        {
            "x": 123.90050951526868,
            "y": 338.6553979962222,
            "z": 10.0
        },
        {
            "x": 212.14664558662943,
            "y": 236.0492390874822,
            "z": 10.0
        },
        {
            "x": 167.40359564229684,
            "y": 336.35797195277183,
            "z": 10.0
        },
        {
            "x": 239.84578089944517,
            "y": 241.2086621499107,
            "z": 10.0
        },
        {
            "x": 182.7034587014047,
            "y": 232.46210452047285,
            "z": 10.0
        },
        {
            "x": 125.36358317051312,
            "y": 298.39221851743497,
            "z": 10.0
        },
        {
            "x": 88.80804151088233,
            "y": 276.3078710833686,
            "z": 10.0
        },
        {
            "x": 131.63286191951912,
            "y": 303.0958977662478,
            "z": 10.0
        },
        {
            "x": 92.14362408360526,
            "y": 311.8601347106297,
            "z": 10.0
        },
        {
            "x": 172.13933111325028,
            "y": 236.9726070722229,
            "z": 10.0
        },
        {
            "x": 185.79924394924413,
            "y": 245.61334434938357,
            "z": 10.0
        },
        {
            "x": 151.19700448710614,
            "y": 221.25790034122852,
            "z": 10.0
        },
        {
            "x": 217.71246924511243,
            "y": 286.38369289458853,
            "z": 10.0
        },
        {
            "x": 129.3127011989846,
            "y": 243.05227556302543,
            "z": 10.0
        },
        {
            "x": 202.6214677076153,
            "y": 293.6866397686094,
            "z": 10.0
        },
        {
            "x": 104.60806199894553,
            "y": 254.20347207445843,
            "z": 10.0
        },
        {
            "x": 255.23370066833803,
            "y": 276.92355259581,
            "z": 10.0
        },
        {
            "x": 187.81258496891928,
            "y": 355.4427181253074,
            "z": 10.0
        },
        {
            "x": 96.446732385519,
            "y": 249.826166582122,
            "z": 10.0
        },
        {
            "x": 156.74338286415798,
            "y": 209.31784388195956,
            "z": 10.0
        },
        {
            "x": 177.41008185435652,
            "y": 284.25480078509145,
            "z": 10.0
        },
        {
            "x": 180.44026815488462,
            "y": 248.41381528822836,
            "z": 10.0
        },
        {
            "x": 184.82598330738432,
            "y": 240.60076084116176,
            "z": 10.0
        }
    ],
    "sensors": [
        {
            "x": 29.47150291307276,
            "y": 263.1646069224829,
            "z": -1.0
        },
        {
            "x": 67.15765675441165,
            "y": 143.41257780821485,
            "z": -1.0
        },
        {
            "x": 101.78314046022143,
            "y": 186.70905479286685,
            "z": -1.0
        },
        {
            "x": 209.4157733804881,
            "y": 201.33378253242427,
            "z": -1.0
        },
        {
            "x": 133.66548858294047,
            "y": 363.92873291880676,
            "z": -1.0
        },
        {
            "x": 86.80942342757768,
            "y": 388.90523550818256,
            "z": -1.0
        },
        {
            "x": 249.79427212285404,
            "y": 219.22894150623742,
            "z": -1.0
        },
        {
            "x": 212.00141168883715,
            "y": 139.57803879971422,
            "z": -1.0
        },
        {
            "x": 69.01660428855158,
            "y": 197.92629949461266,
            "z": -1.0
        },
        {
            "x": 119.6735742058228,
            "y": 295.4542905003664,
            "z": -1.0
        },
        {
            "x": 187.97286476118796,
            "y": 248.70150714371272,
            "z": -1.0
        },
        {
            "x": 55.209252986722575,
            "y": 334.9413961554506,
            "z": -1.0
        },
        {
            "x": 114.94570569422767,
            "y": 176.5295508435125,
            "z": -1.0
        },
        {
            "x": 73.52566296673513,
            "y": 157.94797050849505,
            "z": -1.0
        },
        {
            "x": 169.5203596219308,
            "y": 153.68060203187275,
            "z": -1.0
        },
        {
            "x": 239.96861227832636,
            "y": 193.70752862255557,
            "z": -1.0
        },
        {
            "x": 69.83452127655363,
            "y": 200.69856707037542,
            "z": -1.0
        },
        {
            "x": 101.39198272255827,
            "y": 391.8043242496986,
            "z": -1.0
        },
        {
            "x": 29.96342687163663,
            "y": 201.3770216948295,
            "z": -1.0
        },
        {
            "x": 196.1281244514739,
            "y": 200.69455798530376,
            "z": -1.0
        },
        {
            "x": 264.64974730476695,
            "y": 237.1934016628778,
            "z": -1.0
        },
        {
            "x": 9.185598379706473,
            "y": 344.3569137603879,
            "z": -1.0
        },
        {
            "x": 319.47772238299365,
            "y": 313.30482458000745,
            "z": -1.0
        },
        {
            "x": 147.5471337763603,
            "y": 228.52038791288857,
            "z": -1.0
        },
        {
            "x": 67.21023342933078,
            "y": 156.92441619237542,
            "z": -1.0
        },
        {
            "x": 244.44968264491217,
            "y": 153.3656846730317,
            "z": -1.0
        },
        {
            "x": 125.27353108050349,
            "y": 276.44667695029904,
            "z": -1.0
        },
        {
            "x": 220.08732234486678,
            "y": 133.0687406442189,
            "z": -1.0
        },
        {
            "x": 99.2352691860665,
            "y": 173.32487295857467,
            "z": -1.0
        },
        {
            "x": 53.62595841156652,
            "y": 284.68259357453144,
            "z": -1.0
        },
        {
            "x": 56.5351502103634,
            "y": 161.49735852213723,
            "z": -1.0
        },
        {
            "x": 41.18304784100892,
            "y": 269.5398286132712,
            "z": -1.0
        },
        {
            "x": 50.3973240607273,
            "y": 414.60259275234375,
            "z": -1.0
        },
        {
            "x": 149.0645879595166,
            "y": 172.14077305554852,
            "z": -1.0
        },
        {
            "x": 160.07552658292136,
            "y": 228.09837870016366,
            "z": -1.0
        },
        {
            "x": 173.41856714843354,
            "y": 129.4182769673146,
            "z": -1.0
        },
        {
            "x": 17.48524066086297,
            "y": 239.47945241214606,
            "z": -1.0
        },
        {
            "x": 159.4562927511651,
            "y": 278.6850043621072,
            "z": -1.0
        },
        {
            "x": 52.261232540882624,
            "y": 195.98716286242114,
            "z": -1.0
        },
        {
            "x": 187.34196665705247,
            "y": 121.70261386779596,
            "z": -1.0
        },
        {
            "x": 167.2140499766801,
            "y": 131.59407630233494,
            "z": -1.0
        },
        {
            "x": 105.39374572700163,
            "y": 408.2899926963895,
            "z": -1.0
        },
        {
            "x": 119.4219993410056,
            "y": 189.7619920951085,
            "z": -1.0
        },
        {
            "x": 152.1480679541659,
            "y": 130.07814679869674,
            "z": -1.0
        },
        {
            "x": 103.28024212162545,
            "y": 348.91246418765684,
            "z": -1.0
        },
        {
            "x": 165.3915716071429,
            "y": 124.07509718229119,
            "z": -1.0
        },
        {
            "x": 115.2976163520758,
            "y": 213.3657385757188,
            "z": -1.0
        },
        {
            "x": 51.10200434099584,
            "y": 174.41819678065633,
            "z": -1.0
        },
        {
            "x": 185.03939461934192,
            "y": 148.94478729226955,
            "z": -1.0
        },
        {
            "x": 214.77771394984407,
            "y": 204.60282153955848,
            "z": -1.0
        },
        {
            "x": 108.62954204511448,
            "y": 142.13658401861,
            "z": -1.0
        },
        {
            "x": 44.26407440948027,
            "y": 225.01119767078467,
            "z": -1.0
        },
        {
            "x": 59.19814840479738,
            "y": 195.81516240433444,
            "z": -1.0
        },
        {
            "x": 174.21976277924085,
            "y": 142.18707793201162,
            "z": -1.0
        },
        {
            "x": 118.45491823233723,
            "y": 150.70845497030695,
            "z": -1.0
        },
        {
            "x": 78.63013425760145,
            "y": 420.7277517915678,
            "z": -1.0
        },
        {
            "x": 69.80096383171096,
            "y": 143.11544064967327,
            "z": -1.0
        },
        {
            "x": 146.66071511207494,
            "y": 162.64164847427173,
            "z": -1.0
        },
        {
            "x": 282.8724593621036,
            "y": 211.5515698569361,
            "z": -1.0
        },
        {
            "x": 100.02660920225158,
            "y": 168.96975865815074,
            "z": -1.0
        },
        {
            "x": 24.024175341435814,
            "y": 322.6450731645069,
            "z": -1.0
        },
        {
            "x": 146.90092699627908,
            "y": 171.34148601640896,
            "z": -1.0
        },
        {
            "x": 20.323270620861983,
            "y": 256.93517024017314,
            "z": -1.0
        },
        {
            "x": 34.97835000173523,
            "y": 173.3115845919892,
            "z": -1.0
        },
        {
            "x": 251.7928932803355,
            "y": 459.65144412395375,
            "z": -1.0
        },
        {
            "x": 71.07040747544366,
            "y": 177.30042719090545,
            "z": -1.0
        },
        {
            "x": 346.5489903583403,
            "y": 311.5686547091533,
            "z": -1.0
        },
        {
            "x": 137.55483527861546,
            "y": 123.89981453753315,
            "z": -1.0
        },
        {
            "x": 280.20416888684923,
            "y": 204.40331266020195,
            "z": -1.0
        },
        {
            "x": 50.00146320408296,
            "y": 281.30830997904405,
            "z": -1.0
        },
        {
            "x": 133.12331643465257,
            "y": 224.8383845067338,
            "z": -1.0
        },
        {
            "x": 205.66028011462126,
            "y": 175.01381355533692,
            "z": -1.0
        },
        {
            "x": 146.8365030326068,
            "y": 194.25054521058433,
            "z": -1.0
        },
        {
            "x": 111.35095268419329,
            "y": 240.9776456515031,
            "z": -1.0
        },
        {
            "x": 205.7916209557387,
            "y": 188.59597523098336,
            "z": -1.0
        },
        {
            "x": 250.60639804054307,
            "y": 219.98570513158424,
            "z": -1.0
        },
        {
            "x": 272.666361443476,
            "y": 179.41466005540832,
            "z": -1.0
        },
        {
            "x": 130.0729132514951,
            "y": 147.84099774797943,
            "z": -1.0
        },
        {
            "x": 73.16838004064496,
            "y": 206.24023434609617,
            "z": -1.0
        },
        {
            "x": 148.6813053336752,
            "y": 186.00267679483122,
            "z": -1.0
        },
        {
            "x": 171.04084712163683,
            "y": 268.10997695430274,
            "z": -1.0
        },
        {
            "x": 186.60124894772315,
            "y": 141.37927424440687,
            "z": -1.0
        },
        {
            "x": 41.72750424738806,
            "y": 333.1509552107958,
            "z": -1.0
        },
        {
            "x": 124.08135245739501,
            "y": 237.23779311801223,
            "z": -1.0
        },
        {
            "x": 173.95565997202465,
            "y": 215.13174398823676,
            "z": -1.0
        },
        {
            "x": 87.13193630073917,
            "y": 368.73645788654454,
            "z": -1.0
        },
        {
            "x": 49.79649991499031,
            "y": 404.46895146651985,
            "z": -1.0
        },
        {
            "x": 61.6941104661517,
            "y": 193.24814190970488,
            "z": -1.0
        },
        {
            "x": 307.17103081072895,
            "y": 233.02137153370523,
            "z": -1.0
        },
        {
            "x": 105.47839262966326,
            "y": 153.40646177715172,
            "z": -1.0
        },
        {
            "x": 290.8946557365282,
            "y": 199.1046926262828,
            "z": -1.0
        },
        {
            "x": 203.08807412633737,
            "y": 161.44351388393716,
            "z": -1.0
        },
        {
            "x": 59.03926325895636,
            "y": 174.21760432668265,
            "z": -1.0
        },
        {
            "x": 50.305280969923594,
            "y": 155.52998630409567,
            "z": -1.0
        },
        {
            "x": 246.17353257337322,
            "y": 246.61199933975746,
            "z": -1.0
        },
        {
            "x": 139.22929020431795,
            "y": 167.7844221559178,
            "z": -1.0
        },
        {
            "x": 22.41791845185422,
            "y": 296.73237807483736,
            "z": -1.0
        },
        {
            "x": 80.96747240386438,
            "y": 258.3671957924328,
            "z": -1.0
        },
        {
            "x": 25.335651275991587,
            "y": 255.25935246655945,
            "z": -1.0
        },
        {
            "x": 141.61623945759385,
            "y": 239.12594519406616,
            "z": -1.0
        }
    ],
    "center": {
        "x": 173.39528113269776,
        "y": 306.55043468531073,
        "z": 0.0
    },
    "radius": 50
}