{
    "W": 500,
    "H": 500,
    "depth": 1.0,
    "height": 10.0,
    "num_of_relays": 100,
    "num_of_sensors": 200,
    "relays": [
        {
            "x": 374.03625223218523,
            "y": 286.31775195437905,
            "z": 10.0
        },
        {
            "x": 393.62019692415373,
            "y": 254.48907727723673,
            "z": 10.0
        },
        {
            "x": 339.8433025952936,
            "y": 272.7132984455941,
            "z": 10.0
        },
        {
            "x": 381.7991713948011,
            "y": 252.36383429175828,
            "z": 10.0
        },
        {
            "x": 333.50977239936395,
            "y": 296.05309744183035,
            "z": 10.0
        },
        {
            "x": 318.4316252547784,
            "y": 272.38522226918406,
            "z": 10.0
        },
        {
            "x": 315.97080823707654,
            "y": 240.74664571448906,
            "z": 10.0
        },
        {
            "x": 313.6801672896287,
            "y": 260.3831895570272,
            "z": 10.0
        },
        {
            "x": 328.0997831124816,
            "y": 285.95981085704557,
            "z": 10.0
        },
        {
            "x": 383.3756097897116,
            "y": 242.50148137702254,
            "z": 10.0
        },
        {
            "x": 338.1223854969495,
            "y": 277.968477577769,
            "z": 10.0
        },
        {
            "x": 375.83879979515314,
            "y": 279.1679950436471,
            "z": 10.0
        },
        {
            "x": 346.5946957147113,
            "y": 214.2084940959513,
            "z": 10.0
        },
        {
            "x": 360.5623880169881,
            "y": 256.93845588178834,
            "z": 10.0
        },
        {
            "x": 362.96684848188215,
            "y": 282.5810824508667,
            "z": 10.0
        },
        {
            "x": 367.3360765927964,
            "y": 237.09054867087087,
            "z": 10.0
        },
        {
            "x": 350.3868473490175,
            "y": 286.2705800978218,
            "z": 10.0
        },
        {
            "x": 364.1024328792411,
            "y": 230.04794103397887,
            "z": 10.0
        },
        {
            "x": 340.11755467097055,
            "y": 292.32644784085164,
            "z": 10.0
        },
        {
            "x": 400.82680233928795,
            "y": 248.3427283224988,
            "z": 10.0
        },
        {
            "x": 322.05039128786524,
            "y": 272.4426570458528,
            "z": 10.0
        },
        {
            "x": 350.1799100469552,
            "y": 256.7525516570524,
            "z": 10.0
        },
        {
            "x": 357.2509998402705,
            "y": 308.38024781547256,
            "z": 10.0
        },
        {
            "x": 347.23266609209304,
            "y": 227.2318658164075,
            "z": 10.0
        },
        {
            "x": 387.4341097768056,
            "y": 222.43222359503142,
            "z": 10.0
        },
        {
            "x": 347.3877799671478,
            "y": 277.8268721924883,
            "z": 10.0
        },
        {
            "x": 385.31802762062625,
            "y": 301.86236381793674,
            "z": 10.0
        },
        {
            "x": 315.68242250882633,
            "y": 262.29680287491425,
            "z": 10.0
        },
        {
            "x": 374.02779250958304,
            "y": 231.5430401184461,
            "z": 10.0
        },
        {
            "x": 339.9827422460841,
            "y": 282.65893972146904,
            "z": 10.0
        },
        {
            "x": 345.86831121523977,
            "y": 238.8880834794516,
            "z": 10.0
        },
        {
            "x": 393.976404034119,
            "y": 240.0652558552517,
            "z": 10.0
        },
        {
            "x": 401.6610088313343,
            "y": 254.91389982911662,
            "z": 10.0
        },
        {
            "x": 372.37679249559307,
            "y": 237.47818256093495,
            "z": 10.0
        },
        {
            "x": 358.789226707326,
            "y": 279.81245373211186,
            "z": 10.0
        },
        {
            "x": 364.6274878753614,
            "y": 271.58009672288864,
            "z": 10.0
        },
        {
            "x": 372.83881521554946,
            "y": 300.54251223059856,
            "z": 10.0
        },
        {
            "x": 380.1665255206816,
            "y": 244.7142870671729,
            "z": 10.0
        },
        {
            "x": 356.33116386382954,
            "y": 258.97217132215206,
            "z": 10.0
        },
        {
            "x": 384.97423058844083,
            "y": 275.82382405079807,
            "z": 10.0
        },
        {
            "x": 370.49733768576124,
            "y": 306.0124516648571,
            "z": 10.0
        },
        {
            "x": 343.891832881926,
            "y": 264.0344991637013,
            "z": 10.0
        },
        {
            "x": 324.4403213423493,
            "y": 228.1551293583298,
            "z": 10.0
        },
        {
            "x": 346.82518465496867,
            "y": 295.82916379071776,
            "z": 10.0
        },
        {
            "x": 377.58204436773786,
            "y": 263.83446643750517,
            "z": 10.0
        },
        {
            "x": 382.79524710735654,
            "y": 303.29424513077265,
            "z": 10.0
        },
        {
            "x": 346.0335490805898,
            "y": 240.54626163974962,
            "z": 10.0
        },
        {
            "x": 384.26376014132705,
            "y": 298.16467003403835,
            "z": 10.0
        },
        {
            "x": 319.10618583178746,
            "y": 249.13382243659046,
            "z": 10.0
        },
        {
            "x": 395.12122530200145,
            "y": 291.27287949332936,
            "z": 10.0
        },
        {
            "x": 352.1390647616882,
            "y": 215.3413258798716,
            "z": 10.0
        },
        {
            "x": 343.6189334431482,
            "y": 302.2208351112069,
            "z": 10.0
        },
        {
            "x": 354.92703022166336,
            "y": 299.7011137196689,
            "z": 10.0
        },
        {
            "x": 350.1257092412199,
            "y": 297.5984640967141,
            "z": 10.0
        },
        {
            "x": 385.10150888671,
            "y": 239.95183766220103,
            "z": 10.0
        },
        {
            "x": 316.1686290321369,
            "y": 258.6209624119082,
            "z": 10.0
        },
        {
            "x": 369.4159522257333,
            "y": 227.69494538316124,
            "z": 10.0
        },
        {
            "x": 344.5458338728081,
            "y": 255.37409399896342,
            "z": 10.0
        },
        {
            "x": 347.41985501908647,
            "y": 259.01867751663065,
            "z": 10.0
        },
        {
            "x": 380.17959608005935,
            "y": 283.7706979496302,
            "z": 10.0
        },
        {
            "x": 360.6208610712812,
            "y": 211.43504360882233,
            "z": 10.0
        },
        {
            "x": 384.670951815316,
            "y": 297.9293093702419,
            "z": 10.0
        },
        {
            "x": 326.43628840912976,
            "y": 269.80933592033085,
            "z": 10.0
        },
        {
            "x": 386.4223554282191,
            "y": 220.2641422376805,
            "z": 10.0
        },
        {
            "x": 361.0875646076232,
            "y": 308.0732079787588,
            "z": 10.0
        },
        {
            "x": 362.7657939762817,
            "y": 235.1293117991819,
            "z": 10.0
        },
        {
            "x": 348.37491648713547,
            "y": 243.13261609638678,
            "z": 10.0
        },
        {
            "x": 332.7778695700214,
            "y": 251.21543563189883,
            "z": 10.0
        },
        {
            "x": 354.29745461946106,
            "y": 234.53343773143104,
            "z": 10.0
        },
        {
            "x": 348.81717800618907,
            "y": 258.87016955543083,
            "z": 10.0
        },
        {
            "x": 341.1935223698342,
            "y": 218.37179130343165,
            "z": 10.0
        },
        {
            "x": 399.1562843895791,
            "y": 235.77608244790594,
            "z": 10.0
        },
        {
            "x": 405.70538996063397,
            "y": 260.91258367223116,
            "z": 10.0
        },
        {
            "x": 350.82910954610406,
            "y": 217.7325453600726,
            "z": 10.0
        },
        {
            "x": 344.76135925190613,
            "y": 279.6426288227842,
            "z": 10.0
        },
        {
            "x": 355.0912198227802,
            "y": 218.40599713675695,
            "z": 10.0
        },
        {
            "x": 380.8596658985906,
            "y": 248.95682435961447,
            "z": 10.0
        },
        {
            "x": 374.8548384067069,
            "y": 232.86174390287658,
            "z": 10.0
        },
        {
            "x": 391.8828140540213,
            "y": 277.59868407182626,
            "z": 10.0
        },
        {
            "x": 393.74468038339717,
            "y": 246.57753802329268,
            "z": 10.0
        },
        {
            "x": 368.69704888378106,
            "y": 237.96406949287126,
            "z": 10.0
        },
        {
            "x": 367.6591093677838,
            "y": 269.98062462380983,
            "z": 10.0
        },
        {
            "x": 373.8624292399248,
            "y": 282.9712780912835,
            "z": 10.0
        },
        {
            "x": 318.16722747814697,
            "y": 252.6443397962141,
            "z": 10.0
        },
        {
            "x": 335.1716282965323,
            "y": 244.3314497971276,
            "z": 10.0
        },
        {
            "x": 353.4621903252965,
            "y": 267.4942605897594,
            "z": 10.0
        },
        {
            "x": 355.565782527745,
            "y": 246.32334724401102,
            "z": 10.0
        },
        {
            "x": 339.4599151564953,
            "y": 293.5214398165722,
            "z": 10.0
        },
        {
            "x": 342.5385592513062,
            "y": 216.74003362998462,
            "z": 10.0
        },
        {
            "x": 355.66467399019575,
            "y": 232.4521456607573,
            "z": 10.0
        },
        {
            "x": 372.12823295118716,
            "y": 284.5769235329861,
            "z": 10.0
        },
        {
            "x": 332.9855495453722,
            "y": 237.23801857573156,
            "z": 10.0
        },
        {
            "x": 321.0434387671107,
            "y": 262.942406685942,
            "z": 10.0
        },
        {
            "x": 399.78113818301813,
            "y": 271.9927969280531,
            "z": 10.0
        },
        {
            "x": 360.24301825584115,
            "y": 303.47349406697475,
            "z": 10.0
        },
        {
            "x": 351.55314262459456,
            "y": 250.73750574538258,
            "z": 10.0
        },
        {
            "x": 364.1299690698115,
            "y": 256.4731994250015,
            "z": 10.0
        },
        {
            "x": 341.1510691034123,
            "y": 268.96565823947304,
            "z": 10.0
        },
        {
            "x": 389.6800176092195,
            "y": 242.7040358966745,
            "z": 10.0
        },
        {
            "x": 320.5442057945249,
            "y": 256.6430571337834,
            "z": 10.0
        }
    ],
    "sensors": [
        {
            "x": 417.42427036961203,
            "y": 245.73460260484282,
            "z": -1.0
        },
        {
            "x": 333.15031822158636,
            "y": 196.4417058934195,
            "z": -1.0
        },
        {
            "x": 340.4543729915973,
            "y": 266.06861736369245,
            "z": -1.0
        },
        {
            "x": 348.5625124266949,
            "y": 201.6762506555356,
            "z": -1.0
        },
        {
            "x": 434.1301441028278,
            "y": 209.82559715689115,
            "z": -1.0
        },
        {
            "x": 341.1811862587942,
            "y": 263.89751796146936,
            "z": -1.0
        },
        {
            "x": 308.2138966969656,
            "y": 250.45241373157964,
            "z": -1.0
        },
        {
            "x": 305.73022045424494,
            "y": 219.0999800270932,
            "z": -1.0
        },
        {
            "x": 320.8635024095415,
            "y": 213.158061186723,
            "z": -1.0
        },
        {
            "x": 375.5143492703247,
            "y": 337.90275046685866,
            "z": -1.0
        },
        {
            "x": 271.8751317876947,
            "y": 242.19432681734236,
            "z": -1.0
        },
        {
            "x": 345.2410010441256,
            "y": 252.84064880118996,
            "z": -1.0
        },
        {
            "x": 339.95846365113033,
            "y": 254.73738836991862,
            "z": -1.0
        },
        {
            "x": 309.2796242731199,
            "y": 276.80422964280257,
            "z": -1.0
        },
        {
            "x": 384.03508088593753,
            "y": 216.45199313485386,
            "z": -1.0
        },
        {
            "x": 380.60695837690486,
            "y": 323.3509469157637,
            "z": -1.0
        },
        {
            "x": 320.021120283733,
            "y": 274.6907311530431,
            "z": -1.0
        },
        {
            "x": 280.1162882865446,
            "y": 273.31446421944923,
            "z": -1.0
        },
        {
            "x": 334.9500631502738,
            "y": 340.20075802819014,
            "z": -1.0
        },
        {
            "x": 303.2115584449401,
            "y": 224.50213814869696,
            "z": -1.0
        },
        {
            "x": 339.95897678951627,
            "y": 266.0115562458161,
            "z": -1.0
        },
        {
            "x": 285.894425334743,
            "y": 264.85152591357524,
            "z": -1.0
        },
        {
            "x": 311.55172302281983,
            "y": 310.178146473351,
            "z": -1.0
        },
        {
            "x": 407.55870273142546,
            "y": 280.0801919020246,
            "z": -1.0
        },
        {
            "x": 284.53966470217813,
            "y": 261.0359427928592,
            "z": -1.0
        },
        {
            "x": 417.73580930847515,
            "y": 213.1499742502374,
            "z": -1.0
        },
        {
            "x": 433.9332828711382,
            "y": 224.0088262267895,
            "z": -1.0
        },
        {
            "x": 347.3879372938342,
            "y": 290.3499006278157,
            "z": -1.0
        },
        {
            "x": 300.4518921818161,
            "y": 244.9471805520174,
            "z": -1.0
        },
        {
            "x": 424.1863491585354,
            "y": 192.96267112389194,
            "z": -1.0
        },
        {
            "x": 324.11619953340823,
            "y": 282.12504045072126,
            "z": -1.0
        },
        {
            "x": 329.78158965939963,
            "y": 234.25034164068086,
            "z": -1.0
        },
        {
            "x": 384.7631644453131,
            "y": 249.25507409158794,
            "z": -1.0
        },
        {
            "x": 348.8143575540516,
            "y": 281.81908713294666,
            "z": -1.0
        },
        {
            "x": 281.817225495028,
            "y": 273.3989412369074,
            "z": -1.0
        },
        {
            "x": 332.77732589345067,
            "y": 264.7102685476688,
            "z": -1.0
        },
        {
            "x": 431.71370358666275,
            "y": 265.595167418208,
            "z": -1.0
        },
        {
            "x": 341.45412727813755,
            "y": 250.65864536365083,
            "z": -1.0
        },
        {
            "x": 332.5616730650864,
            "y": 237.94575098594774,
            "z": -1.0
        },
        {
            "x": 343.61935791386355,
            "y": 323.58128680540113,
            "z": -1.0
        },
        {
            "x": 358.8224122262491,
            "y": 316.1181997805669,
            "z": -1.0
        },
        {
            "x": 345.0393833612864,
            "y": 239.87953207317534,
            "z": -1.0
        },
        {
            "x": 305.3487099553895,
            "y": 206.8653155359152,
            "z": -1.0
        },
        {
            "x": 326.9955546997528,
            "y": 215.36645733084669,
            "z": -1.0
        },
        {
            "x": 380.55246650955814,
            "y": 217.81096644438867,
            "z": -1.0
        },
        {
            "x": 361.88282477104275,
            "y": 192.642768551168,
            "z": -1.0
        },
        {
            "x": 325.4098365169104,
            "y": 316.8867574901299,
            "z": -1.0
        },
        {
            "x": 277.40594752835983,
            "y": 221.91603613492362,
            "z": -1.0
        },
        {
            "x": 390.7782280830273,
            "y": 242.72231718290178,
            "z": -1.0
        },
        {
            "x": 327.24341755171787,
            "y": 296.3952147946976,
            "z": -1.0
        },
        {
            "x": 302.60729206694293,
            "y": 267.41524097144554,
            "z": -1.0
        },
        {
            "x": 361.039863995058,
            "y": 164.34419340293826,
            "z": -1.0
        },
        {
            "x": 331.7981283962399,
            "y": 343.86291188743036,
            "z": -1.0
        },
        {
            "x": 350.02365375888155,
            "y": 245.1231037535082,
            "z": -1.0
        },
        {
            "x": 312.30300469629435,
            "y": 187.05200740524145,
            "z": -1.0
        },
        {
            "x": 298.7037751938958,
            "y": 263.8137571942989,
            "z": -1.0
        },
        {
            "x": 298.08756760701885,
            "y": 260.96212655789407,
            "z": -1.0
        },
        {
            "x": 385.7963584033221,
            "y": 230.92657176191886,
            "z": -1.0
        },
        {
            "x": 297.6523498528259,
            "y": 307.1419028812523,
            "z": -1.0
        },
        {
            "x": 320.1813979780562,
            "y": 231.80564409674767,
            "z": -1.0
        },
        {
            "x": 300.6202949370603,
            "y": 194.03756600392015,
            "z": -1.0
        },
        {
            "x": 307.82041858651263,
            "y": 330.10606025565625,
            "z": -1.0
        },
        {
            "x": 284.39498220990714,
            "y": 225.1148380503798,
            "z": -1.0
        },
        {
            "x": 274.2165864990889,
            "y": 216.37286518785862,
            "z": -1.0
        },
        {
            "x": 317.67624623733377,
            "y": 249.72168051211517,
            "z": -1.0
        },
        {
            "x": 353.52863250374537,
            "y": 316.9877563862276,
            "z": -1.0
        },
        {
            "x": 318.50214730533867,
            "y": 226.67781943930518,
            "z": -1.0
        },
        {
            "x": 358.0877965321777,
            "y": 356.0304009620782,
            "z": -1.0
        },
        {
            "x": 438.6868897311372,
            "y": 286.7175381059829,
            "z": -1.0
        },
        {
            "x": 408.41533872503663,
            "y": 214.50430334409003,
            "z": -1.0
        },
        {
            "x": 343.831414687304,
            "y": 204.76012289409223,
            "z": -1.0
        },
        {
            "x": 319.75071685754773,
            "y": 338.20558360116513,
            "z": -1.0
        },
        {
            "x": 295.35195551794004,
            "y": 228.84183019305502,
            "z": -1.0
        },
        {
            "x": 400.7016986679347,
            "y": 268.3589013123345,
            "z": -1.0
        },
        {
            "x": 382.8215899621749,
            "y": 302.2487104802419,
            "z": -1.0
        },
        {
            "x": 342.55748953028575,
            "y": 170.26016054084045,
            "z": -1.0
        },
        {
            "x": 372.57516917335954,
            "y": 175.2787118070683,
            "z": -1.0
        },
        {
            "x": 344.71317345515865,
            "y": 308.40244906596143,
            "z": -1.0
        },
        {
            "x": 429.8353399502864,
            "y": 294.93999491859324,
            "z": -1.0
        },
        {
            "x": 315.9559084931716,
            "y": 318.30353223832134,
            "z": -1.0
        },
        {
            "x": 387.28136478092154,
            "y": 334.5356862669952,
            "z": -1.0
        },
        {
            "x": 301.39289789595614,
            "y": 234.72508101575116,
            "z": -1.0
        },
        {
            "x": 283.7367749289823,
            "y": 256.3905576371664,
            "z": -1.0
        },
        {
            "x": 300.5150415678829,
            "y": 267.8721164035196,
            "z": -1.0
        },
        {
            "x": 411.75569993279555,
            "y": 290.0044236068558,
            "z": -1.0
        },
        {
            "x": 360.3051818032427,
            "y": 339.12603758802464,
            "z": -1.0
        },
        {
            "x": 430.3575479897438,
            "y": 227.86002832051952,
            "z": -1.0
        },
        {
            "x": 382.370322488341,
            "y": 278.7325010571235,
            "z": -1.0
        },
        {
            "x": 422.6593560566563,
            "y": 328.91116322380395,
            "z": -1.0
        },
        {
            "x": 357.5176552173972,
            "y": 203.2298715027122,
            "z": -1.0
        },
        {
            "x": 315.1549320561509,
            "y": 248.1949619261287,
            "z": -1.0
        },
        {
            "x": 359.4740445154099,
            "y": 345.11841814641906,
            "z": -1.0
        },
        {
            "x": 320.40908286491094,
            "y": 199.43764922843087,
            "z": -1.0
        },
        {
            "x": 333.6731243091929,
            "y": 281.7926921278814,
            "z": -1.0
        },
        {
            "x": 359.7364634283652,
            "y": 275.7024661166465,
            "z": -1.0
        },
        {
            "x": 284.63743178069194,
            "y": 257.4087228683276,
            "z": -1.0
        },
        {
            "x": 302.78268369326884,
            "y": 228.61293950463931,
            "z": -1.0
        },
        {
            "x": 337.17043549278753,
            "y": 348.11842865678636,
            "z": -1.0
        },
        {
            "x": 381.04423089258626,
            "y": 222.88749916879468,
            "z": -1.0
        },
        {
            "x": 393.8053085712222,
            "y": 189.71465997935377,
            "z": -1.0
        },
        {
            "x": 305.76485069738163,
            "y": 357.40433859124244,
            "z": -1.0
        },
        {
            "x": 305.23031194424834,
            "y": 137.3777429590378,
            "z": -1.0
        },
        {
            "x": 354.9020349667259,
            "y": 158.99114719812474,
            "z": -1.0
        },
        {
            "x": 248.60463417766718,
            "y": 202.5050626381502,
            "z": -1.0
        },
        {
            "x": 412.53263677456187,
            "y": 372.17046556720663,
            "z": -1.0
        },
        {
            "x": 205.4008193415357,
            "y": 202.49432246320845,
            "z": 18.480983209842854
        },
        {
            "x": 308.52848873451535,
            "y": 150.31500100214953,
            "z": 4.642697546473164
        },
        {
            "x": 317.4016808729623,
            "y": 383.1383349803577,
            "z": -1.0
        },
        {
            "x": 477.46383567129266,
            "y": 234.74334711586704,
            "z": -1.0
        },
        {
            "x": 319.50970405248256,
            "y": 146.18963548286064,
            "z": -1.0
        },
        {
            "x": 245.13537693304556,
            "y": 182.687420885012,
            "z": -1.0
        },
        {
            "x": 255.10704695769087,
            "y": 183.2112925320173,
            "z": -1.0
        },
        {
            "x": 461.80182757118496,
            "y": 203.94718016649534,
            "z": -1.0
        },
        {
            "x": 245.7823135402583,
            "y": 135.55203527919207,
            "z": -1.0
        },
        {
            "x": 290.4628351882351,
            "y": 129.1469674165865,
            "z": -1.0
        },
        {
            "x": 498.44514952779133,
            "y": 209.54896636065013,
            "z": -1.0
        },
        {
            "x": 198.71436819034034,
            "y": 188.31995411594178,
            "z": 10.228620914204203
        },
        {
            "x": 212.40862176259213,
            "y": 178.43720579699988,
            "z": 14.202111571585515
        },
        {
            "x": 249.25656398834647,
            "y": 280.1752412369263,
            "z": 11.7357456038129
        },
        {
            "x": 499.999,
            "y": 255.88734179924342,
            "z": -1.0
        },
        {
            "x": 296.9031801182389,
            "y": 91.92620705446603,
            "z": -1.0
        },
        {
            "x": 284.0402607356252,
            "y": 354.4877031482561,
            "z": -1.0
        },
        {
            "x": 221.14905500274864,
            "y": 209.5832300802893,
            "z": 32.331225358114274
        },
        {
            "x": 240.24702128145793,
            "y": 141.89721856027302,
            "z": -1.0
        },
        {
            "x": 239.9673931697266,
            "y": 163.53065219585588,
            "z": 0.7593845030159587
        },
        {
            "x": 447.6612719602866,
            "y": 301.5292184152613,
            "z": -1.0
        },
        {
            "x": 389.88790123348116,
            "y": 149.16730270811428,
            "z": -1.0
        },
        {
            "x": 338.3200138393562,
            "y": 159.94799180434748,
            "z": -1.0
        },
        {
            "x": 260.93168151577675,
            "y": 229.96353262745183,
            "z": -1.0
        },
        {
            "x": 286.1205028312742,
            "y": 114.41630238945586,
            "z": -1.0
        },
        {
            "x": 263.5557782843705,
            "y": 246.40508161495913,
            "z": -1.0
        },
        {
            "x": 474.56975738611015,
            "y": 289.8981732410502,
            "z": -1.0
        },
        {
            "x": 343.6606753378721,
            "y": 90.8261159125885,
            "z": -1.0
        },
        {
            "x": 254.93208210726812,
            "y": 282.1552156199398,
            "z": 6.792323428157955
        },
        {
            "x": 228.03980504594483,
            "y": 162.17142110570956,
            "z": 16.2863617138809
        },
        {
            "x": 405.8451791927952,
            "y": 383.41046446222737,
            "z": -1.0
        },
        {
            "x": 280.7951523074191,
            "y": 130.6958402056149,
            "z": -1.0
        },
        {
            "x": 243.27924136404192,
            "y": 143.3856002718088,
            "z": -1.0
        },
        {
            "x": 231.72790601458095,
            "y": 281.044752254804,
            "z": 44.32221736962489
        },
        {
            "x": 260.35986178696214,
            "y": 146.8354733963846,
            "z": -1.0
        },
        {
            "x": 288.8219149824855,
            "y": 91.17981074464453,
            "z": -1.0
        },
        {
            "x": 464.8189398134145,
            "y": 284.1973091937459,
            "z": -1.0
        },
        {
            "x": 399.0152816023646,
            "y": 407.9492547421555,
            "z": -1.0
        },
        {
            "x": 273.04321547380493,
            "y": 184.36661807350214,
            "z": -1.0
        },
        {
            "x": 240.36593642728414,
            "y": 339.4165610456957,
            "z": 3.4555604583603277
        },
        {
            "x": 418.9089542245272,
            "y": 177.18810986243062,
            "z": -1.0
        },
        {
            "x": 194.14846933130602,
            "y": 206.85374534669174,
            "z": 40.381916305631094
        },
        {
            "x": 220.46192881624629,
            "y": 147.86121415763552,
            "z": -1.0
        },
        {
            "x": 224.59847002428228,
            "y": 235.51237896198202,
            "z": 62.507272371064154
        },
        {
            "x": 216.4589870981757,
            "y": 308.0658592941,
            "z": 70.59957413016092
        },
        {
            "x": 178.50061869124318,
            "y": 325.82286304275857,
            "z": 75.07186466074172
        },
        {
            "x": 205.22444350085058,
            "y": 229.87057733221997,
            "z": 58.387317981048625
        },
        {
            "x": 332.82925648438504,
            "y": 377.8174213840959,
            "z": -1.0
        },
        {
            "x": 206.1818509478499,
            "y": 315.68542605204783,
            "z": 78.55894480748344
        },
        {
            "x": 221.48341244148259,
            "y": 283.7462353398238,
            "z": 53.80633000979099
        },
        {
            "x": 226.79843739446312,
            "y": 161.87121634540875,
            "z": 14.561459240805045
        },
        {
            "x": 182.50540218606136,
            "y": 153.1627640139611,
            "z": 2.5010804372122726
        },
        {
            "x": 239.82092760266784,
            "y": 245.5321097645923,
            "z": 48.609148736412536
        },
        {
            "x": 221.29047745761778,
            "y": 211.92092722478554,
            "z": 35.13153849734664
        },
        {
            "x": 429.0510699853163,
            "y": 387.8108557522314,
            "z": -1.0
        },
        {
            "x": 258.89795817472316,
            "y": 295.7677338793585,
            "z": 3.2322661206414978
        },
        {
            "x": 183.4865107126987,
            "y": 130.66468449707105,
            "z": -1.0
        },
        {
            "x": 234.59526912290437,
            "y": 339.8412168171245,
            "z": 28.103913897793756
        },
        {
            "x": 249.19865077487103,
            "y": 321.7065230957586,
            "z": -1.0
        },
        {
            "x": 228.35320110340598,
            "y": 167.6042326652858,
            "z": 21.110565890277464
        },
        {
            "x": 286.34602158840823,
            "y": 325.55210874986193,
            "z": -1.0
        },
        {
            "x": 257.9048940512601,
            "y": 148.38368319538642,
            "z": -1.0
        },
        {
            "x": 338.7234844851089,
            "y": 145.9447120369715,
            "z": -1.0
        },
        {
            "x": 280.22759619852945,
            "y": 73.76912967536833,
            "z": -1.0
        },
        {
            "x": 416.08033610983983,
            "y": 430.7789037773133,
            "z": -1.0
        },
        {
            "x": 201.1197321563715,
            "y": 239.604368092152,
            "z": 77.73412388054027
        },
        {
            "x": 354.3756297650633,
            "y": 364.6798200106748,
            "z": -1.0
        },
        {
            "x": 216.30337795247766,
            "y": 190.4354871929179,
            "z": 20.801389317161206
        },
        {
            "x": 446.28950571108203,
            "y": 299.0882997106807,
            "z": -1.0
        },
        {
            "x": 156.31119406030092,
            "y": 254.24144866548454,
            "z": 75.07942381498232
        },
        {
            "x": 325.4238851796457,
            "y": 98.4010143589511,
            "z": -1.0
        },
        {
            "x": 271.92115605962545,
            "y": 170.99879342234274,
            "z": -1.0
        },
        {
            "x": 348.60794889280766,
            "y": 422.9259520859588,
            "z": -1.0
        },
        {
            "x": 232.08081612948712,
            "y": 327.8417275927209,
            "z": 20.713270934321322
        },
        {
            "x": 250.38229605343878,
            "y": 161.4312157100833,
            "z": -1.0
        },
        {
            "x": 321.84987519718095,
            "y": 353.8428644834037,
            "z": -1.0
        },
        {
            "x": 178.05739907852387,
            "y": 180.18426005453318,
            "z": 42.81573994546683
        },
        {
            "x": 256.3915888132076,
            "y": 238.12973003015372,
            "z": -1.0
        },
        {
            "x": 355.0193054357642,
            "y": 74.45731124023911,
            "z": -1.0
        },
        {
            "x": 249.9522544976819,
            "y": 296.4385485757777,
            "z": 23.22981940804664
        },
        {
            "x": 270.80052345658765,
            "y": 25.529789820184845,
            "z": -1.0
        },
        {
            "x": 231.314424431502,
            "y": 118.73606892989508,
            "z": -1.0
        },
        {
            "x": 439.2937551221503,
            "y": 188.65380732601548,
            "z": -1.0
        },
        {
            "x": 162.48254426395698,
            "y": 175.1532148627836,
            "z": 73.22261389286537
        },
        {
            "x": 463.0829451960183,
            "y": 430.8433273852504,
            "z": -1.0
        },
        {
            "x": 316.8802217221207,
            "y": 165.54040886092258,
            "z": -1.0
        },
        {
            "x": 195.8780299922323,
            "y": 111.34104817686273,
            "z": 2.6194216322654715
        },
        {
            "x": 218.37961952004613,
            "y": 268.49491974799827,
            "z": 74.5607605895407
        },
        {
            "x": 188.98176841791567,
            "y": 195.06462933545325,
            "z": 43.62042049574618
        },
        {
            "x": 182.67338144027906,
            "y": 231.78325105296466,
            "z": 108.6824594395473
        },
        {
            "x": 258.9610784598779,
            "y": 225.64134896891937,
            "z": -1.0
        },
        {
            "x": 307.0468408974131,
            "y": 346.3635789948238,
            "z": -1.0
        },
        {
            "x": 450.06678749537457,
            "y": 174.5042214361224,
            "z": -1.0
        },
        {
            "x": 247.97122740769314,
            "y": 254.34465189846406,
            "z": 13.798019528395013
        },
        {
            "x": 428.541891104995,
            "y": 120.25953674619208,
            "z": -0.878901491774933
        }
    ],
    "center": {
        "x": 360.34290194628153,
        "y": 259.7588287491701,
        "z": 0.0
    },
    "radius": 25
}