{
    "W": 500,
    "H": 500,
    "depth": 1.0,
    "height": 10.0,
    "num_of_relays": 100,
    "num_of_sensors": 200,
    "relays": [
        {
            "x": 243.5658369574668,
            "y": 400.5353722550199,
            "z": 89.78560335635302
        },
        {
            "x": 480.13130576213143,
            "y": 221.06706900049696,
            "z": 10.0
        },
        {
            "x": 395.8889319987014,
            "y": 137.8708230704645,
            "z": 10.0
        },
        {
            "x": 157.20502252037818,
            "y": 67.41823136695263,
            "z": 22.60482363684702
        },
        {
            "x": 290.0370460944618,
            "y": 101.86174913311953,
            "z": 10.0
        },
        {
            "x": 384.8891739527406,
            "y": 167.19527703265612,
            "z": 10.0
        },
        {
            "x": 101.23912678175785,
            "y": 349.3837049343099,
            "z": 10.0
        },
        {
            "x": 365.2092192238555,
            "y": 137.78885832697443,
            "z": 10.0
        },
        {
            "x": 268.08006360196225,
            "y": 261.86973083498947,
            "z": 10.0
        },
        {
            "x": 371.15542232906296,
            "y": 278.6007560053306,
            "z": 10.0
        },
        {
            "x": 278.79157332588494,
            "y": 456.93704819781294,
            "z": 41.7515746930923
        },
        {
            "x": 267.45013445328067,
            "y": 174.6671358377472,
            "z": 10.0
        },
        {
            "x": 283.97971490527965,
            "y": 431.44270197111433,
            "z": 15.073683866356193
        },
        {
            "x": 139.84773356636578,
            "y": 46.192838698973304,
            "z": 79.17931694592991
        },
        {
            "x": 209.83907487920607,
            "y": 91.35310655406036,
            "z": 10.0
        },
        {
            "x": 303.95172093970433,
            "y": 178.23601740544171,
            "z": 10.0
        },
        {
            "x": 300.95577170217564,
            "y": 185.1604667191727,
            "z": 10.0
        },
        {
            "x": 321.75517161175117,
            "y": 130.43018879507724,
            "z": 10.0
        },
        {
            "x": 21.009342427995477,
            "y": 387.838550429434,
            "z": 70.51772229928332
        },
        {
            "x": 212.60103723378927,
            "y": 52.277063308283914,
            "z": 10.0
        },
        {
            "x": 343.6463168302363,
            "y": 290.4977997060382,
            "z": 10.0
        },
        {
            "x": 250.10031945957286,
            "y": 390.1316913091198,
            "z": 55.803334320075095
        },
        {
            "x": 325.66563453016164,
            "y": 296.0954669990236,
            "z": 10.0
        },
        {
            "x": 210.7917141431807,
            "y": 146.1016604846031,
            "z": 18.37088817890975
        },
        {
            "x": 165.806823060012,
            "y": 480.81123407960183,
            "z": 15.114296046510976
        },
        {
            "x": 222.51297686028906,
            "y": 198.88134793675053,
            "z": 42.160067017982925
        },
        {
            "x": 134.8026716927733,
            "y": 251.52856084200434,
            "z": 12.276987821343635
        },
        {
            "x": 337.61861921214785,
            "y": 488.4389130117053,
            "z": 10.0
        },
        {
            "x": 499.999,
            "y": 256.9191149387781,
            "z": 10.0
        },
        {
            "x": 320.37473445406107,
            "y": 437.00664049255624,
            "z": 10.0
        },
        {
            "x": 90.19459407009322,
            "y": 449.2240003056021,
            "z": 49.90436121437276
        },
        {
            "x": 357.15844971476116,
            "y": 282.7777695950784,
            "z": 10.0
        },
        {
            "x": 244.11237947312213,
            "y": 219.69471778746157,
            "z": 19.455372424847447
        },
        {
            "x": 88.75365052250842,
            "y": 210.2289241461363,
            "z": 10.0
        },
        {
            "x": 179.0678501663528,
            "y": 158.34235402779746,
            "z": 19.53567182847002
        },
        {
            "x": 378.12906762855954,
            "y": 203.6002862813031,
            "z": 10.0
        },
        {
            "x": 226.76357647391794,
            "y": 264.41112816288063,
            "z": 61.94341055436707
        },
        {
            "x": 136.3022303382493,
            "y": 408.19368255865055,
            "z": 10.0
        },
        {
            "x": 224.72178186389448,
            "y": 225.2273907428636,
            "z": 67.27692095250308
        },
        {
            "x": 179.0452516241516,
            "y": 301.58306513299567,
            "z": 98.2664164390691
        },
        {
            "x": 360.0932616094708,
            "y": 114.33402453287741,
            "z": 10.0
        },
        {
            "x": 136.0094370561577,
            "y": 220.93270893070306,
            "z": 63.199072913483995
        },
        {
            "x": 296.724281642388,
            "y": 104.66179971113436,
            "z": 10.0
        },
        {
            "x": 152.58505032137865,
            "y": 499.999,
            "z": 10.0
        },
        {
            "x": 354.66777241998165,
            "y": 306.32480775307624,
            "z": 10.0
        },
        {
            "x": 431.069614989977,
            "y": 0.0,
            "z": 35.00507802806433
        },
        {
            "x": 273.71459150470605,
            "y": 146.84606321060426,
            "z": 10.0
        },
        {
            "x": 93.22811007816816,
            "y": 230.18627027399887,
            "z": 10.0
        },
        {
            "x": 297.8430555434859,
            "y": 142.9189509087234,
            "z": 10.0
        },
        {
            "x": 233.2234158449123,
            "y": 203.52497867988274,
            "z": 37.279199110264756
        },
        {
            "x": 344.1555993664532,
            "y": 228.4506570267178,
            "z": 10.0
        },
        {
            "x": 0.0,
            "y": 175.82935523368752,
            "z": 112.668257906525
        },
        {
            "x": 495.52823960349673,
            "y": 55.99232381868731,
            "z": 10.0
        },
        {
            "x": 123.84172470474367,
            "y": 254.80088363211604,
            "z": 11.731829971297193
        },
        {
            "x": 268.0891246497297,
            "y": 387.44004089189514,
            "z": 30.693755329446823
        },
        {
            "x": 114.9367318560673,
            "y": 163.9758261010026,
            "z": 50.708440646238444
        },
        {
            "x": 499.999,
            "y": 370.8798058647892,
            "z": 10.0
        },
        {
            "x": 353.3403587277662,
            "y": 167.3238571555518,
            "z": 10.0
        },
        {
            "x": 178.36963344073422,
            "y": 218.39757839824966,
            "z": 98.37669010966431
        },
        {
            "x": 499.999,
            "y": 412.36057675356517,
            "z": 10.0
        },
        {
            "x": 68.9290251707007,
            "y": 208.1904158425976,
            "z": 10.0
        },
        {
            "x": 171.08398235565744,
            "y": 129.1745334587516,
            "z": 14.417681426017122
        },
        {
            "x": 481.6216685550353,
            "y": 297.77572794601116,
            "z": 10.0
        },
        {
            "x": 465.998750774623,
            "y": 423.5136511738045,
            "z": 10.0
        },
        {
            "x": 439.0018022648294,
            "y": 365.6915021741614,
            "z": 10.0
        },
        {
            "x": 298.2142867941238,
            "y": 301.8263539489519,
            "z": 10.0
        },
        {
            "x": 499.999,
            "y": 240.35372615012187,
            "z": 10.0
        },
        {
            "x": 323.5443952987709,
            "y": 430.00799719603987,
            "z": 10.0
        },
        {
            "x": 119.41275323028552,
            "y": 224.32587043890112,
            "z": 18.036294458545665
        },
        {
            "x": 119.25462685072739,
            "y": 293.79033421705304,
            "z": 11.32310951384272
        },
        {
            "x": 218.99878336047158,
            "y": 389.82711920007364,
            "z": 101.89903685248831
        },
        {
            "x": 146.8260977034817,
            "y": 139.4151476198267,
            "z": 58.216501918484745
        },
        {
            "x": 470.11105136758124,
            "y": 358.2645652808984,
            "z": 10.0
        },
        {
            "x": 332.2170020092643,
            "y": 248.3883457495649,
            "z": 10.0
        },
        {
            "x": 242.19845344395088,
            "y": 178.4530221701928,
            "z": 11.683016179313402
        },
        {
            "x": 163.45079264455217,
            "y": 276.3803719830485,
            "z": 54.487665932486564
        },
        {
            "x": 108.18070550175221,
            "y": 150.82494091243672,
            "z": 33.83344452771432
        },
        {
            "x": 227.0452358320181,
            "y": 320.21313298383916,
            "z": 57.38750836765438
        },
        {
            "x": 0.0,
            "y": 269.3638428458695,
            "z": 102.7455371383478
        },
        {
            "x": 199.4787216100087,
            "y": 181.22238272147882,
            "z": 19.0
        },
        {
            "x": 279.2617401030635,
            "y": 272.51101466615535,
            "z": 10.0
        },
        {
            "x": 359.9022783600212,
            "y": 218.52622212008492,
            "z": 10.0
        },
        {
            "x": 108.42390029190418,
            "y": 131.6332357365386,
            "z": 62.02966252182837
        },
        {
            "x": 162.23176322739806,
            "y": 136.30130801430585,
            "z": 38.875335599889894
        },
        {
            "x": 477.06298387500505,
            "y": 291.72492507814405,
            "z": 10.0
        },
        {
            "x": 151.6286623777063,
            "y": 276.3152998469588,
            "z": 22.305079313896393
        },
        {
            "x": 438.20183456276953,
            "y": 378.47709356265926,
            "z": 10.0
        },
        {
            "x": 444.9023123341492,
            "y": 93.49423507220479,
            "z": 10.0
        },
        {
            "x": 272.4183131594762,
            "y": 415.5730677007483,
            "z": 23.766884781208866
        },
        {
            "x": 262.0055270676612,
            "y": 372.4819076604848,
            "z": 15.202004093830723
        },
        {
            "x": 222.40218334127414,
            "y": 0.0,
            "z": 10.0
        },
        {
            "x": 221.657888835958,
            "y": 280.1949820080113,
            "z": 73.84261620227224
        },
        {
            "x": 336.7491064502603,
            "y": 257.46721493952975,
            "z": 10.0
        },
        {
            "x": 448.8181136100121,
            "y": 226.33557024904206,
            "z": 10.0
        },
        {
            "x": 104.69008878514597,
            "y": 154.33501927064228,
            "z": 26.540942984885202
        },
        {
            "x": 164.0587777452526,
            "y": 252.099963146067,
            "z": 86.20450966212734
        },
        {
            "x": 366.70124835893097,
            "y": 203.79208553536583,
            "z": 10.0
        },
        {
            "x": 237.29192920898777,
            "y": 499.999,
            "z": 112.54104744952903
        },
        {
            "x": 355.36917920273834,
            "y": 288.2093621077114,
            "z": 10.0
        },
        {
            "x": 336.8615385504124,
            "y": 309.7456463827979,
            "z": 10.0
        }
    ],
    "sensors": [
        {
            "x": 407.65300105918527,
            "y": 124.75603245306283,
            "z": -1.0
        },
        {
            "x": 97.13889732259764,
            "y": 174.09170522049496,
            "z": 12.803080900759083
        },
        {
            "x": 206.72863830836863,
            "y": 250.35381403085862,
            "z": 100.20883400565538
        },
        {
            "x": 281.5810967670715,
            "y": 224.44936053650125,
            "z": -1.0
        },
        {
            "x": 173.48666967640133,
            "y": 409.95170758816016,
            "z": 10.041932198361893
        },
        {
            "x": 137.98852990942302,
            "y": 221.76440327005704,
            "z": 50.99312821432855
        },
        {
            "x": 210.95564966836352,
            "y": 237.35631588080287,
            "z": 70.65390250842134
        },
        {
            "x": 227.54005811101615,
            "y": 499.999,
            "z": 75.95022866445623
        },
        {
            "x": 282.60392151887413,
            "y": 139.54268300057745,
            "z": -1.0
        },
        {
            "x": 385.9224448513957,
            "y": 109.73038215772499,
            "z": -1.0
        },
        {
            "x": 388.0902053737407,
            "y": 386.0395251685663,
            "z": -1.0
        },
        {
            "x": 215.02788118556862,
            "y": 235.90151253347025,
            "z": 66.75817658253749
        },
        {
            "x": 0.0,
            "y": 295.6513872714285,
            "z": 101.1302774542857
        },
        {
            "x": 294.8134530195923,
            "y": 303.9710953339404,
            "z": -1.0
        },
        {
            "x": 0.0,
            "y": 388.4235618650093,
            "z": 72.79298661101299
        },
        {
            "x": 281.21338841972874,
            "y": 220.69496073362987,
            "z": -1.0
        },
        {
            "x": 422.8135946248247,
            "y": 295.6022910800908,
            "z": -1.0
        },
        {
            "x": 3.2331879740011686,
            "y": 171.44548515492824,
            "z": 102.53715483724903
        },
        {
            "x": 138.50313015389656,
            "y": 69.1191433869987,
            "z": 48.65983513366467
        },
        {
            "x": 235.76492829248272,
            "y": 352.5104999346066,
            "z": 32.19328506257092
        },
        {
            "x": 148.89136611612184,
            "y": 125.35209493071376,
            "z": 42.62015998989821
        },
        {
            "x": 412.97407304897837,
            "y": 242.068638950559,
            "z": -1.0
        },
        {
            "x": 26.909101711266572,
            "y": 330.221678643443,
            "z": 78.8826429725138
        },
        {
            "x": 348.748132916098,
            "y": 221.42211087766452,
            "z": -1.0
        },
        {
            "x": 0.0,
            "y": 360.3211956373033,
            "z": 20.06423912746066
        },
        {
            "x": 22.313727672519008,
            "y": 393.82543475657974,
            "z": 79.24373025080808
        },
        {
            "x": 183.28339396054162,
            "y": 374.94997878702077,
            "z": 59.51682095090175
        },
        {
            "x": 38.78717877597418,
            "y": 144.86297683421026,
            "z": -0.924433484672275
        },
        {
            "x": 369.9866465448455,
            "y": 254.68780929609358,
            "z": -1.0
        },
        {
            "x": 114.03488393743345,
            "y": 208.5556527403113,
            "z": 5.3446279615477215
        },
        {
            "x": 131.01090938821426,
            "y": 431.61870092784005,
            "z": -1.0
        },
        {
            "x": 281.6149595062051,
            "y": 252.3766907611288,
            "z": -1.0
        },
        {
            "x": 225.99822750990026,
            "y": 191.2251041671144,
            "z": 33.19189972041099
        },
        {
            "x": 454.63562210735824,
            "y": 241.33208504657352,
            "z": -1.0
        },
        {
            "x": 405.6944887508171,
            "y": 283.7529052882178,
            "z": -1.0
        },
        {
            "x": 301.1747168407528,
            "y": 369.8687669356668,
            "z": -1.0
        },
        {
            "x": 229.24818856136778,
            "y": 372.7851596713421,
            "z": 71.56167769932499
        },
        {
            "x": 161.02395089819677,
            "y": 273.07402547148075,
            "z": 47.93840210086766
        },
        {
            "x": 42.54679712969485,
            "y": 352.20314453490255,
            "z": 26.426588334123398
        },
        {
            "x": 499.999,
            "y": 148.48758175325025,
            "z": -1.0
        },
        {
            "x": 363.70031896739573,
            "y": 190.6002350300287,
            "z": -1.0
        },
        {
            "x": 332.04337555895995,
            "y": 287.408815197819,
            "z": -1.0
        },
        {
            "x": 150.32433002638305,
            "y": 379.25524853794235,
            "z": 0.7573036100000317
        },
        {
            "x": 305.09567390152284,
            "y": 289.8980629570228,
            "z": -1.0
        },
        {
            "x": 499.999,
            "y": 266.0605994280548,
            "z": -1.0
        },
        {
            "x": 320.35830886681055,
            "y": 292.2915541646078,
            "z": -1.0
        },
        {
            "x": 186.3139913937657,
            "y": 78.83843756654903,
            "z": -1.0
        },
        {
            "x": 499.999,
            "y": 182.77102849401922,
            "z": 2.879439891626908
        },
        {
            "x": 219.4776342204246,
            "y": 225.29955529269859,
            "z": 63.39028410869594
        },
        {
            "x": 301.9940390169507,
            "y": 169.5610302074425,
            "z": -1.0
        },
        {
            "x": 287.8889503433172,
            "y": 369.93958092459707,
            "z": -1.0
        },
        {
            "x": 181.46198645170378,
            "y": 84.08924040754917,
            "z": -1.0
        },
        {
            "x": 227.23287929726735,
            "y": 390.0204096477787,
            "z": 86.43892645007185
        },
        {
            "x": 383.9249117660462,
            "y": 162.12695517214996,
            "z": -1.0
        },
        {
            "x": 191.27789180420493,
            "y": 272.22559591937886,
            "z": 127.52070548765184
        },
        {
            "x": 164.68667614014169,
            "y": 420.1066830790677,
            "z": 5.229338514681815
        },
        {
            "x": 389.70757452981064,
            "y": 63.57436485499514,
            "z": -1.0
        },
        {
            "x": 454.5795593082214,
            "y": 10.639244021069374,
            "z": 14.290978895767969
        },
        {
            "x": 113.32868916398567,
            "y": 281.0910806518964,
            "z": -1.0
        },
        {
            "x": 259.25927411379564,
            "y": 282.1609146424887,
            "z": 1.4184885540208199
        },
        {
            "x": 147.9269075798652,
            "y": 399.04273428075317,
            "z": -1.0
        },
        {
            "x": 254.1937663217558,
            "y": 227.43636811361378,
            "z": -1.0
        },
        {
            "x": 98.44132588203075,
            "y": 388.5895415588943,
            "z": -1.0
        },
        {
            "x": 191.49278982907632,
            "y": 242.9118909212558,
            "z": 100.34925691284236
        },
        {
            "x": 280.9472028049205,
            "y": 191.2719399083183,
            "z": -1.0
        },
        {
            "x": 127.19161242944655,
            "y": 312.36814302682774,
            "z": -1.0
        },
        {
            "x": 308.04616112873225,
            "y": 344.6438056383027,
            "z": -1.0
        },
        {
            "x": 69.6981783831005,
            "y": 155.34494295713867,
            "z": -1.0
        },
        {
            "x": 44.65334383393906,
            "y": 324.15242983268075,
            "z": 58.78248106850907
        },
        {
            "x": 475.95761588120456,
            "y": 165.73455194392716,
            "z": -0.16858448848279017
        },
        {
            "x": 226.59837604690884,
            "y": 206.57182334203404,
            "z": 31.193783457567235
        },
        {
            "x": 333.53152200305044,
            "y": 441.50118517483884,
            "z": -1.0
        },
        {
            "x": 353.2988045733996,
            "y": 169.00721903272947,
            "z": -1.0
        },
        {
            "x": 149.18957321355768,
            "y": 257.2518033112038,
            "z": 11.009089900181193
        },
        {
            "x": 101.75826508141037,
            "y": 163.25056868238576,
            "z": 11.123038559923476
        },
        {
            "x": 89.3910905326594,
            "y": 127.59270278269327,
            "z": 7.6097389041063295
        },
        {
            "x": 296.44473774103875,
            "y": 168.09969062015998,
            "z": -1.0
        },
        {
            "x": 478.35752859759776,
            "y": 269.75106755127996,
            "z": -1.0
        },
        {
            "x": 288.9152466248281,
            "y": 203.1951469733773,
            "z": -1.0
        },
        {
            "x": 298.3144005807977,
            "y": 62.801337845780665,
            "z": -1.0
        },
        {
            "x": 0.0,
            "y": 201.3827851824979,
            "z": 73.14835554749374
        },
        {
            "x": 438.2548270076876,
            "y": 425.5417896967185,
            "z": -1.0
        },
        {
            "x": 257.83536531936977,
            "y": 129.8745954359054,
            "z": -1.0
        },
        {
            "x": 239.39313817263985,
            "y": 147.6025490265211,
            "z": -1.0
        },
        {
            "x": 215.62349488912886,
            "y": 366.3392274835813,
            "z": 112.1262884389167
        },
        {
            "x": 292.80164544601917,
            "y": 282.83183073601685,
            "z": -1.0
        },
        {
            "x": 416.7377470420135,
            "y": 164.10143599903157,
            "z": -1.0
        },
        {
            "x": 398.0406226650924,
            "y": 197.74807323834332,
            "z": -1.0
        },
        {
            "x": 294.0379648761995,
            "y": 207.740142732858,
            "z": -1.0
        },
        {
            "x": 392.440188428478,
            "y": 167.73615853609152,
            "z": -1.0
        },
        {
            "x": 231.32672479152586,
            "y": 299.13163998542655,
            "z": 51.03345895178363
        },
        {
            "x": 278.6662628422785,
            "y": 499.999,
            "z": 33.332792431988565
        },
        {
            "x": 141.04793466762413,
            "y": 339.8273318132696,
            "z": 2.0524689131356726
        },
        {
            "x": 130.64174712493514,
            "y": 31.279592943181086,
            "z": 96.75938811987118
        },
        {
            "x": 371.99292028437674,
            "y": 320.199691350756,
            "z": -1.0
        },
        {
            "x": 134.56226899701247,
            "y": 276.8463951779059,
            "z": 13.660656595034515
        },
        {
            "x": 201.23913277504465,
            "y": 53.156673981736446,
            "z": -1.0
        },
        {
            "x": 273.8966348771761,
            "y": 177.12480089983785,
            "z": -1.0
        },
        {
            "x": 118.13817479166121,
            "y": 96.52330517821429,
            "z": 92.38703329063475
        },
        {
            "x": 156.83466297581106,
            "y": 249.37265701628172,
            "z": 83.16593712400534
        },
        {
            "x": 17.010731331774963,
            "y": 111.43721604109157,
            "z": 0.432760266904483
        },
        {
            "x": 0.0,
            "y": 112.78946457521565,
            "z": 24.421070849568707
        },
        {
            "x": 29.379767943662813,
            "y": 50.43419266640322,
            "z": -1.0
        },
        {
            "x": 0.0,
            "y": 71.02975738154558,
            "z": 29.14643671321796
        },
        {
            "x": 30.03334511485022,
            "y": 70.76492918600266,
            "z": -1.0
        },
        {
            "x": 329.9187897077362,
            "y": 0.0,
            "z": -1.0
        },
        {
            "x": 0.0,
            "y": 459.9122880271856,
            "z": 143.85966084349693
        },
        {
            "x": 76.16542394789525,
            "y": 0.0,
            "z": -1.0
        },
        {
            "x": 6.229943557056458,
            "y": 45.20533334393943,
            "z": 3.3382793404274533
        },
        {
            "x": 44.599814854528574,
            "y": 0.0,
            "z": -1.0
        },
        {
            "x": 1.6685098862018037,
            "y": 61.36228638000591,
            "z": 34.45913033568433
        },
        {
            "x": 45.94533777877149,
            "y": 50.43488944908913,
            "z": -1.0
        },
        {
            "x": 0.0,
            "y": 0.0,
            "z": -1.0
        },
        {
            "x": 0.0,
            "y": 89.67107942222458,
            "z": 34.84195523554236
        },
        {
            "x": 323.85718489331424,
            "y": 0.0,
            "z": -1.0
        },
        {
            "x": 0.0,
            "y": 0.0,
            "z": -1.0
        },
        {
            "x": 49.51061154038163,
            "y": 0.0,
            "z": -1.0
        },
        {
            "x": 0.0,
            "y": 48.650978439784524,
            "z": 8.237651744517143
        },
        {
            "x": 0.0,
            "y": 52.69461080263849,
            "z": 10.526945986807533
        },
        {
            "x": 57.11388744730701,
            "y": 28.66279696956323,
            "z": -1.0
        },
        {
            "x": 0.0,
            "y": 486.95182996479963,
            "z": 107.17109797887979
        },
        {
            "x": 58.39912703918367,
            "y": 1.4799495408255723,
            "z": -1.0
        },
        {
            "x": 6.052751305471787,
            "y": 496.0985018729757,
            "z": 84.56856958859731
        },
        {
            "x": 10.638363476530571,
            "y": 499.999,
            "z": 83.83021524887417
        },
        {
            "x": 326.46605934310594,
            "y": 0.0,
            "z": -1.0
        },
        {
            "x": 0.0,
            "y": 0.0,
            "z": -1.0
        },
        {
            "x": 0.0,
            "y": 499.999,
            "z": 87.99920000000003
        },
        {
            "x": 322.0835681404924,
            "y": 0.0,
            "z": -1.0
        },
        {
            "x": 0.0,
            "y": 49.92346710354829,
            "z": 5.1836789514841035
        },
        {
            "x": 0.0,
            "y": 499.999,
            "z": 87.99920000000003
        },
        {
            "x": 18.571123858042768,
            "y": 83.82308960943215,
            "z": -1.0
        },
        {
            "x": 0.0,
            "y": 0.0,
            "z": -1.0
        },
        {
            "x": 0.0,
            "y": 57.674171129651654,
            "z": 23.768481255463055
        },
        {
            "x": 49.20719906389641,
            "y": 64.83143943643859,
            "z": -1.0
        },
        {
            "x": 54.14073460919096,
            "y": 66.72819441206971,
            "z": -1.0
        },
        {
            "x": 31.83976271330951,
            "y": 78.56189043730402,
            "z": -1.0
        },
        {
            "x": 56.45644663491683,
            "y": 20.701247389152968,
            "z": -1.0
        },
        {
            "x": 56.93904372206438,
            "y": 1.5987483120034085,
            "z": -1.0
        },
        {
            "x": 53.09678346317148,
            "y": 0.0,
            "z": -1.0
        },
        {
            "x": 0.0,
            "y": 67.2525328633773,
            "z": 29.44037511916627
        },
        {
            "x": 0.0,
            "y": 111.36408990524839,
            "z": 27.271820189503217
        },
        {
            "x": 74.01195269284773,
            "y": 0.0,
            "z": -1.0
        },
        {
            "x": 1.7531967070259213,
            "y": 93.89325947802317,
            "z": 38.170850889978276
        },
        {
            "x": 331.55016518022956,
            "y": 0.0,
            "z": -1.0
        },
        {
            "x": 47.43300325253634,
            "y": 0.0,
            "z": -1.0
        },
        {
            "x": 49.305680910193985,
            "y": 75.06445836180353,
            "z": -1.0
        },
        {
            "x": 327.91991209663394,
            "y": 0.0,
            "z": -1.0
        },
        {
            "x": 65.93812978412271,
            "y": 0.0,
            "z": -1.0
        },
        {
            "x": 0.0,
            "y": 113.40395710233656,
            "z": 23.192085795326875
        },
        {
            "x": 0.0,
            "y": 448.02000042941074,
            "z": 155.26800145999653
        },
        {
            "x": 17.19944808406342,
            "y": 104.06028002981324,
            "z": -1.0
        },
        {
            "x": 31.199595997223526,
            "y": 53.24149756754073,
            "z": -1.0
        },
        {
            "x": 21.7855516035425,
            "y": 69.00095164752005,
            "z": -1.0
        },
        {
            "x": 0.0,
            "y": 453.4071093971445,
            "z": 147.2655938297202
        },
        {
            "x": 31.261437630859916,
            "y": 0.0,
            "z": -1.0
        },
        {
            "x": 0.0,
            "y": 0.0,
            "z": -1.0
        },
        {
            "x": 0.0,
            "y": 31.734896782288843,
            "z": 0.9590619306266945
        },
        {
            "x": 50.47170052267322,
            "y": 54.318107892246644,
            "z": -1.0
        },
        {
            "x": 54.43143009198013,
            "y": 0.0,
            "z": -1.0
        },
        {
            "x": 45.76454821003239,
            "y": 31.976722554595625,
            "z": -1.0
        },
        {
            "x": 0.0,
            "y": 115.45793581392897,
            "z": 29.175715534927857
        },
        {
            "x": 44.84023788044948,
            "y": 24.368319912747978,
            "z": -1.0
        },
        {
            "x": 37.954516855501026,
            "y": 66.56840228903829,
            "z": -1.0
        },
        {
            "x": 46.73078572975177,
            "y": 37.02951440493956,
            "z": -1.0
        },
        {
            "x": 28.11967282401767,
            "y": 66.62606853828973,
            "z": -1.0
        },
        {
            "x": 0.0,
            "y": 0.0,
            "z": -1.0
        },
        {
            "x": 11.57229147904198,
            "y": 99.92110011460761,
            "z": -0.7168539555658979
        },
        {
            "x": 0.0,
            "y": 28.345861356675897,
            "z": -1.0
        },
        {
            "x": 18.487104232124864,
            "y": 445.0017568688604,
            "z": 160.50908643118595
        },
        {
            "x": 38.262602917459446,
            "y": 11.666503681664551,
            "z": -1.0
        },
        {
            "x": 0.0,
            "y": 107.08575473586325,
            "z": 29.411339581100854
        },
        {
            "x": 47.28843647666841,
            "y": 65.66714359942205,
            "z": -1.0
        },
        {
            "x": 5.409417583075282,
            "y": 61.58720245166816,
            "z": 13.277859330043192
        },
        {
            "x": 12.733433256818017,
            "y": 62.337992653914,
            "z": -1.0
        },
        {
            "x": 52.644796348801606,
            "y": 71.52112743911803,
            "z": -1.0
        },
        {
            "x": 0.0,
            "y": 499.999,
            "z": 87.99920000000003
        },
        {
            "x": 60.38424488138301,
            "y": 13.68381373603387,
            "z": -1.0
        },
        {
            "x": 0.0,
            "y": 485.00921255166736,
            "z": 106.00552753100042
        },
        {
            "x": 20.300823884876536,
            "y": 48.70327923407751,
            "z": -1.0
        },
        {
            "x": 0.0,
            "y": 499.999,
            "z": 87.99920000000003
        },
        {
            "x": 15.851761515867139,
            "y": 97.74397107582064,
            "z": -1.0
        },
        {
            "x": 330.82214651023344,
            "y": 0.0,
            "z": -1.0
        },
        {
            "x": 19.185526061742905,
            "y": 109.65598095103246,
            "z": -1.0
        },
        {
            "x": 12.802222771014016,
            "y": 430.4288473424795,
            "z": 162.31092394623917
        },
        {
            "x": 44.25300998071404,
            "y": 76.90765054592885,
            "z": -1.0
        },
        {
            "x": 0.0,
            "y": 499.999,
            "z": 87.99920000000003
        },
        {
            "x": 0.0,
            "y": 74.43647001209033,
            "z": 23.014353978237416
        },
        {
            "x": 324.4248678782735,
            "y": 2.3267425736203506,
            "z": -1.0
        },
        {
            "x": 82.57917939839263,
            "y": 0.0,
            "z": 5.0316717593570495
        },
        {
            "x": 0.0,
            "y": 488.3632592098955,
            "z": 108.0179555259373
        },
        {
            "x": 15.174462391861056,
            "y": 474.95754913596227,
            "z": 131.47898276978535
        },
        {
            "x": 327.3327213725665,
            "y": 0.0,
            "z": -1.0
        },
        {
            "x": 55.55743618611493,
            "y": 62.36690960645183,
            "z": -1.0
        },
        {
            "x": 13.609564643062072,
            "y": 78.82812543392532,
            "z": 1.876370759868668
        },
        {
            "x": 43.18408353284917,
            "y": 43.51879349836466,
            "z": -1.0
        },
        {
            "x": 0.0,
            "y": 499.999,
            "z": 87.99920000000003
        },
        {
            "x": 42.067744545663714,
            "y": 18.96717415407153,
            "z": -1.0
        },
        {
            "x": 0.0,
            "y": 31.2624398655056,
            "z": 1.2425360806966412
        },
        {
            "x": 0.0,
            "y": 51.764346368344036,
            "z": 15.17826815827982
        },
        {
            "x": 26.91387142692355,
            "y": 0.0,
            "z": -1.0
        }
    ],
    "center": {
        "x": 254.4361129374426,
        "y": 249.73202946564285,
        "z": 0.7132485325890883
    },
    "radius": 50
}