{
    "W": 500,
    "H": 500,
    "depth": 1.0,
    "height": 10.0,
    "num_of_relays": 100,
    "num_of_sensors": 100,
    "relays": [
        {
            "x": 244.0567221519881,
            "y": 328.46210037028504,
            "z": 10.0
        },
        {
            "x": 163.4451029507477,
            "y": 243.67302536022473,
            "z": 10.0
        },
        {
            "x": 258.74731393916545,
            "y": 77.46536989793293,
            "z": 10.0
        },
        {
            "x": 328.9264119641961,
            "y": 165.95807607939642,
            "z": 10.0
        },
        {
            "x": 128.79545021272202,
            "y": 312.55895544927483,
            "z": 10.0
        },
        {
            "x": 302.8514382562449,
            "y": 22.819569262270022,
            "z": 10.0
        },
        {
            "x": 234.83024374497356,
            "y": 277.46140203248984,
            "z": 10.0
        },
        {
            "x": 324.6464496842478,
            "y": 97.84477096405979,
            "z": 10.0
        },
        {
            "x": 413.0674843364855,
            "y": 146.30547089544072,
            "z": 10.0
        },
        {
            "x": 137.0955462187482,
            "y": 284.65019301451974,
            "z": 10.0
        },
        {
            "x": 223.55308199898343,
            "y": 421.33616047936255,
            "z": 10.0
        },
        {
            "x": 158.18826569384169,
            "y": 330.30931147712386,
            "z": 10.0
        },
        {
            "x": 140.94068074719507,
            "y": 442.47216318494424,
            "z": 10.0
        },
        {
            "x": 190.75895246201264,
            "y": 196.26126036560402,
            "z": 10.0
        },
        {
            "x": 113.36258120982177,
            "y": 299.34420726226756,
            "z": 10.0
        },
        {
            "x": 430.3308553606823,
            "y": 406.7752665891704,
            "z": 10.0
        },
        {
            "x": 185.19472813855765,
            "y": 264.4004200747573,
            "z": 10.0
        },
        {
            "x": 261.6791904833509,
            "y": 474.1648593831437,
            "z": 10.0
        },
        {
            "x": 370.2470125938794,
            "y": 499.999,
            "z": 10.0
        },
        {
            "x": 286.27740491599985,
            "y": 155.95030625746185,
            "z": 10.0
        },
        {
            "x": 247.2129723503144,
            "y": 326.8703891995284,
            "z": 10.0
        },
        {
            "x": 323.6839659504268,
            "y": 484.2719944950229,
            "z": 10.0
        },
        {
            "x": 263.7312696715057,
            "y": 373.2230567931621,
            "z": 10.0
        },
        {
            "x": 0.0,
            "y": 304.243582425485,
            "z": 10.0
        },
        {
            "x": 362.5871158764395,
            "y": 393.63455910056507,
            "z": 10.0
        },
        {
            "x": 200.81432014335505,
            "y": 285.85312549068817,
            "z": 10.0
        },
        {
            "x": 96.49156823145,
            "y": 125.1054432991148,
            "z": 10.0
        },
        {
            "x": 185.82676809991563,
            "y": 243.7583011555621,
            "z": 10.0
        },
        {
            "x": 192.46011169332175,
            "y": 337.13001338996764,
            "z": 10.0
        },
        {
            "x": 359.05944996655967,
            "y": 86.98505970382587,
            "z": 10.0
        },
        {
            "x": 16.335879421097246,
            "y": 258.7363508112608,
            "z": 10.0
        },
        {
            "x": 484.2832660996893,
            "y": 363.2031450685872,
            "z": 10.0
        },
        {
            "x": 0.0,
            "y": 220.35575207303324,
            "z": 10.0
        },
        {
            "x": 234.90288540774264,
            "y": 188.03632521430163,
            "z": 10.0
        },
        {
            "x": 377.33065223617314,
            "y": 110.59669790706158,
            "z": 10.0
        },
        {
            "x": 238.8532326366553,
            "y": 335.0123201342765,
            "z": 10.0
        },
        {
            "x": 104.54271250890716,
            "y": 336.923481046663,
            "z": 10.0
        },
        {
            "x": 279.2018468774935,
            "y": 56.00570915778681,
            "z": 10.0
        },
        {
            "x": 314.67332924186303,
            "y": 381.2266110864706,
            "z": 10.0
        },
        {
            "x": 253.98544042808135,
            "y": 0.0,
            "z": 10.0
        },
        {
            "x": 154.41250646553695,
            "y": 460.2976761707266,
            "z": 10.0
        },
        {
            "x": 206.14611535493384,
            "y": 219.57725722064023,
            "z": 10.0
        },
        {
            "x": 65.09418237084162,
            "y": 195.92650384380303,
            "z": 10.0
        },
        {
            "x": 271.3432074911417,
            "y": 306.0649861934568,
            "z": 10.0
        },
        {
            "x": 226.49708542509273,
            "y": 499.999,
            "z": 10.0
        },
        {
            "x": 252.52406030175317,
            "y": 227.15756807926851,
            "z": 10.0
        },
        {
            "x": 197.34646027032755,
            "y": 276.05254744544857,
            "z": 10.0
        },
        {
            "x": 139.18044481786,
            "y": 263.8044058619734,
            "z": 10.0
        },
        {
            "x": 157.9042158521807,
            "y": 241.01951896636942,
            "z": 10.0
        },
        {
            "x": 370.5287628449218,
            "y": 209.52680139443302,
            "z": 10.0
        },
        {
            "x": 255.35323848609184,
            "y": 279.11342527431145,
            "z": 10.0
        },
        {
            "x": 450.58885997101345,
            "y": 224.1843718627728,
            "z": 10.0
        },
        {
            "x": 275.01847401635723,
            "y": 353.3181996595431,
            "z": 10.0
        },
        {
            "x": 301.9068320026119,
            "y": 336.0067621110676,
            "z": 10.0
        },
        {
            "x": 86.91917916256472,
            "y": 136.2123101518447,
            "z": 10.0
        },
        {
            "x": 194.32661431286328,
            "y": 252.20653218784068,
            "z": 10.0
        },
        {
            "x": 206.53419500139495,
            "y": 385.5565532833275,
            "z": 10.0
        },
        {
            "x": 184.31312765118543,
            "y": 318.2991837600854,
            "z": 10.0
        },
        {
            "x": 345.6060175751106,
            "y": 239.20643817996407,
            "z": 10.0
        },
        {
            "x": 188.05562342634704,
            "y": 403.5711285123059,
            "z": 10.0
        },
        {
            "x": 213.3884549720747,
            "y": 409.3396872893733,
            "z": 10.0
        },
        {
            "x": 246.03900940219748,
            "y": 272.7257233955703,
            "z": 10.0
        },
        {
            "x": 470.1192827161612,
            "y": 337.796599684261,
            "z": 10.0
        },
        {
            "x": 144.67768149720507,
            "y": 0.0,
            "z": 10.0
        },
        {
            "x": 318.3925676339019,
            "y": 250.59445874481716,
            "z": 10.0
        },
        {
            "x": 227.07748687060283,
            "y": 314.78655381102084,
            "z": 10.0
        },
        {
            "x": 151.3282674558942,
            "y": 207.48876697678472,
            "z": 10.0
        },
        {
            "x": 209.99844537424246,
            "y": 361.47119516552897,
            "z": 10.0
        },
        {
            "x": 139.06491803745882,
            "y": 307.36177716787125,
            "z": 10.0
        },
        {
            "x": 487.64042999164656,
            "y": 293.69044915062887,
            "z": 10.0
        },
        {
            "x": 274.0891473159024,
            "y": 370.9519258047497,
            "z": 10.0
        },
        {
            "x": 89.12317309705526,
            "y": 180.42735068222356,
            "z": 10.0
        },
        {
            "x": 211.7099888367102,
            "y": 309.26680887786705,
            "z": 10.0
        },
        {
            "x": 236.84378267689496,
            "y": 252.92241231947895,
            "z": 10.0
        },
        {
            "x": 83.29128078702962,
            "y": 247.64139551401726,
            "z": 10.0
        },
        {
            "x": 286.5286719209375,
            "y": 277.5157043914671,
            "z": 10.0
        },
        {
            "x": 275.38698950976976,
            "y": 188.65417153165853,
            "z": 10.0
        },
        {
            "x": 212.2286303604417,
            "y": 236.61290708833326,
            "z": 10.0
        },
        {
            "x": 158.78447199448937,
            "y": 416.9677771470027,
            "z": 10.0
        },
        {
            "x": 107.54914200599453,
            "y": 405.08685937589615,
            "z": 10.0
        },
        {
            "x": 87.96914532786033,
            "y": 390.56243110723966,
            "z": 10.0
        },
        {
            "x": 269.33815579879683,
            "y": 167.02005774283708,
            "z": 10.0
        },
        {
            "x": 307.2457741027865,
            "y": 153.58473610894674,
            "z": 10.0
        },
        {
            "x": 262.3566667312215,
            "y": 171.51668921014348,
            "z": 10.0
        },
        {
            "x": 499.999,
            "y": 499.999,
            "z": 10.0
        },
        {
            "x": 291.3387985759921,
            "y": 324.3421124159259,
            "z": 10.0
        },
        {
            "x": 262.0466827825726,
            "y": 85.28147868950776,
            "z": 10.0
        },
        {
            "x": 284.31063360370086,
            "y": 182.2728468353847,
            "z": 10.0
        },
        {
            "x": 325.1610077931535,
            "y": 148.26902541205078,
            "z": 10.0
        },
        {
            "x": 423.83647652107436,
            "y": 248.92441960001054,
            "z": 10.0
        },
        {
            "x": 428.90734995632306,
            "y": 325.47765155367165,
            "z": 10.0
        },
        {
            "x": 306.59195958098474,
            "y": 499.999,
            "z": 10.0
        },
        {
            "x": 85.89969181885138,
            "y": 72.48498380440708,
            "z": 10.0
        },
        {
            "x": 238.18996347115188,
            "y": 413.9111293299968,
            "z": 10.0
        },
        {
            "x": 311.9005745710488,
            "y": 206.58735450826381,
            "z": 10.0
        },
        {
            "x": 274.13710797601703,
            "y": 153.6916538669156,
            "z": 10.0
        },
        {
            "x": 341.3238847470946,
            "y": 331.8989089906677,
            "z": 10.0
        },
        {
            "x": 365.15013896099344,
            "y": 293.8271109049021,
            "z": 10.0
        },
        {
            "x": 128.5353152677482,
            "y": 47.928449607270494,
            "z": 10.0
        },
        {
            "x": 268.2389919446876,
            "y": 286.5889275614149,
            "z": 10.0
        }
    ],
    "sensors": [
        {
            "x": 198.94755635263454,
            "y": 275.8924109223153,
            "z": -1.0
        },
        {
            "x": 319.9913527630575,
            "y": 397.63818503918947,
            "z": -1.0
        },
        {
            "x": 263.4948497937333,
            "y": 180.946460414937,
            "z": -1.0
        },
        {
            "x": 297.3291192933602,
            "y": 499.999,
            "z": -1.0
        },
        {
            "x": 499.4809801573265,
            "y": 465.9028062665062,
            "z": -1.0
        },
        {
            "x": 340.11354027668597,
            "y": 139.03100159855092,
            "z": -1.0
        },
        {
            "x": 283.9401963185343,
            "y": 42.35697358190481,
            "z": -1.0
        },
        {
            "x": 349.32778587950924,
            "y": 21.52211148841431,
            "z": -1.0
        },
        {
            "x": 139.5731172635211,
            "y": 53.46473742605937,
            "z": -1.0
        },
        {
            "x": 422.4482667723502,
            "y": 322.0943967641444,
            "z": -1.0
        },
        {
            "x": 473.290795522405,
            "y": 223.60267647410217,
            "z": -1.0
        },
        {
            "x": 126.2722802239224,
            "y": 88.47127705433027,
            "z": -1.0
        },
        {
            "x": 190.71874842406382,
            "y": 131.70640073793595,
            "z": -1.0
        },
        {
            "x": 320.1646029250784,
            "y": 329.32073314011103,
            "z": -1.0
        },
        {
            "x": 283.23199769842125,
            "y": 352.27587075592476,
            "z": -1.0
        },
        {
            "x": 94.51983347780865,
            "y": 434.5874257904041,
            "z": -1.0
        },
        {
            "x": 333.2198695271783,
            "y": 273.6916246895289,
            "z": -1.0
        },
        {
            "x": 0.0,
            "y": 167.43909927779055,
            "z": -1.0
        },
        {
            "x": 260.1683354335078,
            "y": 389.05019274380686,
            "z": -1.0
        },
        {
            "x": 349.00061706941256,
            "y": 0.0,
            "z": -1.0
        },
        {
            "x": 257.9040534376861,
            "y": 499.999,
            "z": -1.0
        },
        {
            "x": 247.8651820604876,
            "y": 483.46998222961497,
            "z": -1.0
        },
        {
            "x": 312.75584774361,
            "y": 203.58187104736845,
            "z": -1.0
        },
        {
            "x": 368.14398151494055,
            "y": 210.83056703172548,
            "z": -1.0
        },
        {
            "x": 271.14508429699725,
            "y": 287.4055990628929,
            "z": -1.0
        },
        {
            "x": 0.0,
            "y": 178.27455464644896,
            "z": -1.0
        },
        {
            "x": 119.22199561939667,
            "y": 499.999,
            "z": -1.0
        },
        {
            "x": 356.9106586424875,
            "y": 449.6945631845914,
            "z": -1.0
        },
        {
            "x": 359.37696264360443,
            "y": 68.24168653888765,
            "z": -1.0
        },
        {
            "x": 46.12232197668462,
            "y": 164.75608938738648,
            "z": -1.0
        },
        {
            "x": 100.17875850887452,
            "y": 73.53620856119679,
            "z": -1.0
        },
        {
            "x": 145.0278069545054,
            "y": 185.1788068119556,
            "z": -1.0
        },
        {
            "x": 457.50257371417797,
            "y": 131.51808181358285,
            "z": -1.0
        },
        {
            "x": 278.90293273739235,
            "y": 30.396704358211565,
            "z": -1.0
        },
        {
            "x": 336.2422933192123,
            "y": 391.1316482845291,
            "z": -1.0
        },
        {
            "x": 281.1441561627889,
            "y": 389.6573877962953,
            "z": -1.0
        },
        {
            "x": 84.8184096578288,
            "y": 59.04240628770796,
            "z": -1.0
        },
        {
            "x": 235.68963311928005,
            "y": 243.46823736590383,
            "z": -1.0
        },
        {
            "x": 326.4212144341302,
            "y": 226.40624765691496,
            "z": -1.0
        },
        {
            "x": 388.6724879390287,
            "y": 279.53870150412683,
            "z": -1.0
        },
        {
            "x": 339.72278722974926,
            "y": 403.49594032961994,
            "z": -1.0
        },
        {
            "x": 235.96023057479366,
            "y": 119.14084641621264,
            "z": -1.0
        },
        {
            "x": 262.6135306618243,
            "y": 493.5424783889967,
            "z": -1.0
        },
        {
            "x": 229.04666385537277,
            "y": 155.43545537853265,
            "z": -1.0
        },
        {
            "x": 325.15538124053745,
            "y": 88.39539026384085,
            "z": -1.0
        },
        {
            "x": 450.8077767210975,
            "y": 233.7405119371247,
            "z": -1.0
        },
        {
            "x": 404.5420234932867,
            "y": 427.87899281806654,
            "z": -1.0
        },
        {
            "x": 131.1915789792169,
            "y": 320.5587117783422,
            "z": -1.0
        },
        {
            "x": 175.37408110696123,
            "y": 226.8139788280906,
            "z": -1.0
        },
        {
            "x": 367.1044071615775,
            "y": 95.01265956707604,
            "z": -1.0
        },
        {
            "x": 276.53057371943805,
            "y": 58.63068471892569,
            "z": -1.0
        },
        {
            "x": 125.01370367253968,
            "y": 0.0,
            "z": -1.0
        },
        {
            "x": 251.5548557139852,
            "y": 178.8009685812719,
            "z": -1.0
        },
        {
            "x": 246.6429600484535,
            "y": 134.49634131379162,
            "z": -1.0
        },
        {
            "x": 149.78029990346494,
            "y": 283.8146628354787,
            "z": -1.0
        },
        {
            "x": 180.96970990777723,
            "y": 181.09054741409153,
            "z": -1.0
        },
        {
            "x": 279.65872537106395,
            "y": 84.21867741342004,
            "z": -1.0
        },
        {
            "x": 229.8971706046607,
            "y": 184.18408380799474,
            "z": -1.0
        },
        {
            "x": 414.4347082545406,
            "y": 334.6345641531777,
            "z": -1.0
        },
        {
            "x": 102.14370310085445,
            "y": 189.53179340998526,
            "z": -1.0
        },
        {
            "x": 494.50858044576336,
            "y": 464.99700428362655,
            "z": -1.0
        },
        {
            "x": 224.05007314050266,
            "y": 127.01231376824957,
            "z": -1.0
        },
        {
            "x": 312.2495535917972,
            "y": 322.4503909447975,
            "z": -1.0
        },
        {
            "x": 330.1751662593534,
            "y": 404.62961312262354,
            "z": -1.0
        },
        {
            "x": 332.2442796424118,
            "y": 361.2027780560885,
            "z": -1.0
        },
        {
            "x": 179.54876319130886,
            "y": 166.39079960756925,
            "z": -1.0
        },
        {
            "x": 109.54528053689376,
            "y": 483.66325632035546,
            "z": -1.0
        },
        {
            "x": 254.2698265305402,
            "y": 391.30282840705723,
            "z": -1.0
        },
        {
            "x": 454.8576539285077,
            "y": 213.2544935844394,
            "z": -1.0
        },
        {
            "x": 205.73123692960536,
            "y": 329.7979289014752,
            "z": -1.0
        },
        {
            "x": 186.9639168386282,
            "y": 115.95940676062537,
            "z": -1.0
        },
        {
            "x": 245.08832156034703,
            "y": 98.85842071976538,
            "z": -1.0
        },
        {
            "x": 172.12988698577254,
            "y": 339.49665015050675,
            "z": -1.0
        },
        {
            "x": 432.753223361913,
            "y": 354.86055852108154,
            "z": -1.0
        },
        {
            "x": 140.4387615257038,
            "y": 167.20417706335672,
            "z": -1.0
        },
        {
            "x": 270.4384516790905,
            "y": 189.14601304440887,
            "z": -1.0
        },
        {
            "x": 307.9416793972143,
            "y": 157.97821527013184,
            "z": -1.0
        },
        {
            "x": 284.1215567598822,
            "y": 151.59258873345044,
            "z": -1.0
        },
        {
            "x": 496.30118801886863,
            "y": 389.39529196042474,
            "z": -1.0
        },
        {
            "x": 392.73167972144313,
            "y": 323.1093046548995,
            "z": -1.0
        },
        {
            "x": 293.07218337752283,
            "y": 499.999,
            "z": -1.0
        },
        {
            "x": 374.7672141100735,
            "y": 244.91287812461147,
            "z": -1.0
        },
        {
            "x": 205.56444998193655,
            "y": 394.694914749845,
            "z": -1.0
        },
        {
            "x": 251.46550419299282,
            "y": 469.5948814366118,
            "z": -1.0
        },
        {
            "x": 334.31694587848284,
            "y": 352.5043165757275,
            "z": -1.0
        },
        {
            "x": 269.82855375256196,
            "y": 255.0383519125004,
            "z": -1.0
        },
        {
            "x": 214.13763739361585,
            "y": 195.72091422561368,
            "z": -1.0
        },
        {
            "x": 355.4852040916776,
            "y": 499.999,
            "z": -1.0
        },
        {
            "x": 412.32844687567365,
            "y": 261.8943631023863,
            "z": -1.0
        },
        {
            "x": 437.6832183810337,
            "y": 88.73151824873077,
            "z": -1.0
        },
        {
            "x": 143.90226837414144,
            "y": 283.9810909018386,
            "z": -1.0
        },
        {
            "x": 168.93036573279952,
            "y": 344.67906772972844,
            "z": -1.0
        },
        {
            "x": 193.26993924418338,
            "y": 289.6288102960436,
            "z": -1.0
        },
        {
            "x": 286.82345384872406,
            "y": 209.92473095099928,
            "z": -1.0
        },
        {
            "x": 60.60519128552724,
            "y": 224.6668646687992,
            "z": -1.0
        },
        {
            "x": 149.08085065095426,
            "y": 240.84018348895856,
            "z": -1.0
        },
        {
            "x": 128.22241580866108,
            "y": 209.5861180013402,
            "z": -1.0
        },
        {
            "x": 300.8354042889333,
            "y": 401.3965572072368,
            "z": -1.0
        },
        {
            "x": 316.8007659149496,
            "y": 256.1834521432259,
            "z": -1.0
        },
        {
            "x": 187.51166445126535,
            "y": 312.7249115620792,
            "z": -1.0
        }
    ],
    "center": {
        "x": 254.38227938675857,
        "y": 263.79748721884977,
        "z": 0.0
    },
    "radius": 50
}