{
    "W": 500,
    "H": 500,
    "depth": 1.0,
    "height": 10.0,
    "num_of_relays": 100,
    "num_of_sensors": 200,
    "relays": [
        {
            "x": 118.68263085406217,
            "y": 330.78968535937895,
            "z": 10.0
        },
        {
            "x": 150.60180331018114,
            "y": 311.9453179610517,
            "z": 18.97202055696052
        },
        {
            "x": 143.76817897911616,
            "y": 327.11414858055264,
            "z": 12.003829183977686
        },
        {
            "x": 161.31374602971727,
            "y": 380.7001163959557,
            "z": 17.140023279191144
        },
        {
            "x": 156.13131291043146,
            "y": 317.84007617321754,
            "z": 30.9418606038119
        },
        {
            "x": 136.55310444269193,
            "y": 389.0826510522378,
            "z": 10.0
        },
        {
            "x": 143.21339698211966,
            "y": 333.827732326173,
            "z": 13.062185860938417
        },
        {
            "x": 130.55023664011412,
            "y": 312.3398428323115,
            "z": 10.0
        },
        {
            "x": 95.09822351311526,
            "y": 359.09805808023896,
            "z": 10.0
        },
        {
            "x": 109.6230807428818,
            "y": 334.4711082683234,
            "z": 10.0
        },
        {
            "x": 151.492643095127,
            "y": 357.30535718384124,
            "z": 17.139300237298414
        },
        {
            "x": 100.63877525872216,
            "y": 345.5564544449668,
            "z": 10.0
        },
        {
            "x": 140.43189012234137,
            "y": 362.97065471318894,
            "z": 10.0
        },
        {
            "x": 149.3472057201179,
            "y": 336.35907024601835,
            "z": 13.09842499073298
        },
        {
            "x": 123.25253360146709,
            "y": 347.7904692011357,
            "z": 10.0
        },
        {
            "x": 112.90786101680366,
            "y": 370.4029899487558,
            "z": 10.0
        },
        {
            "x": 167.85394163108097,
            "y": 376.7166889189243,
            "z": 18.09875597076971
        },
        {
            "x": 159.52529228401306,
            "y": 381.96914621101996,
            "z": 17.318416821864595
        },
        {
            "x": 104.51262818415752,
            "y": 360.09959278334486,
            "z": 10.0
        },
        {
            "x": 97.63135350843876,
            "y": 367.7092018618999,
            "z": 10.0
        },
        {
            "x": 167.86194065843014,
            "y": 364.09020157764525,
            "z": 34.95265532859577
        },
        {
            "x": 142.2778022978866,
            "y": 362.3164438635406,
            "z": 10.0
        },
        {
            "x": 137.3711663719545,
            "y": 370.4737708857469,
            "z": 10.0
        },
        {
            "x": 129.00322235736382,
            "y": 311.0153363924362,
            "z": 10.0
        },
        {
            "x": 148.35893907705022,
            "y": 387.4024279111265,
            "z": 10.0
        },
        {
            "x": 142.23362191947757,
            "y": 381.83305318808675,
            "z": 10.0
        },
        {
            "x": 113.62707708057712,
            "y": 337.94460102695894,
            "z": 10.0
        },
        {
            "x": 97.33429018269213,
            "y": 342.2376403462196,
            "z": 10.0
        },
        {
            "x": 152.0612988815957,
            "y": 355.2169014997598,
            "z": 16.254628652823385
        },
        {
            "x": 152.73916007716187,
            "y": 329.25426565537407,
            "z": 21.827978696341017
        },
        {
            "x": 116.90199843093858,
            "y": 355.06359156677485,
            "z": 10.0
        },
        {
            "x": 148.51015432456498,
            "y": 386.0363326604697,
            "z": 10.0
        },
        {
            "x": 133.30841574832954,
            "y": 383.584021718871,
            "z": 10.0
        },
        {
            "x": 113.25875522944517,
            "y": 327.8521128007874,
            "z": 10.0
        },
        {
            "x": 103.73518662021836,
            "y": 344.02044321820557,
            "z": 10.0
        },
        {
            "x": 163.19174783904683,
            "y": 390.3651986278857,
            "z": 22.095906378204123
        },
        {
            "x": 152.66487967262754,
            "y": 382.0735391888659,
            "z": 12.349270000280582
        },
        {
            "x": 127.73368809380287,
            "y": 306.8881477396332,
            "z": 10.0
        },
        {
            "x": 136.4364834203892,
            "y": 328.1444103533097,
            "z": 10.0
        },
        {
            "x": 151.79540772454402,
            "y": 323.49881190385344,
            "z": 24.498811903853436
        },
        {
            "x": 135.524173387917,
            "y": 388.8369128237863,
            "z": 10.0
        },
        {
            "x": 131.48853279329398,
            "y": 322.08560404767286,
            "z": 10.0
        },
        {
            "x": 113.98401946616794,
            "y": 386.9849991138287,
            "z": 10.0
        },
        {
            "x": 111.64008985248574,
            "y": 379.7964301490323,
            "z": 10.0
        },
        {
            "x": 157.90714685648837,
            "y": 326.02943672905957,
            "z": 25.391844705183015
        },
        {
            "x": 151.01618096326786,
            "y": 347.5403253021335,
            "z": 18.169311417564895
        },
        {
            "x": 111.63307633596692,
            "y": 387.1936946554085,
            "z": 10.0
        },
        {
            "x": 138.64419604061885,
            "y": 314.48839060486307,
            "z": 10.0
        },
        {
            "x": 173.50565535549646,
            "y": 385.38480143270436,
            "z": 17.830165084274682
        },
        {
            "x": 150.2578211981097,
            "y": 341.772110692621,
            "z": 19.272880214873407
        },
        {
            "x": 165.96404555627703,
            "y": 383.0658175638184,
            "z": 17.505059999186525
        },
        {
            "x": 139.3338167737178,
            "y": 304.9760601956939,
            "z": 10.0
        },
        {
            "x": 119.34313089810361,
            "y": 328.7067505946809,
            "z": 10.0
        },
        {
            "x": 123.90161812061746,
            "y": 367.57349255122006,
            "z": 10.0
        },
        {
            "x": 133.3941261846955,
            "y": 337.50602824165344,
            "z": 10.0
        },
        {
            "x": 143.921459168725,
            "y": 329.34851177697055,
            "z": 14.0416151223856
        },
        {
            "x": 157.3925662662905,
            "y": 320.9181113283487,
            "z": 27.636818610553156
        },
        {
            "x": 108.13061466065061,
            "y": 358.52046803436093,
            "z": 10.0
        },
        {
            "x": 122.83636809510202,
            "y": 393.02864770343,
            "z": 10.0
        },
        {
            "x": 120.6427943665968,
            "y": 307.8228595514172,
            "z": 10.0
        },
        {
            "x": 107.59999508997625,
            "y": 336.85550248744073,
            "z": 10.0
        },
        {
            "x": 146.8975408991437,
            "y": 341.5876421629202,
            "z": 13.17528432584038
        },
        {
            "x": 102.76029161050843,
            "y": 343.2522480990739,
            "z": 10.0
        },
        {
            "x": 160.6380091910008,
            "y": 360.6723577480217,
            "z": 16.245181988659326
        },
        {
            "x": 152.06120258667605,
            "y": 356.65785743496065,
            "z": 16.780464854984192
        },
        {
            "x": 140.86719457570683,
            "y": 334.46430607013144,
            "z": 13.571444856105154
        },
        {
            "x": 153.71882112371478,
            "y": 312.4293009328981,
            "z": 20.097883397640295
        },
        {
            "x": 119.75899389815552,
            "y": 353.9883335069036,
            "z": 10.0
        },
        {
            "x": 111.227258504769,
            "y": 380.44935501551,
            "z": 10.0
        },
        {
            "x": 130.14689056690204,
            "y": 340.8286107115297,
            "z": 10.0
        },
        {
            "x": 118.17099083179033,
            "y": 330.334760156542,
            "z": 10.0
        },
        {
            "x": 165.7582457501115,
            "y": 389.8314435544619,
            "z": 18.010224576678656
        },
        {
            "x": 153.55453995008784,
            "y": 391.3021407413877,
            "z": 12.604281482775377
        },
        {
            "x": 120.72532926230612,
            "y": 386.68845543216145,
            "z": 10.0
        },
        {
            "x": 137.54607806969582,
            "y": 360.83014574503574,
            "z": 10.0
        },
        {
            "x": 146.56747264314956,
            "y": 329.19146085551967,
            "z": 19.67548510756037
        },
        {
            "x": 146.9816681026812,
            "y": 398.4233115545816,
            "z": 10.0
        },
        {
            "x": 150.76585999704278,
            "y": 365.16542775800684,
            "z": 10.499789528335008
        },
        {
            "x": 165.8013024623271,
            "y": 361.0920036709855,
            "z": 26.528828435479664
        },
        {
            "x": 114.86274046657363,
            "y": 356.1748440838151,
            "z": 10.0
        },
        {
            "x": 102.87826888181428,
            "y": 329.3399018001035,
            "z": 10.0
        },
        {
            "x": 127.92855095517058,
            "y": 336.60256113408104,
            "z": 10.0
        },
        {
            "x": 130.57810228289551,
            "y": 384.12510572924066,
            "z": 10.0
        },
        {
            "x": 157.8309129869111,
            "y": 349.265128685402,
            "z": 20.872878309890204
        },
        {
            "x": 107.99158672963283,
            "y": 326.18525342131403,
            "z": 10.0
        },
        {
            "x": 145.9719705504652,
            "y": 319.65413716901395,
            "z": 20.194394110093036
        },
        {
            "x": 109.8391738546155,
            "y": 349.5814841024339,
            "z": 10.0
        },
        {
            "x": 173.0386258890815,
            "y": 365.86173003471384,
            "z": 34.104528026438715
        },
        {
            "x": 131.995000451975,
            "y": 348.8589667285274,
            "z": 10.0
        },
        {
            "x": 169.6264852759383,
            "y": 358.84219943190186,
            "z": 38.38749378938587
        },
        {
            "x": 116.37611750798693,
            "y": 352.01183579909537,
            "z": 10.0
        },
        {
            "x": 166.78465473918897,
            "y": 362.60652859164463,
            "z": 31.089735228110605
        },
        {
            "x": 119.86786405347749,
            "y": 311.3350916736916,
            "z": 10.0
        },
        {
            "x": 123.33500384875312,
            "y": 394.8716681564909,
            "z": 10.0
        },
        {
            "x": 137.38733634699418,
            "y": 322.97644455522465,
            "z": 10.0
        },
        {
            "x": 129.59953665848604,
            "y": 395.8686428295311,
            "z": 10.0
        },
        {
            "x": 122.3750263233826,
            "y": 377.3581501846918,
            "z": 10.0
        },
        {
            "x": 140.0291392873665,
            "y": 362.04486564451116,
            "z": 10.0
        },
        {
            "x": 151.17725092525941,
            "y": 363.3208567911996,
            "z": 16.28440095707161
        },
        {
            "x": 154.93166054545037,
            "y": 394.5431324985949,
            "z": 19.0862649971898
        }
    ],
    "sensors": [
        {
            "x": 61.57068185112302,
            "y": 377.42625240307,
            "z": -1.0
        },
        {
            "x": 53.83832173964026,
            "y": 338.9040988979443,
            "z": 32.93230507355075
        },
        {
            "x": 68.55438839801431,
            "y": 412.15192104395334,
            "z": 10.715833628672074
        },
        {
            "x": 186.09016966954988,
            "y": 433.7396049792875,
            "z": 6.224659454682942
        },
        {
            "x": 81.10372793507531,
            "y": 386.637977422886,
            "z": -0.7107389698140842
        },
        {
            "x": 63.51676489530394,
            "y": 355.63612086616695,
            "z": -1.0
        },
        {
            "x": 141.28943041815094,
            "y": 325.28300498683217,
            "z": -0.6475828470561413
        },
        {
            "x": 185.26819208087915,
            "y": 420.4470212913175,
            "z": 6.277803780415774
        },
        {
            "x": 101.89450614742867,
            "y": 347.04455288166116,
            "z": -1.0
        },
        {
            "x": 142.28307597547325,
            "y": 283.3502944682621,
            "z": 7.7226697886082825
        },
        {
            "x": 175.225930644548,
            "y": 414.5098838302885,
            "z": 4.799574571899608
        },
        {
            "x": 99.15917668172686,
            "y": 408.8470725683432,
            "z": 3.1484662557805008
        },
        {
            "x": 102.22312531902739,
            "y": 329.49222207890216,
            "z": -1.0
        },
        {
            "x": 85.61662136047765,
            "y": 364.00818263517795,
            "z": -1.0
        },
        {
            "x": 155.6787836833004,
            "y": 366.83796000546045,
            "z": 5.55325182824278
        },
        {
            "x": 133.09647816107767,
            "y": 362.1478240694793,
            "z": -1.0
        },
        {
            "x": 105.49969992862972,
            "y": 330.92679587717004,
            "z": -1.0
        },
        {
            "x": 144.5449671524901,
            "y": 257.70795956663665,
            "z": 5.402130119662791
        },
        {
            "x": 185.53445495249875,
            "y": 395.93546284206434,
            "z": 23.884574169702802
        },
        {
            "x": 153.10158495923136,
            "y": 430.9056576670135,
            "z": -1.0
        },
        {
            "x": 58.45414439483143,
            "y": 333.98599018677737,
            "z": 24.268735085492352
        },
        {
            "x": 89.73880141456814,
            "y": 346.35168110660044,
            "z": -1.0
        },
        {
            "x": 109.68890286304483,
            "y": 358.1504699570198,
            "z": -1.0
        },
        {
            "x": 55.7794161391505,
            "y": 357.9947984297196,
            "z": 1.7081988432881787
        },
        {
            "x": 208.85572972156135,
            "y": 415.36934705551363,
            "z": 35.20711658854907
        },
        {
            "x": 108.1248706596073,
            "y": 381.8178200641021,
            "z": -1.0
        },
        {
            "x": 109.79420014749513,
            "y": 418.80983246065836,
            "z": -1.0
        },
        {
            "x": 92.44600121270902,
            "y": 412.0580539049528,
            "z": 23.9539008242985
        },
        {
            "x": 83.99489845645303,
            "y": 334.9564975480319,
            "z": -1.0
        },
        {
            "x": 102.2288717828308,
            "y": 280.7915353845527,
            "z": -1.0
        },
        {
            "x": 109.7190234788285,
            "y": 377.8792201650491,
            "z": -1.0
        },
        {
            "x": 77.47394320178513,
            "y": 385.33357012320954,
            "z": -1.0
        },
        {
            "x": 112.05398297471419,
            "y": 345.40833531646587,
            "z": -1.0
        },
        {
            "x": 178.67310430039214,
            "y": 413.17430971111895,
            "z": 7.418638814414125
        },
        {
            "x": 160.94419012217776,
            "y": 383.12542786508305,
            "z": 6.625085573016611
        },
        {
            "x": 129.66721128485347,
            "y": 302.62495722417543,
            "z": -1.0
        },
        {
            "x": 59.44886964540119,
            "y": 323.8579835097013,
            "z": 24.54131904088604
        },
        {
            "x": 69.1255893146997,
            "y": 326.5230000203393,
            "z": 0.7213608755959182
        },
        {
            "x": 85.07957480628974,
            "y": 360.51757004728205,
            "z": -1.0
        },
        {
            "x": 83.19420175923858,
            "y": 342.97394385502145,
            "z": -1.0
        },
        {
            "x": 116.49586723725852,
            "y": 344.3188264182728,
            "z": -1.0
        },
        {
            "x": 149.39985727219235,
            "y": 425.20572729353773,
            "z": -1.0
        },
        {
            "x": 141.762005219793,
            "y": 317.0798176713405,
            "z": 3.3062213264057725
        },
        {
            "x": 158.61681620080353,
            "y": 417.8066099252963,
            "z": 3.1800112901273714
        },
        {
            "x": 149.32884022216535,
            "y": 278.7583065264114,
            "z": 8.650764338350248
        },
        {
            "x": 196.29630832813632,
            "y": 397.29535939148644,
            "z": 46.92614034277292
        },
        {
            "x": 135.89139436784143,
            "y": 262.4747100889394,
            "z": 6.000000000000001
        },
        {
            "x": 95.74049767745896,
            "y": 421.9387522332147,
            "z": 16.34680281075576
        },
        {
            "x": 116.52666797504064,
            "y": 390.40500317400654,
            "z": -1.0
        },
        {
            "x": 100.81373580901747,
            "y": 291.2532741103062,
            "z": -1.0
        },
        {
            "x": 134.96097761916857,
            "y": 260.9754363114346,
            "z": 4.396456446851253
        },
        {
            "x": 135.1507857227402,
            "y": 364.0296036429823,
            "z": -1.0
        },
        {
            "x": 107.22348819802369,
            "y": 327.94383620319365,
            "z": -1.0
        },
        {
            "x": 135.2461394762473,
            "y": 284.2301305108409,
            "z": 9.232231437905561
        },
        {
            "x": 149.64799695992477,
            "y": 357.06672658560507,
            "z": 1.1249261088960507
        },
        {
            "x": 68.96668486456365,
            "y": 344.83956498399607,
            "z": -0.9602128167301996
        },
        {
            "x": 95.98440555135673,
            "y": 277.475630971586,
            "z": -1.0
        },
        {
            "x": 74.29387120000136,
            "y": 418.7216011591043,
            "z": 12.198934988129492
        },
        {
            "x": 113.33826832461064,
            "y": 372.2677617883925,
            "z": -1.0
        },
        {
            "x": 64.40746700247196,
            "y": 362.4153237050767,
            "z": -1.0
        },
        {
            "x": 52.08904727419883,
            "y": 366.01434894507497,
            "z": 8.101480859723019
        },
        {
            "x": 61.48634467249459,
            "y": 400.8362415647407,
            "z": 12.959282430913797
        },
        {
            "x": 98.7916867861422,
            "y": 293.51216130552456,
            "z": -1.0
        },
        {
            "x": 65.81704009553413,
            "y": 318.221507600222,
            "z": -1.0
        },
        {
            "x": 145.056206675392,
            "y": 430.30150108585445,
            "z": -1.0
        },
        {
            "x": 96.72087156612186,
            "y": 311.469925487124,
            "z": -1.0
        },
        {
            "x": 109.54149025291137,
            "y": 319.1667180865582,
            "z": -1.0
        },
        {
            "x": 128.9149806698457,
            "y": 358.9725776398997,
            "z": -1.0
        },
        {
            "x": 114.02026385209335,
            "y": 280.45742152652565,
            "z": -1.0
        },
        {
            "x": 115.70680947461464,
            "y": 343.6273966221809,
            "z": -1.0
        },
        {
            "x": 169.58385617397786,
            "y": 290.6098291085885,
            "z": 64.75640962529974
        },
        {
            "x": 186.8714719863207,
            "y": 416.0205768812475,
            "z": 6.740062263272358
        },
        {
            "x": 80.15352765743432,
            "y": 402.62336147560166,
            "z": 13.534275184879743
        },
        {
            "x": 111.43371351916164,
            "y": 362.62943319784165,
            "z": -1.0
        },
        {
            "x": 145.30578140048732,
            "y": 410.69637993156095,
            "z": -1.0
        },
        {
            "x": 173.90739289815676,
            "y": 368.3301475026396,
            "z": 29.36325009191666
        },
        {
            "x": 68.24744097836438,
            "y": 319.3231804199656,
            "z": -1.0
        },
        {
            "x": 85.70548544286127,
            "y": 302.01442160449403,
            "z": -1.0
        },
        {
            "x": 106.83567158723095,
            "y": 273.98524337357253,
            "z": -1.0
        },
        {
            "x": 121.27620777297577,
            "y": 440.73921292446505,
            "z": -1.0
        },
        {
            "x": 78.82661627091558,
            "y": 406.8207428225886,
            "z": 5.442617271194374
        },
        {
            "x": 185.20548549074346,
            "y": 391.1512693158498,
            "z": 39.62602314337666
        },
        {
            "x": 85.88618367904233,
            "y": 325.89225349344736,
            "z": -1.0
        },
        {
            "x": 133.3732942835355,
            "y": 313.11731706286406,
            "z": -1.0
        },
        {
            "x": 193.11505883016815,
            "y": 417.30945269676243,
            "z": 14.336801453251091
        },
        {
            "x": 132.09494603635775,
            "y": 276.19173072033266,
            "z": 11.460686205404514
        },
        {
            "x": 82.21481429845473,
            "y": 376.58974596383337,
            "z": -1.0
        },
        {
            "x": 73.31409274813777,
            "y": 333.9923253009328,
            "z": -1.0
        },
        {
            "x": 140.39017843757912,
            "y": 399.9133240902372,
            "z": -1.0
        },
        {
            "x": 92.1144098170793,
            "y": 284.07205800246345,
            "z": -1.0
        },
        {
            "x": 113.82337980017815,
            "y": 332.0138908873924,
            "z": -1.0
        },
        {
            "x": 116.6756537019869,
            "y": 259.5283865252123,
            "z": 0.806470997727422
        },
        {
            "x": 116.61127951786976,
            "y": 279.14407553044447,
            "z": 4.23998119744178
        },
        {
            "x": 174.96616109537305,
            "y": 424.0315291171866,
            "z": 8.19915107773457
        },
        {
            "x": 204.3144862682101,
            "y": 421.3840331593429,
            "z": 32.393260619339046
        },
        {
            "x": 109.03102339607268,
            "y": 345.60283963844097,
            "z": -1.0
        },
        {
            "x": 129.25213624738973,
            "y": 444.3621676400695,
            "z": -1.0
        },
        {
            "x": 188.20630595317405,
            "y": 390.20151582855755,
            "z": 27.997016172500004
        },
        {
            "x": 138.05540973274805,
            "y": 399.8830881801441,
            "z": -1.0
        },
        {
            "x": 73.17398887661663,
            "y": 393.66435926367114,
            "z": 2.001430835869513
        },
        {
            "x": 36.18466843151458,
            "y": 342.12409286923366,
            "z": 55.44940121469223
        },
        {
            "x": 210.23678532304453,
            "y": 314.6905678775166,
            "z": 66.107567038021
        },
        {
            "x": 204.02650445464838,
            "y": 444.8765250372284,
            "z": 38.37807613546266
        },
        {
            "x": 223.5859133650412,
            "y": 347.3542876798937,
            "z": 61.39871662102459
        },
        {
            "x": 56.13667007590012,
            "y": 427.7007505737063,
            "z": 47.762683128634265
        },
        {
            "x": 211.4021205815768,
            "y": 429.01350421460995,
            "z": 48.45292357513384
        },
        {
            "x": 107.74989730199475,
            "y": 464.6861471269907,
            "z": -1.0
        },
        {
            "x": 17.43377802082602,
            "y": 368.79716996291256,
            "z": 26.63400555755414
        },
        {
            "x": 105.04746606905391,
            "y": 477.6144037476189,
            "z": -0.9728236296519345
        },
        {
            "x": 243.3406154284702,
            "y": 408.0758623678208,
            "z": 75.35754651366285
        },
        {
            "x": 52.69281929901465,
            "y": 424.12529002380916,
            "z": 53.32758025610521
        },
        {
            "x": 224.59141771191753,
            "y": 270.2453282921184,
            "z": 68.38239185225108
        },
        {
            "x": 102.39933272040075,
            "y": 235.46844837619102,
            "z": -1.0
        },
        {
            "x": 223.04402822628583,
            "y": 346.85920134536894,
            "z": 62.27646965844154
        },
        {
            "x": 35.2802493152698,
            "y": 379.3419758303086,
            "z": 22.74568786709473
        },
        {
            "x": 193.45664442183323,
            "y": 239.8082171912153,
            "z": 87.13817224759246
        },
        {
            "x": 52.33989076942053,
            "y": 321.8205998822294,
            "z": 45.112858100839404
        },
        {
            "x": 38.05009892432082,
            "y": 438.15387463170964,
            "z": 89.93304544778681
        },
        {
            "x": 168.98224351674784,
            "y": 464.4077280129462,
            "z": 9.679935503582282
        },
        {
            "x": 142.92431558674463,
            "y": 488.3886725348496,
            "z": -1.0
        },
        {
            "x": 80.05107072955941,
            "y": 195.21981750547772,
            "z": -1.0
        },
        {
            "x": 172.47625990648623,
            "y": 469.32086201886517,
            "z": 8.048058403610618
        },
        {
            "x": 73.70012544432036,
            "y": 254.5142940540137,
            "z": -1.0
        },
        {
            "x": 115.4197681240427,
            "y": 212.79308257769952,
            "z": 6.666007408713272
        },
        {
            "x": 208.42559349512717,
            "y": 394.55851699943133,
            "z": 70.24318161501486
        },
        {
            "x": 1.840126966842992,
            "y": 347.2093180628694,
            "z": 33.67638378953787
        },
        {
            "x": 231.6309085111658,
            "y": 380.60261999581536,
            "z": 71.74183724776364
        },
        {
            "x": 238.19606861599436,
            "y": 247.82281958975128,
            "z": 42.89378827672754
        },
        {
            "x": 42.9466667338439,
            "y": 309.12969754640494,
            "z": 47.066491434824336
        },
        {
            "x": 206.21832265741335,
            "y": 436.60659152063704,
            "z": 37.92040711815236
        },
        {
            "x": 92.87415241608271,
            "y": 486.6374920088943,
            "z": 33.44319884400866
        },
        {
            "x": 150.36993660205616,
            "y": 482.4228119712309,
            "z": -1.0
        },
        {
            "x": 246.4222577228669,
            "y": 449.7250461854603,
            "z": 59.566208378573165
        },
        {
            "x": 123.96325846638211,
            "y": 190.86556903808605,
            "z": 34.773769549450996
        },
        {
            "x": 223.26794846268683,
            "y": 244.8855006668369,
            "z": 60.75222352601837
        },
        {
            "x": 221.46008858200622,
            "y": 234.27387019615375,
            "z": 53.039426630220476
        },
        {
            "x": 249.12332958058076,
            "y": 255.4763806307489,
            "z": 22.23878413869973
        },
        {
            "x": 192.84072131129437,
            "y": 248.40858435794584,
            "z": 114.80284210301726
        },
        {
            "x": 98.65066966314862,
            "y": 488.47355512563666,
            "z": 17.95933927153278
        },
        {
            "x": 48.79149814366141,
            "y": 445.0299718722372,
            "z": 70.18452435854884
        },
        {
            "x": 55.59236039733351,
            "y": 483.6184812513,
            "z": 50.383090945096846
        },
        {
            "x": 102.70831011569737,
            "y": 233.67997743728964,
            "z": -1.0
        },
        {
            "x": 189.38894669017782,
            "y": 321.702497143374,
            "z": 103.50709057415997
        },
        {
            "x": 240.76049388411246,
            "y": 432.17786675605123,
            "z": 63.10212155454313
        },
        {
            "x": 128.71392320877862,
            "y": 214.6030622090187,
            "z": 45.92623676012128
        },
        {
            "x": 83.93229060697294,
            "y": 228.38442990164154,
            "z": -1.0
        },
        {
            "x": 221.74981605763466,
            "y": 362.71181665780966,
            "z": 74.23864192472742
        },
        {
            "x": 193.8618089000544,
            "y": 273.9657411468548,
            "z": 124.2007097573147
        },
        {
            "x": 215.44501184333586,
            "y": 390.2133729788968,
            "z": 90.14021647118068
        },
        {
            "x": 131.62928548992468,
            "y": 192.26045969087065,
            "z": 76.11073297155257
        },
        {
            "x": 149.11426108532717,
            "y": 208.94950621378456,
            "z": 103.45653195347231
        },
        {
            "x": 172.61210753771277,
            "y": 198.90495164971333,
            "z": 68.62831267947915
        },
        {
            "x": 263.0567444440275,
            "y": 459.36234262596145,
            "z": 41.56986455632543
        },
        {
            "x": 242.5252995057973,
            "y": 256.80718061334323,
            "z": 27.198578615505397
        },
        {
            "x": 43.4436183491706,
            "y": 248.2045376366886,
            "z": 18.972130925661094
        },
        {
            "x": 222.06916952684318,
            "y": 317.55951402999125,
            "z": 49.63252129803589
        },
        {
            "x": 211.98439821151243,
            "y": 282.29880762275667,
            "z": 79.24169221090402
        },
        {
            "x": 285.77348035836684,
            "y": 452.0912857242274,
            "z": 15.071712154519489
        },
        {
            "x": 36.92176197548086,
            "y": 334.03225570684367,
            "z": 73.15548797290914
        },
        {
            "x": 27.094801290842017,
            "y": 333.21906123586757,
            "z": 81.51900061019981
        },
        {
            "x": 189.48164825282655,
            "y": 438.18823808767934,
            "z": 5.609107664318278
        },
        {
            "x": 11.983009780261899,
            "y": 374.0021554349064,
            "z": 41.275864485350525
        },
        {
            "x": 121.25624262505141,
            "y": 256.51311106720397,
            "z": 0.5664879389338116
        },
        {
            "x": 225.69729728131583,
            "y": 301.9217968768431,
            "z": 64.97688717161267
        },
        {
            "x": 179.00211367639406,
            "y": 339.45790646029053,
            "z": 95.23302273339755
        },
        {
            "x": 28.403169581637854,
            "y": 291.5748159859515,
            "z": 69.66552411495594
        },
        {
            "x": 46.7945678825375,
            "y": 479.9261998893194,
            "z": 61.3306177908611
        },
        {
            "x": 43.91344975488198,
            "y": 348.21434539754034,
            "z": 32.051996555316556
        },
        {
            "x": 307.44981396896054,
            "y": 444.73087475115994,
            "z": 5.867953463058823
        },
        {
            "x": 123.5125745434395,
            "y": 222.82057776934317,
            "z": 7.571407767907344
        },
        {
            "x": 294.1526255351712,
            "y": 449.8966079895099,
            "z": 13.97614170224089
        },
        {
            "x": 214.20917269182794,
            "y": 319.19210665083637,
            "z": 59.748395995057315
        },
        {
            "x": 243.61049257670308,
            "y": 279.45168266327556,
            "z": 14.239170543146264
        },
        {
            "x": 264.08583603333244,
            "y": 460.8136467996861,
            "z": 60.66770673375676
        },
        {
            "x": 165.28635813071529,
            "y": 247.01440885066657,
            "z": 105.053871782584
        },
        {
            "x": 143.80123969170623,
            "y": 229.74387091008302,
            "z": 67.27464815373938
        },
        {
            "x": 70.75614195311225,
            "y": 156.38982329407574,
            "z": -1.0
        },
        {
            "x": 235.0486748239241,
            "y": 393.3878320558167,
            "z": 54.91844027450446
        },
        {
            "x": 63.12960851126387,
            "y": 130.8907556346538,
            "z": -1.0
        },
        {
            "x": 341.0356492729807,
            "y": 414.96380987962044,
            "z": -1.0
        },
        {
            "x": 42.7326193054271,
            "y": 465.88737666559035,
            "z": 79.08627643718512
        },
        {
            "x": 376.235261611178,
            "y": 433.4974641701279,
            "z": -1.0
        },
        {
            "x": 169.3341044810294,
            "y": 272.78070302173103,
            "z": 58.54645253271549
        },
        {
            "x": 128.26047926689088,
            "y": 186.19859582643622,
            "z": 66.23317948822138
        },
        {
            "x": 105.14332128440945,
            "y": 477.218800069803,
            "z": -0.9043347649131254
        },
        {
            "x": 147.35494461330484,
            "y": 470.2658270448701,
            "z": -1.0
        },
        {
            "x": 17.817518175597293,
            "y": 329.19480201359465,
            "z": 92.40337159264823
        },
        {
            "x": 18.845199438493832,
            "y": 251.9930056216099,
            "z": 45.518537907417524
        },
        {
            "x": 48.96675920674348,
            "y": 317.50633531397585,
            "z": 50.594192803565946
        },
        {
            "x": 70.21944310525274,
            "y": 471.0525661217845,
            "z": 53.490329063497974
        },
        {
            "x": 321.93403483832475,
            "y": 376.4534960749256,
            "z": -1.0
        },
        {
            "x": 154.66203143764363,
            "y": 177.44990657026634,
            "z": 91.40742440800025
        },
        {
            "x": 156.4392826179259,
            "y": 177.10528350623,
            "z": 79.05329699230938
        },
        {
            "x": 64.31862757242374,
            "y": 409.4010204697352,
            "z": 10.099701399748177
        },
        {
            "x": 244.2027766951973,
            "y": 372.3180254053873,
            "z": 31.814818802159408
        },
        {
            "x": 247.75065563441828,
            "y": 477.8025341796354,
            "z": 87.8316145917313
        },
        {
            "x": 400.3275585986026,
            "y": 472.6921859595958,
            "z": -1.0
        },
        {
            "x": 238.8214427987442,
            "y": 470.2632698856697,
            "z": 106.77669970453404
        },
        {
            "x": 66.30351874559076,
            "y": 460.46479507175724,
            "z": 28.858795577893265
        },
        {
            "x": 64.0841521669861,
            "y": 135.0211579748532,
            "z": -1.0
        }
    ],
    "center": {
        "x": 141.39067829070598,
        "y": 352.01757714246503,
        "z": 0.0
    },
    "radius": 25
}