{
    "W": 500,
    "H": 500,
    "depth": 1.0,
    "height": 10.0,
    "num_of_relays": 100,
    "num_of_sensors": 200,
    "relays": [
        {
            "x": 287.28916326379755,
            "y": 414.6443813436764,
            "z": 10.0
        },
        {
            "x": 367.2360840525426,
            "y": 269.68424394465023,
            "z": 10.0
        },
        {
            "x": 454.2124332407093,
            "y": 313.1994959001987,
            "z": 10.0
        },
        {
            "x": 474.1706943733502,
            "y": 460.9275330822815,
            "z": 10.0
        },
        {
            "x": 416.51289118025875,
            "y": 310.4280680700319,
            "z": 10.0
        },
        {
            "x": 8.247774061393098,
            "y": 361.98492032347144,
            "z": 33.41255921706738
        },
        {
            "x": 208.42565464475598,
            "y": 174.48051442812655,
            "z": 19.03846913859907
        },
        {
            "x": 462.43014704167297,
            "y": 118.16310390937274,
            "z": 10.0
        },
        {
            "x": 218.93272236957773,
            "y": 458.2341935364137,
            "z": 84.33031577627264
        },
        {
            "x": 269.25140330629966,
            "y": 492.3670797787672,
            "z": 50.353017614791945
        },
        {
            "x": 244.781588013043,
            "y": 422.6272057538589,
            "z": 83.70601349390786
        },
        {
            "x": 41.20771823861041,
            "y": 114.5783067362538,
            "z": 10.0
        },
        {
            "x": 319.64610453872695,
            "y": 216.2373763091898,
            "z": 10.0
        },
        {
            "x": 474.3996982300762,
            "y": 357.4096000639442,
            "z": 10.0
        },
        {
            "x": 111.8400102626953,
            "y": 311.63240284673714,
            "z": 10.0
        },
        {
            "x": 417.6092566594305,
            "y": 343.2601518374522,
            "z": 10.0
        },
        {
            "x": 176.04199150025002,
            "y": 66.2966316394113,
            "z": 10.0
        },
        {
            "x": 417.423256430023,
            "y": 458.51303622552877,
            "z": 10.0
        },
        {
            "x": 336.33673002713334,
            "y": 386.76429427379844,
            "z": 10.0
        },
        {
            "x": 136.13840885734479,
            "y": 447.15669073186837,
            "z": 10.0
        },
        {
            "x": 325.3843106852304,
            "y": 472.4093231932302,
            "z": 10.0
        },
        {
            "x": 225.0679152054636,
            "y": 176.9436801641277,
            "z": 38.99020330262269
        },
        {
            "x": 191.2864097886806,
            "y": 384.1472640512578,
            "z": 88.76520681690951
        },
        {
            "x": 392.3974176547351,
            "y": 213.2969803738688,
            "z": 10.0
        },
        {
            "x": 77.14155720463461,
            "y": 70.30556968285534,
            "z": 19.256842651184165
        },
        {
            "x": 207.29521715697436,
            "y": 180.34178057361112,
            "z": 20.273424458888897
        },
        {
            "x": 220.8403397156689,
            "y": 63.1447118154837,
            "z": 10.0
        },
        {
            "x": 455.5356108426228,
            "y": 488.4816884024518,
            "z": 10.0
        },
        {
            "x": 285.2653325875801,
            "y": 87.14824324890475,
            "z": 10.0
        },
        {
            "x": 397.83955262096174,
            "y": 307.1446767410383,
            "z": 10.0
        },
        {
            "x": 373.8897204083776,
            "y": 195.66513930359426,
            "z": 10.0
        },
        {
            "x": 217.15022905189667,
            "y": 293.5387078532906,
            "z": 78.30715990131327
        },
        {
            "x": 485.77148057061464,
            "y": 102.77151237401205,
            "z": 10.0
        },
        {
            "x": 333.8670814777763,
            "y": 459.70942226391867,
            "z": 10.0
        },
        {
            "x": 328.5358375099836,
            "y": 461.7938850917668,
            "z": 10.0
        },
        {
            "x": 355.15583550359105,
            "y": 105.07166317311761,
            "z": 10.0
        },
        {
            "x": 123.37904275483614,
            "y": 4.003299839632602,
            "z": 83.8183754617275
        },
        {
            "x": 449.52101386284914,
            "y": 398.8791100480426,
            "z": 10.0
        },
        {
            "x": 433.85896873461365,
            "y": 418.0789801737686,
            "z": 10.0
        },
        {
            "x": 63.53787789690685,
            "y": 494.6556635501562,
            "z": 94.12961524198906
        },
        {
            "x": 461.4723656472715,
            "y": 85.68976546024903,
            "z": 10.0
        },
        {
            "x": 74.63178503929035,
            "y": 230.68693505753023,
            "z": 10.0
        },
        {
            "x": 329.9083775958083,
            "y": 275.0838991667923,
            "z": 10.0
        },
        {
            "x": 219.48603981433646,
            "y": 94.39458526101151,
            "z": 10.0
        },
        {
            "x": 372.90817145481617,
            "y": 273.1419153203646,
            "z": 10.0
        },
        {
            "x": 246.66741919186762,
            "y": 99.34003184510048,
            "z": 10.0
        },
        {
            "x": 430.72542471852057,
            "y": 160.33320004754142,
            "z": 10.0
        },
        {
            "x": 216.944735454904,
            "y": 346.0287110610718,
            "z": 93.26176244427627
        },
        {
            "x": 298.64308238462934,
            "y": 157.21207000172893,
            "z": 10.96705039082388
        },
        {
            "x": 3.760477907195914,
            "y": 21.939064702112876,
            "z": 10.303527754109997
        },
        {
            "x": 174.6551986581919,
            "y": 377.70527993862,
            "z": 23.30774213449726
        },
        {
            "x": 163.7368499295282,
            "y": 231.76662915086422,
            "z": 119.23166685589108
        },
        {
            "x": 273.7980300375659,
            "y": 370.97998704218213,
            "z": 10.0
        },
        {
            "x": 483.5567734836806,
            "y": 123.5205443251044,
            "z": 10.0
        },
        {
            "x": 458.73189699204744,
            "y": 365.2456985110159,
            "z": 10.0
        },
        {
            "x": 33.656324894053846,
            "y": 482.48650716764377,
            "z": 89.49112013779819
        },
        {
            "x": 463.41384802153914,
            "y": 330.02220630152004,
            "z": 10.0
        },
        {
            "x": 273.13194846836626,
            "y": 262.9502862929773,
            "z": 10.0
        },
        {
            "x": 470.9040392137501,
            "y": 38.59578928614865,
            "z": 15.145216624282588
        },
        {
            "x": 314.7325060590905,
            "y": 273.6023345419366,
            "z": 10.0
        },
        {
            "x": 188.86966412278073,
            "y": 267.29064712213113,
            "z": 129.78730446693402
        },
        {
            "x": 431.7886292731852,
            "y": 474.09951387347945,
            "z": 10.0
        },
        {
            "x": 97.00164543892082,
            "y": 27.49319409078643,
            "z": 49.48639463987596
        },
        {
            "x": 15.092478714440249,
            "y": 371.7882642593938,
            "z": 46.78202360657694
        },
        {
            "x": 459.1139810245396,
            "y": 247.1178205736892,
            "z": 10.0
        },
        {
            "x": 104.64427807321385,
            "y": 75.09784140222148,
            "z": 68.7074173199353
        },
        {
            "x": 10.424969599994006,
            "y": 99.1880009213889,
            "z": 12.802205858113666
        },
        {
            "x": 359.4920636234047,
            "y": 357.00853622123884,
            "z": 10.0
        },
        {
            "x": 206.9494101416456,
            "y": 432.1123944040705,
            "z": 48.33755950942163
        },
        {
            "x": 147.52412379394013,
            "y": 233.6462614845301,
            "z": 86.82423250376655
        },
        {
            "x": 171.09795950842954,
            "y": 127.30890239657161,
            "z": 14.876000070443432
        },
        {
            "x": 43.041467563402044,
            "y": 311.5697282009146,
            "z": 71.78505477906533
        },
        {
            "x": 397.8928462350879,
            "y": 452.64853769163074,
            "z": 10.0
        },
        {
            "x": 259.26609844002166,
            "y": 80.37303065733431,
            "z": 10.0
        },
        {
            "x": 324.5916138007155,
            "y": 75.34005055539966,
            "z": 10.0
        },
        {
            "x": 111.74038120247893,
            "y": 389.74444782176374,
            "z": 10.0
        },
        {
            "x": 475.9689089861586,
            "y": 270.8753051069437,
            "z": 10.0
        },
        {
            "x": 9.574359652839593,
            "y": 240.67375194188145,
            "z": 52.16342950009179
        },
        {
            "x": 207.70112010169984,
            "y": 244.2065135344788,
            "z": 94.20101071793879
        },
        {
            "x": 57.36823233336413,
            "y": 90.26979187080725,
            "z": 10.0
        },
        {
            "x": 16.991113645411392,
            "y": 146.0064966436474,
            "z": 55.89782389223225
        },
        {
            "x": 146.51441412965593,
            "y": 329.82196075886844,
            "z": 20.241017949536268
        },
        {
            "x": 272.6770670496381,
            "y": 197.2340201518063,
            "z": 10.0
        },
        {
            "x": 293.9664258903634,
            "y": 145.80994912435685,
            "z": 10.0
        },
        {
            "x": 54.56051610695478,
            "y": 78.60208174392824,
            "z": 10.0
        },
        {
            "x": 416.06651178905975,
            "y": 256.2290314017847,
            "z": 10.0
        },
        {
            "x": 442.24229463212646,
            "y": 114.42269433684599,
            "z": 23.30376516609742
        },
        {
            "x": 61.17379361588387,
            "y": 392.9607955460625,
            "z": 17.420147888646582
        },
        {
            "x": 282.7782803930217,
            "y": 372.03477463780337,
            "z": 10.0
        },
        {
            "x": 42.97329330168937,
            "y": 461.2407889910362,
            "z": 87.94318672112117
        },
        {
            "x": 438.61782486227554,
            "y": 247.8430948605652,
            "z": 10.0
        },
        {
            "x": 229.78245314945622,
            "y": 322.41418102626676,
            "z": 47.031490026522235
        },
        {
            "x": 155.61534706490937,
            "y": 278.9593364439003,
            "z": 44.59720466639464
        },
        {
            "x": 368.7345197822074,
            "y": 225.10436086186658,
            "z": 10.0
        },
        {
            "x": 333.7814343232177,
            "y": 242.35134846366813,
            "z": 10.0
        },
        {
            "x": 148.84404109737426,
            "y": 113.50091666502682,
            "z": 43.904224662360186
        },
        {
            "x": 170.26168676409566,
            "y": 466.5568987467647,
            "z": 21.7021436497691
        },
        {
            "x": 217.2219142368224,
            "y": 263.0436772647297,
            "z": 85.5163056065059
        },
        {
            "x": 368.3086105274598,
            "y": 98.6413153603321,
            "z": 10.0
        },
        {
            "x": 38.0304494920849,
            "y": 301.81350135749733,
            "z": 66.33389197209807
        }
    ],
    "sensors": [
        {
            "x": 185.8071698039979,
            "y": 139.81007067250317,
            "z": -1.0
        },
        {
            "x": 341.93155195111655,
            "y": 439.7543842540753,
            "z": -1.0
        },
        {
            "x": 85.63263922903813,
            "y": 58.54181078872101,
            "z": 31.165801782309018
        },
        {
            "x": 49.494923366413644,
            "y": 301.6520621667246,
            "z": 39.37293162000831
        },
        {
            "x": 281.3044053658183,
            "y": 495.13836419379203,
            "z": 28.458416779564427
        },
        {
            "x": 152.07918169026163,
            "y": 164.86091479395688,
            "z": 73.9104414316252
        },
        {
            "x": 125.99724956424325,
            "y": 204.81247403038432,
            "z": 58.158231818555464
        },
        {
            "x": 394.7661265401347,
            "y": 361.139156768349,
            "z": -1.0
        },
        {
            "x": 314.59273192161294,
            "y": 249.23756339672232,
            "z": -1.0
        },
        {
            "x": 133.5272390702266,
            "y": 310.05830909159744,
            "z": -1.0
        },
        {
            "x": 452.275297520158,
            "y": 268.35421770793755,
            "z": -1.0
        },
        {
            "x": 423.2363029581358,
            "y": 429.6649877581982,
            "z": -1.0
        },
        {
            "x": 30.945329361113327,
            "y": 296.8888737591213,
            "z": 54.00708908197392
        },
        {
            "x": 355.17436069961195,
            "y": 154.4462454048689,
            "z": -1.0
        },
        {
            "x": 448.2709036166342,
            "y": 293.852769299876,
            "z": -1.0
        },
        {
            "x": 300.94533489058495,
            "y": 65.61299433020801,
            "z": -1.0
        },
        {
            "x": 383.0328802926947,
            "y": 150.61076353283974,
            "z": -1.0
        },
        {
            "x": 354.623966327133,
            "y": 153.71853218804938,
            "z": -1.0
        },
        {
            "x": 496.7740054186328,
            "y": 462.98062451037447,
            "z": 4.812248483999679
        },
        {
            "x": 230.94412253762005,
            "y": 335.8447567881767,
            "z": 34.03388229684162
        },
        {
            "x": 290.3194195840594,
            "y": 263.780997204478,
            "z": -1.0
        },
        {
            "x": 15.284213921538115,
            "y": 128.963198769804,
            "z": 2.482781008981363
        },
        {
            "x": 498.40009704183115,
            "y": 386.6788963379349,
            "z": -1.0
        },
        {
            "x": 311.8560398961866,
            "y": 460.61179385808157,
            "z": 17.446493192564823
        },
        {
            "x": 192.65733633883437,
            "y": 310.46062208068366,
            "z": 109.0821758368604
        },
        {
            "x": 348.3318511156168,
            "y": 187.561139637419,
            "z": -1.0
        },
        {
            "x": 403.92745042600114,
            "y": 157.83107145812846,
            "z": -1.0
        },
        {
            "x": 40.62407978137356,
            "y": 41.450742803876615,
            "z": -1.0
        },
        {
            "x": 399.87183915737756,
            "y": 120.47726667858399,
            "z": -1.0
        },
        {
            "x": 60.42506060990582,
            "y": 106.0570990321234,
            "z": -1.0
        },
        {
            "x": 203.94747188158473,
            "y": 382.59001261539305,
            "z": 80.7746582092351
        },
        {
            "x": 330.6773788511493,
            "y": 55.407262963732386,
            "z": -1.0
        },
        {
            "x": 494.1263494869274,
            "y": 111.041062390275,
            "z": -1.0
        },
        {
            "x": 408.99207428830505,
            "y": 319.6147771684095,
            "z": -1.0
        },
        {
            "x": 278.2884570351387,
            "y": 94.82638351067668,
            "z": -1.0
        },
        {
            "x": 329.4990647936229,
            "y": 187.5159541185784,
            "z": -1.0
        },
        {
            "x": 367.8563099890103,
            "y": 215.7277527773434,
            "z": -1.0
        },
        {
            "x": 236.92140285143975,
            "y": 36.6888736404492,
            "z": -1.0
        },
        {
            "x": 155.49422736990087,
            "y": 188.90143058222776,
            "z": 78.95421032228559
        },
        {
            "x": 303.0588188585884,
            "y": 497.33020110776,
            "z": 8.917194529812223
        },
        {
            "x": 474.9823636603809,
            "y": 181.75703267123782,
            "z": -1.0
        },
        {
            "x": 166.81365946023175,
            "y": 254.89986551899474,
            "z": 102.45876824741613
        },
        {
            "x": 228.87169713713072,
            "y": 206.6439474015071,
            "z": 31.28933712434634
        },
        {
            "x": 341.6068731157677,
            "y": 129.28627446494067,
            "z": -1.0
        },
        {
            "x": 46.70305452967993,
            "y": 10.022928980913392,
            "z": -1.0
        },
        {
            "x": 424.27845771564233,
            "y": 141.08098976984047,
            "z": -1.0
        },
        {
            "x": 370.0668894721485,
            "y": 361.99742786940595,
            "z": -1.0
        },
        {
            "x": 122.00178761981356,
            "y": 468.85574858859246,
            "z": -1.0
        },
        {
            "x": 284.19618803962635,
            "y": 328.204927225458,
            "z": -1.0
        },
        {
            "x": 276.19294376547845,
            "y": 462.1825851961541,
            "z": 35.1294561763439
        },
        {
            "x": 45.349842897743855,
            "y": 396.2945946578201,
            "z": 49.26970428888176
        },
        {
            "x": 484.8296119846512,
            "y": 159.2526404601949,
            "z": 14.207981355390874
        },
        {
            "x": 185.10132699822285,
            "y": 416.4373233105171,
            "z": 7.144033062152477
        },
        {
            "x": 202.6852328351539,
            "y": 358.8477657242027,
            "z": 125.54078185950848
        },
        {
            "x": 354.8619134975469,
            "y": 10.904119343048135,
            "z": -1.0
        },
        {
            "x": 470.51815530504734,
            "y": 466.1007508850249,
            "z": -1.0
        },
        {
            "x": 340.2919990955958,
            "y": 471.18058605612987,
            "z": -1.0
        },
        {
            "x": 410.21642528046834,
            "y": 148.17877797326528,
            "z": -1.0
        },
        {
            "x": 120.87027075842133,
            "y": 57.87952862690398,
            "z": 98.92417452048909
        },
        {
            "x": 403.5793772258567,
            "y": 374.3641454997869,
            "z": -1.0
        },
        {
            "x": 295.9940343617431,
            "y": 298.39093845671505,
            "z": -1.0
        },
        {
            "x": 53.902307422274035,
            "y": 138.88171614251237,
            "z": -1.0
        },
        {
            "x": 426.2467556342967,
            "y": 303.3959403717349,
            "z": -1.0
        },
        {
            "x": 51.04980303712464,
            "y": 468.69102511836905,
            "z": 56.32565446143404
        },
        {
            "x": 389.7360326581659,
            "y": 484.41061507217387,
            "z": -1.0
        },
        {
            "x": 167.91954394055847,
            "y": 135.28517963991172,
            "z": 21.913638169527275
        },
        {
            "x": 147.65995341902277,
            "y": 256.21874812549964,
            "z": 11.365233537689988
        },
        {
            "x": 85.11993745993956,
            "y": 185.63672439988378,
            "z": 4.901445330077446
        },
        {
            "x": 422.81546866625933,
            "y": 197.9378348717319,
            "z": -1.0
        },
        {
            "x": 204.72943055230118,
            "y": 488.3365881378734,
            "z": 26.001554022273368
        },
        {
            "x": 296.28556840492297,
            "y": 499.40980958879607,
            "z": 13.391880659979009
        },
        {
            "x": 200.5397229217336,
            "y": 77.37530378222412,
            "z": -1.0
        },
        {
            "x": 237.62580326568056,
            "y": 284.3696456644624,
            "z": 25.419904862110663
        },
        {
            "x": 458.29315684398955,
            "y": 250.48973183814138,
            "z": -1.0
        },
        {
            "x": 324.66727849159616,
            "y": 308.9738284732204,
            "z": -1.0
        },
        {
            "x": 359.47127011085513,
            "y": 318.5286857712389,
            "z": -1.0
        },
        {
            "x": 358.4588705724513,
            "y": 242.6739150772333,
            "z": -1.0
        },
        {
            "x": 416.5862686794142,
            "y": 63.621986192538785,
            "z": 0.9909584210001039
        },
        {
            "x": 329.086691936541,
            "y": 422.87245907355134,
            "z": -1.0
        },
        {
            "x": 361.92695668627573,
            "y": 111.8738613176194,
            "z": -1.0
        },
        {
            "x": 94.75827445235136,
            "y": 330.9301588121805,
            "z": -1.0
        },
        {
            "x": 229.080120435766,
            "y": 319.98862742200976,
            "z": 33.05779878956386
        },
        {
            "x": 88.68063421893801,
            "y": 209.75467491886812,
            "z": 0.0037048620845261393
        },
        {
            "x": 8.313058624916824,
            "y": 254.51199030631588,
            "z": 54.20177280582561
        },
        {
            "x": 410.38212993791984,
            "y": 181.4475412127743,
            "z": -1.0
        },
        {
            "x": 133.1180795476727,
            "y": 478.1797347446215,
            "z": -1.0
        },
        {
            "x": 56.29425393626747,
            "y": 493.20595106021193,
            "z": 73.48187893424377
        },
        {
            "x": 259.4542661019415,
            "y": 408.9710587340912,
            "z": 46.40114947151465
        },
        {
            "x": 347.89117220820043,
            "y": 325.8697852397956,
            "z": -1.0
        },
        {
            "x": 300.586709351084,
            "y": 274.094606604753,
            "z": -1.0
        },
        {
            "x": 377.55986524153116,
            "y": 153.78077249597487,
            "z": -1.0
        },
        {
            "x": 404.53440244147765,
            "y": 2.5876267324156377,
            "z": -1.0
        },
        {
            "x": 308.9605251165871,
            "y": 473.41216825673746,
            "z": 7.587502129014911
        },
        {
            "x": 278.87815328664334,
            "y": 180.15511021481512,
            "z": -1.0
        },
        {
            "x": 279.03203028942033,
            "y": 476.19951162882063,
            "z": 27.27049547508052
        },
        {
            "x": 243.57266569298446,
            "y": 149.9939866892872,
            "z": -1.0
        },
        {
            "x": 362.4210672865758,
            "y": 223.22574357338138,
            "z": -1.0
        },
        {
            "x": 16.175831511658302,
            "y": 302.85793717329057,
            "z": 102.61928840730044
        },
        {
            "x": 58.693012887950644,
            "y": 346.0343020903353,
            "z": 13.983478880084117
        },
        {
            "x": 374.4842786000947,
            "y": 322.61411585797333,
            "z": -1.0
        },
        {
            "x": 81.21742629553763,
            "y": 29.398648447687194,
            "z": 11.63965899602242
        },
        {
            "x": 205.78239207562316,
            "y": 340.47837700818826,
            "z": 101.97810482927828
        },
        {
            "x": 89.00289768058146,
            "y": 153.62187520621617,
            "z": 12.049909154719053
        },
        {
            "x": 162.07423095436567,
            "y": 395.3834657139078,
            "z": 9.990798479723566
        },
        {
            "x": 315.63730712963286,
            "y": 39.9422532218045,
            "z": -1.0
        },
        {
            "x": 426.60079641517046,
            "y": 230.4735197756943,
            "z": -1.0
        },
        {
            "x": 434.6042509759811,
            "y": 269.94402160195654,
            "z": -1.0
        },
        {
            "x": 149.0531628651725,
            "y": 332.2492295820417,
            "z": 5.613889334728881
        },
        {
            "x": 158.4933689136287,
            "y": 150.19937920791776,
            "z": 61.476009750808345
        },
        {
            "x": 394.84117998272916,
            "y": 9.241202403658665,
            "z": -1.0
        },
        {
            "x": 10.066600038229566,
            "y": 412.9230286508682,
            "z": 128.20463837074078
        },
        {
            "x": 422.1689280657404,
            "y": 141.88894268216512,
            "z": -1.0
        },
        {
            "x": 160.55741021202198,
            "y": 473.57128487332665,
            "z": 0.5081407756679346
        },
        {
            "x": 265.3178219674108,
            "y": 389.36494753143387,
            "z": 12.41294951384169
        },
        {
            "x": 237.52441058925976,
            "y": 434.8758618892314,
            "z": 66.35312828365277
        },
        {
            "x": 83.20796122473139,
            "y": 280.40637347762174,
            "z": -1.0
        },
        {
            "x": 209.22133811183218,
            "y": 381.9695660467974,
            "z": 89.02025849161295
        },
        {
            "x": 494.4686265834995,
            "y": 364.28135082449216,
            "z": -1.0
        },
        {
            "x": 440.4930236677608,
            "y": 402.8716055890266,
            "z": -1.0
        },
        {
            "x": 326.67333679574375,
            "y": 488.4398776898813,
            "z": -1.0
        },
        {
            "x": 145.15966184862862,
            "y": 396.1292564974872,
            "z": -1.0
        },
        {
            "x": 413.42799704830804,
            "y": 47.57600048502575,
            "z": -1.0
        },
        {
            "x": 353.00779301117274,
            "y": 82.61800364607109,
            "z": -1.0
        },
        {
            "x": 202.0033011523119,
            "y": 170.41301390197876,
            "z": 8.351153099096825
        },
        {
            "x": 496.2948187225575,
            "y": 314.42956222856026,
            "z": -1.0
        },
        {
            "x": 149.25033970632313,
            "y": 163.26487019794143,
            "z": 85.27157440027129
        },
        {
            "x": 497.8322135502138,
            "y": 47.124118789386884,
            "z": 0.6038563286135492
        },
        {
            "x": 181.77800354748948,
            "y": 75.30071727890552,
            "z": -1.0
        },
        {
            "x": 435.76604849523267,
            "y": 445.6175855685232,
            "z": -1.0
        },
        {
            "x": 469.39654560251216,
            "y": 316.645309884123,
            "z": -1.0
        },
        {
            "x": 476.14053750693364,
            "y": 243.44875899691326,
            "z": -1.0
        },
        {
            "x": 431.8544654949534,
            "y": 300.0692995195904,
            "z": -1.0
        },
        {
            "x": 488.25248452718176,
            "y": 322.70646382891033,
            "z": -1.0
        },
        {
            "x": 281.11905061375035,
            "y": 408.34338810156635,
            "z": 1.0573526177535868
        },
        {
            "x": 487.52098275027987,
            "y": 338.19282728362566,
            "z": -1.0
        },
        {
            "x": 420.80984015785197,
            "y": 115.17099351569554,
            "z": -0.7420635414153383
        },
        {
            "x": 120.88005312898325,
            "y": 444.1854163228738,
            "z": -1.0
        },
        {
            "x": 73.14201393422177,
            "y": 29.86922274434367,
            "z": 8.585811177331031
        },
        {
            "x": 215.04455099883256,
            "y": 118.94217653454825,
            "z": -1.0
        },
        {
            "x": 417.0543127289188,
            "y": 415.94630878703583,
            "z": -1.0
        },
        {
            "x": 202.0832669125679,
            "y": 496.28313043662274,
            "z": 11.942425175865722
        },
        {
            "x": 167.19938534576008,
            "y": 259.33840930215297,
            "z": 88.2106393054693
        },
        {
            "x": 43.33320575332083,
            "y": 383.7785783707048,
            "z": 43.02002714574029
        },
        {
            "x": 56.81888828164205,
            "y": 420.4680393558351,
            "z": 49.22510901098469
        },
        {
            "x": 455.18436498926377,
            "y": 421.1705786054296,
            "z": -1.0
        },
        {
            "x": 484.19744209407304,
            "y": 380.87220911631937,
            "z": -1.0
        },
        {
            "x": 112.85301080110204,
            "y": 456.009146075795,
            "z": -1.0
        },
        {
            "x": 74.25433020985534,
            "y": 69.46366333610688,
            "z": 8.553521567070632
        },
        {
            "x": 437.2041668638762,
            "y": 259.0082741126818,
            "z": -1.0
        },
        {
            "x": 118.21217933389283,
            "y": 249.68025814556916,
            "z": 7.56491897315424
        },
        {
            "x": 251.0289727446824,
            "y": 121.83656996040298,
            "z": -1.0
        },
        {
            "x": 364.97170211069755,
            "y": 225.17859600766062,
            "z": -1.0
        },
        {
            "x": 424.51063186124605,
            "y": 441.0264693208382,
            "z": -1.0
        },
        {
            "x": 325.0128913605689,
            "y": 405.65318267443195,
            "z": -1.0
        },
        {
            "x": 132.73481959179506,
            "y": 79.74253116940677,
            "z": 57.011021514019525
        },
        {
            "x": 246.02886738005685,
            "y": 485.798724420814,
            "z": 88.68261307003792
        },
        {
            "x": 6.138140924220769,
            "y": 264.1511376628802,
            "z": 76.52758611979118
        },
        {
            "x": 84.08848179103462,
            "y": 493.1940638077924,
            "z": 62.14604081299115
        },
        {
            "x": 184.0493830131426,
            "y": 475.27144017790147,
            "z": 6.280792113558679
        },
        {
            "x": 246.76130001559366,
            "y": 410.7180862641393,
            "z": 69.78612737906167
        },
        {
            "x": 214.8184176136881,
            "y": 491.80537483140193,
            "z": 36.208309736577675
        },
        {
            "x": 415.04509653821987,
            "y": 188.48008967434515,
            "z": -1.0
        },
        {
            "x": 246.76145105326592,
            "y": 439.3297603031497,
            "z": 49.59569222009846
        },
        {
            "x": 7.83608681232606,
            "y": 166.031565059635,
            "z": 99.09197075341424
        },
        {
            "x": 66.74962631723075,
            "y": 440.9111960528061,
            "z": 18.26801295820762
        },
        {
            "x": 370.2872789711665,
            "y": 395.1436439127432,
            "z": -1.0
        },
        {
            "x": 374.0620669216493,
            "y": 145.16886262830752,
            "z": -1.0
        },
        {
            "x": 172.08160045495842,
            "y": 217.64938998412848,
            "z": 102.66982545521375
        },
        {
            "x": 168.80737726617346,
            "y": 239.56226765080717,
            "z": 121.11716457204264
        },
        {
            "x": 68.7434920434617,
            "y": 250.95259497568546,
            "z": -1.0
        },
        {
            "x": 496.00388613175915,
            "y": 122.51005914188889,
            "z": -1.0
        },
        {
            "x": 137.02598586921033,
            "y": 58.75559512509376,
            "z": 52.17351495511606
        },
        {
            "x": 238.1583979734564,
            "y": 497.65455353998635,
            "z": 99.71397457792077
        },
        {
            "x": 252.50433952511614,
            "y": 476.9844741817557,
            "z": 78.03499845849575
        },
        {
            "x": 120.80382017452102,
            "y": 298.6588592205845,
            "z": -0.7748932847315768
        },
        {
            "x": 295.5917855049114,
            "y": 459.9059577190898,
            "z": 19.103886883261275
        },
        {
            "x": 265.20093441163,
            "y": 381.7118503618148,
            "z": 4.032795888339226
        },
        {
            "x": 73.32116625121404,
            "y": 348.65779963218586,
            "z": -1.0
        },
        {
            "x": 381.8905141217061,
            "y": 458.6534314181227,
            "z": -1.0
        },
        {
            "x": 172.65309555842822,
            "y": 96.0383704027074,
            "z": -1.0
        },
        {
            "x": 322.7050624323082,
            "y": 47.22108880405174,
            "z": -1.0
        },
        {
            "x": 363.68645200399044,
            "y": 349.2706567812699,
            "z": -1.0
        },
        {
            "x": 290.9555423114356,
            "y": 492.32577954809216,
            "z": 13.068282670831392
        },
        {
            "x": 427.3727379368103,
            "y": 394.5430854384623,
            "z": -1.0
        },
        {
            "x": 347.1950537217259,
            "y": 91.61061377951934,
            "z": -1.0
        },
        {
            "x": 48.79608901482979,
            "y": 180.07343299685024,
            "z": -1.0
        },
        {
            "x": 358.96370191103045,
            "y": 0.032333140996987364,
            "z": -1.0
        },
        {
            "x": 476.10275442522493,
            "y": 39.37443292659948,
            "z": 6.404412988184515
        },
        {
            "x": 458.09076709340985,
            "y": 1.9297759874829512,
            "z": 51.5544706593608
        },
        {
            "x": 414.9148512441443,
            "y": 187.70770342142652,
            "z": -1.0
        },
        {
            "x": 14.220012077193811,
            "y": 282.46290478029704,
            "z": 110.42746804300553
        },
        {
            "x": 18.79524331079385,
            "y": 378.45332320834166,
            "z": 54.06780408426408
        },
        {
            "x": 12.518456532694234,
            "y": 467.93443950951666,
            "z": 142.34843550765365
        },
        {
            "x": 405.5360595494811,
            "y": 341.77806065593415,
            "z": -1.0
        },
        {
            "x": 12.7706957850095,
            "y": 390.98364390848303,
            "z": 88.46621321512886
        },
        {
            "x": 499.6389857769632,
            "y": 105.95917697705049,
            "z": -1.0
        },
        {
            "x": 420.5100910942612,
            "y": 473.8280875133069,
            "z": -1.0
        },
        {
            "x": 342.60560681355366,
            "y": 100.5751991947596,
            "z": -1.0
        },
        {
            "x": 40.968713021603435,
            "y": 193.66770830827866,
            "z": 14.23631586765424
        },
        {
            "x": 345.4976365706906,
            "y": 79.7397110934811,
            "z": -1.0
        }
    ],
    "center": {
        "x": 266.5776206100471,
        "y": 264.19674023466274,
        "z": 0.0
    },
    "radius": 50
}