{
    "W": 500,
    "H": 500,
    "depth": 1.0,
    "height": 10.0,
    "num_of_relays": 100,
    "num_of_sensors": 100,
    "relays": [
        {
            "x": 476.0262282998237,
            "y": 485.96149635420363,
            "z": 10.0
        },
        {
            "x": 356.8644744574397,
            "y": 70.19642801491682,
            "z": 10.0
        },
        {
            "x": 388.3449549925629,
            "y": 102.79323448356459,
            "z": 10.0
        },
        {
            "x": 232.76844941203618,
            "y": 468.8211458804318,
            "z": 10.0
        },
        {
            "x": 479.9573016449325,
            "y": 178.3505274630829,
            "z": 10.0
        },
        {
            "x": 462.9742807341368,
            "y": 435.6246335740884,
            "z": 10.0
        },
        {
            "x": 122.87692600329004,
            "y": 407.84041981690183,
            "z": 10.0
        },
        {
            "x": 21.282695203510894,
            "y": 202.06245392639138,
            "z": 10.0
        },
        {
            "x": 372.67392045040566,
            "y": 172.50358503803804,
            "z": 10.0
        },
        {
            "x": 385.01827948817527,
            "y": 292.91906348166407,
            "z": 10.0
        },
        {
            "x": 17.507303561236586,
            "y": 335.72283299645926,
            "z": 10.0
        },
        {
            "x": 476.9006718171328,
            "y": 238.7913702377787,
            "z": 10.0
        },
        {
            "x": 376.60577075968166,
            "y": 0.6649336701080588,
            "z": 10.0
        },
        {
            "x": 476.3697083840503,
            "y": 402.21840557226756,
            "z": 10.0
        },
        {
            "x": 316.63983542951553,
            "y": 179.95576681737674,
            "z": 10.0
        },
        {
            "x": 274.9706336836312,
            "y": 271.38464542334486,
            "z": 10.0
        },
        {
            "x": 421.265311513968,
            "y": 285.87947621768103,
            "z": 10.0
        },
        {
            "x": 412.80248160310487,
            "y": 287.5079587302508,
            "z": 10.0
        },
        {
            "x": 247.65643879369335,
            "y": 336.9833662131841,
            "z": 10.0
        },
        {
            "x": 262.9782954370589,
            "y": 381.6038724571041,
            "z": 10.0
        },
        {
            "x": 373.09828235398885,
            "y": 283.5028101932643,
            "z": 10.0
        },
        {
            "x": 335.9804817177428,
            "y": 384.5408949694163,
            "z": 10.0
        },
        {
            "x": 328.53677363369206,
            "y": 303.63662743796243,
            "z": 10.0
        },
        {
            "x": 254.9371161325613,
            "y": 401.8647473515525,
            "z": 10.0
        },
        {
            "x": 308.6224334508399,
            "y": 327.8031463068824,
            "z": 10.0
        },
        {
            "x": 194.4643412647824,
            "y": 422.8589109970741,
            "z": 10.0
        },
        {
            "x": 117.22636178348405,
            "y": 276.8319059211171,
            "z": 10.0
        },
        {
            "x": 393.7918695653821,
            "y": 305.68901965955166,
            "z": 10.0
        },
        {
            "x": 452.4012825942331,
            "y": 421.9560315590473,
            "z": 10.0
        },
        {
            "x": 461.0277816131386,
            "y": 50.18873169066435,
            "z": 10.0
        },
        {
            "x": 124.45682932356966,
            "y": 244.24428337482846,
            "z": 10.0
        },
        {
            "x": 366.6692586012547,
            "y": 453.91821127867667,
            "z": 10.0
        },
        {
            "x": 387.31319062687885,
            "y": 356.6008245729682,
            "z": 10.0
        },
        {
            "x": 218.01143306630777,
            "y": 474.43795961986166,
            "z": 10.0
        },
        {
            "x": 199.47707322423048,
            "y": 211.8528076903693,
            "z": 10.0
        },
        {
            "x": 57.59579838835488,
            "y": 326.64333026370025,
            "z": 10.0
        },
        {
            "x": 430.1844940228327,
            "y": 194.32493344625362,
            "z": 10.0
        },
        {
            "x": 441.8145049578393,
            "y": 230.18751009378562,
            "z": 10.0
        },
        {
            "x": 113.83902471891972,
            "y": 401.79789089102087,
            "z": 10.0
        },
        {
            "x": 374.56483850366425,
            "y": 165.3362849952016,
            "z": 10.0
        },
        {
            "x": 359.8867478467798,
            "y": 454.94436139272966,
            "z": 10.0
        },
        {
            "x": 466.2465168610968,
            "y": 36.243907595087386,
            "z": 10.0
        },
        {
            "x": 79.19109791096868,
            "y": 8.208268147778973,
            "z": 10.0
        },
        {
            "x": 5.755897822254941,
            "y": 314.1838160982083,
            "z": 10.0
        },
        {
            "x": 51.61869503245098,
            "y": 180.25725990840934,
            "z": 10.0
        },
        {
            "x": 480.5284680118759,
            "y": 20.17928295921323,
            "z": 10.0
        },
        {
            "x": 305.8493228853061,
            "y": 416.94638320576075,
            "z": 10.0
        },
        {
            "x": 302.5177441987229,
            "y": 22.610245140137984,
            "z": 10.0
        },
        {
            "x": 364.37317685631126,
            "y": 410.06098627309683,
            "z": 10.0
        },
        {
            "x": 263.1192310144936,
            "y": 479.068063723842,
            "z": 10.0
        },
        {
            "x": 261.6388917184754,
            "y": 18.281842868724972,
            "z": 10.0
        },
        {
            "x": 483.0778730889675,
            "y": 154.4247002581377,
            "z": 10.0
        },
        {
            "x": 156.7879469528275,
            "y": 234.94165266303813,
            "z": 10.0
        },
        {
            "x": 229.16055785657636,
            "y": 158.73028378980598,
            "z": 10.0
        },
        {
            "x": 65.1545652083218,
            "y": 293.5217702752518,
            "z": 10.0
        },
        {
            "x": 461.53504782471276,
            "y": 165.1571760942598,
            "z": 10.0
        },
        {
            "x": 135.7654718572231,
            "y": 326.001918352528,
            "z": 10.0
        },
        {
            "x": 102.65749019827742,
            "y": 212.90250654715697,
            "z": 10.0
        },
        {
            "x": 202.94722601580685,
            "y": 0.18009027687798662,
            "z": 10.0
        },
        {
            "x": 121.39285874480727,
            "y": 64.1857536243352,
            "z": 10.0
        },
        {
            "x": 415.80070185528933,
            "y": 315.8846031269278,
            "z": 10.0
        },
        {
            "x": 39.375159009112316,
            "y": 107.70514110388108,
            "z": 10.0
        },
        {
            "x": 238.87910999507167,
            "y": 130.1256827284815,
            "z": 10.0
        },
        {
            "x": 340.70244987891994,
            "y": 187.94951799925175,
            "z": 10.0
        },
        {
            "x": 284.2089507585704,
            "y": 100.45026176126298,
            "z": 10.0
        },
        {
            "x": 203.41094641251922,
            "y": 142.72379033095666,
            "z": 10.0
        },
        {
            "x": 398.5075981327768,
            "y": 368.2014401528945,
            "z": 10.0
        },
        {
            "x": 269.47803954956896,
            "y": 130.2735942499028,
            "z": 10.0
        },
        {
            "x": 68.84609685810817,
            "y": 394.67248719265143,
            "z": 10.0
        },
        {
            "x": 163.90071916233774,
            "y": 163.34329736544467,
            "z": 10.0
        },
        {
            "x": 170.09136128352642,
            "y": 28.133888746258997,
            "z": 10.0
        },
        {
            "x": 327.1449011452415,
            "y": 444.95631394012736,
            "z": 10.0
        },
        {
            "x": 179.6207651643264,
            "y": 439.8838888463544,
            "z": 10.0
        },
        {
            "x": 176.73772705839787,
            "y": 322.64605445127063,
            "z": 10.0
        },
        {
            "x": 102.41181552918704,
            "y": 432.21062590199233,
            "z": 10.0
        },
        {
            "x": 326.9534430411469,
            "y": 79.18755336375177,
            "z": 10.0
        },
        {
            "x": 290.37712808792435,
            "y": 448.1046577494751,
            "z": 10.0
        },
        {
            "x": 41.8261136675912,
            "y": 391.9972176012774,
            "z": 10.0
        },
        {
            "x": 249.97866606745671,
            "y": 15.508335614311253,
            "z": 10.0
        },
        {
            "x": 289.03369545289036,
            "y": 52.21723425784547,
            "z": 10.0
        },
        {
            "x": 126.63864752871751,
            "y": 136.64549659741692,
            "z": 10.0
        },
        {
            "x": 431.22561614647543,
            "y": 235.56438526721792,
            "z": 10.0
        },
        {
            "x": 301.74980885920223,
            "y": 37.98223071926093,
            "z": 10.0
        },
        {
            "x": 125.08049466947242,
            "y": 458.1110509061251,
            "z": 10.0
        },
        {
            "x": 302.45106064650656,
            "y": 94.23577765328162,
            "z": 10.0
        },
        {
            "x": 374.9205508477188,
            "y": 101.16919402989622,
            "z": 10.0
        },
        {
            "x": 286.4361761606152,
            "y": 260.7970524700296,
            "z": 10.0
        },
        {
            "x": 304.81526054482947,
            "y": 94.23948447765324,
            "z": 10.0
        },
        {
            "x": 416.75387141333306,
            "y": 226.17304939251815,
            "z": 10.0
        },
        {
            "x": 312.095666636527,
            "y": 441.00801017566005,
            "z": 10.0
        },
        {
            "x": 279.9784266590659,
            "y": 89.73178445679575,
            "z": 10.0
        },
        {
            "x": 279.0553238301251,
            "y": 108.65355053587899,
            "z": 10.0
        },
        {
            "x": 226.91497290127128,
            "y": 27.856022747155595,
            "z": 10.0
        },
        {
            "x": 436.40298363017877,
            "y": 158.54675139006957,
            "z": 10.0
        },
        {
            "x": 271.2170506792745,
            "y": 9.586334125079476,
            "z": 10.0
        },
        {
            "x": 262.5502137571404,
            "y": 253.18199433826393,
            "z": 10.0
        },
        {
            "x": 33.68432101043156,
            "y": 259.5391800413419,
            "z": 10.0
        },
        {
            "x": 373.99561461517936,
            "y": 360.36652053521715,
            "z": 10.0
        },
        {
            "x": 249.69358030077333,
            "y": 243.88523240236154,
            "z": 10.0
        },
        {
            "x": 424.97050540699587,
            "y": 13.931195157133313,
            "z": 10.0
        }
    ],
    "sensors": [
        {
            "x": 17.297136663321332,
            "y": 221.0404796253121,
            "z": -1.0
        },
        {
            "x": 19.731699548993788,
            "y": 330.6882580946823,
            "z": -1.0
        },
        {
            "x": 337.14438053614606,
            "y": 424.6876250647347,
            "z": -1.0
        },
        {
            "x": 162.36421249889338,
            "y": 309.13772394572385,
            "z": -1.0
        },
        {
            "x": 494.8069923184744,
            "y": 255.96146128049324,
            "z": -1.0
        },
        {
            "x": 72.70928925461811,
            "y": 339.91660611565334,
            "z": -1.0
        },
        {
            "x": 295.76651176795326,
            "y": 248.06631173509308,
            "z": -1.0
        },
        {
            "x": 470.13467856685764,
            "y": 217.14596614598113,
            "z": -1.0
        },
        {
            "x": 191.83345918577254,
            "y": 258.78592548951775,
            "z": -1.0
        },
        {
            "x": 194.25134247957493,
            "y": 477.3877695512844,
            "z": -1.0
        },
        {
            "x": 313.5919081419443,
            "y": 218.0757194634661,
            "z": -1.0
        },
        {
            "x": 58.01591181834903,
            "y": 110.10449598759875,
            "z": -1.0
        },
        {
            "x": 293.41990582217164,
            "y": 414.9837432608216,
            "z": -1.0
        },
        {
            "x": 373.876146034196,
            "y": 101.72400629385176,
            "z": -1.0
        },
        {
            "x": 208.79360492807808,
            "y": 175.46386172180374,
            "z": -1.0
        },
        {
            "x": 339.1300095597504,
            "y": 281.401323902242,
            "z": -1.0
        },
        {
            "x": 300.8874778220196,
            "y": 11.242815437954523,
            "z": -1.0
        },
        {
            "x": 427.9102177731572,
            "y": 351.91243577648095,
            "z": -1.0
        },
        {
            "x": 154.15374302981795,
            "y": 229.52625599886196,
            "z": -1.0
        },
        {
            "x": 188.797906253871,
            "y": 124.58938000656211,
            "z": -1.0
        },
        {
            "x": 353.6168281158572,
            "y": 422.75867682399996,
            "z": -1.0
        },
        {
            "x": 413.1352281906603,
            "y": 185.18135695911397,
            "z": -1.0
        },
        {
            "x": 474.21584460210863,
            "y": 457.95665814409637,
            "z": -1.0
        },
        {
            "x": 118.94941965499333,
            "y": 392.8504005560427,
            "z": -1.0
        },
        {
            "x": 287.13664793653476,
            "y": 429.32207099268874,
            "z": -1.0
        },
        {
            "x": 281.3411306606812,
            "y": 437.8164413416664,
            "z": -1.0
        },
        {
            "x": 164.66065247732158,
            "y": 343.14570872356484,
            "z": -1.0
        },
        {
            "x": 340.8577782205227,
            "y": 402.4773255587372,
            "z": -1.0
        },
        {
            "x": 295.33415651953374,
            "y": 191.3654363542233,
            "z": -1.0
        },
        {
            "x": 168.47051153481286,
            "y": 310.84621685296054,
            "z": -1.0
        },
        {
            "x": 284.5227975173034,
            "y": 487.38949097096287,
            "z": -1.0
        },
        {
            "x": 320.40448948295796,
            "y": 406.8816119427497,
            "z": -1.0
        },
        {
            "x": 30.87307329642808,
            "y": 377.6734707107345,
            "z": -1.0
        },
        {
            "x": 283.5481651440251,
            "y": 489.40215528122013,
            "z": -1.0
        },
        {
            "x": 262.4852853399526,
            "y": 366.89242451695645,
            "z": -1.0
        },
        {
            "x": 351.9258523249039,
            "y": 475.7305037983117,
            "z": -1.0
        },
        {
            "x": 418.3610479431172,
            "y": 318.66775778485095,
            "z": -1.0
        },
        {
            "x": 125.50788599024621,
            "y": 21.462623632137024,
            "z": -1.0
        },
        {
            "x": 250.06531639081626,
            "y": 401.1155209915319,
            "z": -1.0
        },
        {
            "x": 375.65688730997687,
            "y": 57.35524565208849,
            "z": -1.0
        },
        {
            "x": 407.1297507135713,
            "y": 82.37056109806213,
            "z": -1.0
        },
        {
            "x": 485.4339267353739,
            "y": 237.51934602811693,
            "z": -1.0
        },
        {
            "x": 18.7043023287356,
            "y": 452.8138671680887,
            "z": -1.0
        },
        {
            "x": 73.14813347606403,
            "y": 155.98313752183446,
            "z": -1.0
        },
        {
            "x": 38.38725921734115,
            "y": 245.14470114375598,
            "z": -1.0
        },
        {
            "x": 227.54345298093946,
            "y": 131.72188970849618,
            "z": -1.0
        },
        {
            "x": 487.10345603870473,
            "y": 382.94715908850674,
            "z": -1.0
        },
        {
            "x": 27.66199826022292,
            "y": 244.58092762590616,
            "z": -1.0
        },
        {
            "x": 18.9848754505349,
            "y": 87.02727400239945,
            "z": -1.0
        },
        {
            "x": 448.39567692346156,
            "y": 303.80250071223594,
            "z": -1.0
        },
        {
            "x": 147.50108159246238,
            "y": 145.52224709698496,
            "z": -1.0
        },
        {
            "x": 275.5163440868857,
            "y": 432.69430837882715,
            "z": -1.0
        },
        {
            "x": 496.73849119588226,
            "y": 259.4574192803319,
            "z": -1.0
        },
        {
            "x": 4.397405117837483,
            "y": 414.25879440341174,
            "z": -1.0
        },
        {
            "x": 211.86011690723154,
            "y": 431.72450001007974,
            "z": -1.0
        },
        {
            "x": 35.66461967468515,
            "y": 166.18462387459482,
            "z": -1.0
        },
        {
            "x": 385.9069710065104,
            "y": 42.237240266836174,
            "z": -1.0
        },
        {
            "x": 148.17091518670216,
            "y": 122.10987132536182,
            "z": -1.0
        },
        {
            "x": 497.07725898354096,
            "y": 324.6127746348454,
            "z": -1.0
        },
        {
            "x": 323.2849218871201,
            "y": 3.4405021576922046,
            "z": -1.0
        },
        {
            "x": 172.4666804373545,
            "y": 454.7491449262241,
            "z": -1.0
        },
        {
            "x": 223.18389160713232,
            "y": 156.4215832020297,
            "z": -1.0
        },
        {
            "x": 4.3092381644112,
            "y": 452.5564927161319,
            "z": -1.0
        },
        {
            "x": 306.36289329439745,
            "y": 33.09273794024881,
            "z": -1.0
        },
        {
            "x": 401.3766551636622,
            "y": 488.26180736588896,
            "z": -1.0
        },
        {
            "x": 413.034473610577,
            "y": 461.49719901699194,
            "z": -1.0
        },
        {
            "x": 490.66477338043194,
            "y": 93.19683527183348,
            "z": -1.0
        },
        {
            "x": 27.48821526460954,
            "y": 322.34070702084466,
            "z": -1.0
        },
        {
            "x": 291.9753437400558,
            "y": 161.44395241993658,
            "z": -1.0
        },
        {
            "x": 212.3933974031475,
            "y": 85.44682605135468,
            "z": -1.0
        },
        {
            "x": 228.38819679962262,
            "y": 471.26787301287015,
            "z": -1.0
        },
        {
            "x": 144.2436761002121,
            "y": 107.67425524828988,
            "z": -1.0
        },
        {
            "x": 192.94263112049148,
            "y": 455.2713911306597,
            "z": -1.0
        },
        {
            "x": 497.35774142645187,
            "y": 453.9224693417444,
            "z": -1.0
        },
        {
            "x": 251.89245534361783,
            "y": 378.24824692623105,
            "z": -1.0
        },
        {
            "x": 181.24424276368077,
            "y": 405.6754451706307,
            "z": -1.0
        },
        {
            "x": 473.293408179295,
            "y": 458.44145021641884,
            "z": -1.0
        },
        {
            "x": 187.25652374463786,
            "y": 357.4794296765947,
            "z": -1.0
        },
        {
            "x": 17.127130808658798,
            "y": 352.83897755960953,
            "z": -1.0
        },
        {
            "x": 405.84569097710875,
            "y": 356.40553601112055,
            "z": -1.0
        },
        {
            "x": 200.1762599111832,
            "y": 201.80966702047493,
            "z": -1.0
        },
        {
            "x": 382.1113259807428,
            "y": 467.26656671249236,
            "z": -1.0
        },
        {
            "x": 210.0289760799794,
            "y": 490.20267686382005,
            "z": -1.0
        },
        {
            "x": 83.83087891168644,
            "y": 494.29737543515773,
            "z": -1.0
        },
        {
            "x": 133.08580048107248,
            "y": 356.82651882337,
            "z": -1.0
        },
        {
            "x": 246.85129701870983,
            "y": 480.8754209446901,
            "z": -1.0
        },
        {
            "x": 451.5466008759571,
            "y": 440.7784704079725,
            "z": -1.0
        },
        {
            "x": 236.22646345958924,
            "y": 229.27857578875256,
            "z": -1.0
        },
        {
            "x": 151.67191124343137,
            "y": 236.25535445653884,
            "z": -1.0
        },
        {
            "x": 7.9419714778951604,
            "y": 363.5725919420001,
            "z": -1.0
        },
        {
            "x": 297.70167156200694,
            "y": 403.0828403054064,
            "z": -1.0
        },
        {
            "x": 104.69348223879699,
            "y": 311.4854166425239,
            "z": -1.0
        },
        {
            "x": 451.05585480414715,
            "y": 212.39129308130362,
            "z": -1.0
        },
        {
            "x": 258.1151153538635,
            "y": 478.06151635054823,
            "z": -1.0
        },
        {
            "x": 442.5851248880361,
            "y": 177.45810814793415,
            "z": -1.0
        },
        {
            "x": 61.397782577359116,
            "y": 77.07608058235455,
            "z": -1.0
        },
        {
            "x": 5.589100060315544,
            "y": 301.37217014213024,
            "z": -1.0
        },
        {
            "x": 4.659037161922564,
            "y": 435.4333107319703,
            "z": -1.0
        },
        {
            "x": 60.62473988656569,
            "y": 170.54649566052353,
            "z": -1.0
        },
        {
            "x": 447.8712638825649,
            "y": 165.56505199172145,
            "z": -1.0
        }
    ],
    "center": {
        "x": 262.24262950539514,
        "y": 268.9928370102476,
        "z": 0.0
    },
    "radius": 50
}