{
    "W": 200,
    "H": 200,
    "depth": 1.0,
    "height": 10.0,
    "num_of_relays": 40,
    "num_of_sensors": 80,
    "relays": [
        {
            "x": 69.58388033424475,
            "y": 120.3766846499065,
            "z": 10.0
        },
        {
            "x": 94.40448374245017,
            "y": 101.73314809950067,
            "z": 36.27333274478231
        },
        {
            "x": 86.64978274205033,
            "y": 102.49807993447068,
            "z": 26.179728312245587
        },
        {
            "x": 79.61801491487628,
            "y": 147.6130393203064,
            "z": 11.125067091898469
        },
        {
            "x": 55.354078301786544,
            "y": 109.32114195513411,
            "z": 10.0
        },
        {
            "x": 75.43672036031941,
            "y": 146.46163126258176,
            "z": 11.118239079533502
        },
        {
            "x": 69.0265290214077,
            "y": 145.34989367579178,
            "z": 10.0
        },
        {
            "x": 83.70926690682147,
            "y": 145.39114694198676,
            "z": 13.061349736079368
        },
        {
            "x": 93.20545372773618,
            "y": 125.67612997348446,
            "z": 19.700000194607526
        },
        {
            "x": 64.54703550452476,
            "y": 132.11705240439136,
            "z": 10.0
        },
        {
            "x": 92.40292780773868,
            "y": 148.19572891688668,
            "z": 21.317969984204353
        },
        {
            "x": 73.7177731857155,
            "y": 95.13319156430833,
            "z": 10.253407359370412
        },
        {
            "x": 43.539085969913636,
            "y": 136.15455225515547,
            "z": 10.0
        },
        {
            "x": 42.58942204785724,
            "y": 133.7030143348977,
            "z": 10.0
        },
        {
            "x": 64.12389319717869,
            "y": 180.7397054950421,
            "z": 10.0
        },
        {
            "x": 71.75161056406203,
            "y": 116.82630943464369,
            "z": 10.711907712910048
        },
        {
            "x": 59.586274662774585,
            "y": 107.4611196205432,
            "z": 10.0
        },
        {
            "x": 47.08123718448293,
            "y": 124.52582257875477,
            "z": 10.0
        },
        {
            "x": 63.108020338550716,
            "y": 98.31264582968655,
            "z": 10.0
        },
        {
            "x": 92.95576278706658,
            "y": 127.42465975843015,
            "z": 19.8992733588289
        },
        {
            "x": 55.559285827496026,
            "y": 132.70506124640355,
            "z": 10.0
        },
        {
            "x": 61.977755228281595,
            "y": 135.2553429381128,
            "z": 10.0
        },
        {
            "x": 80.26668964684474,
            "y": 121.98113150007961,
            "z": 16.520497122134532
        },
        {
            "x": 62.603498584976606,
            "y": 109.28423730916461,
            "z": 10.0
        },
        {
            "x": 42.69383478989205,
            "y": 146.58346989376653,
            "z": 10.0
        },
        {
            "x": 53.965648837375525,
            "y": 122.28128347522822,
            "z": 10.0
        },
        {
            "x": 66.04237037828383,
            "y": 122.85729850142187,
            "z": 10.0
        },
        {
            "x": 75.73454029027747,
            "y": 133.4005295255931,
            "z": 12.040317715355862
        },
        {
            "x": 57.274894389053394,
            "y": 150.390861833898,
            "z": 10.0
        },
        {
            "x": 60.807002943397904,
            "y": 161.9199636162487,
            "z": 10.0
        },
        {
            "x": 64.79919996232276,
            "y": 99.82086978296138,
            "z": 10.0
        },
        {
            "x": 87.260231549068,
            "y": 122.05678441901921,
            "z": 18.774595477536106
        },
        {
            "x": 74.86798237488787,
            "y": 93.8216427891215,
            "z": 18.326890263259823
        },
        {
            "x": 62.18245307169055,
            "y": 129.02188914062828,
            "z": 10.0
        },
        {
            "x": 56.68175656732568,
            "y": 125.03005328742115,
            "z": 10.0
        },
        {
            "x": 59.6725699994312,
            "y": 119.90726579620127,
            "z": 10.0
        },
        {
            "x": 108.89157453592104,
            "y": 156.546670998293,
            "z": 30.395296694360514
        },
        {
            "x": 44.36091290454087,
            "y": 138.581778477284,
            "z": 10.0
        },
        {
            "x": 85.11546592754293,
            "y": 140.6269171146215,
            "z": 15.687510163211385
        },
        {
            "x": 101.08498945169762,
            "y": 131.92231412398428,
            "z": 47.75826520929761
        }
    ],
    "sensors": [
        {
            "x": 63.78711182874724,
            "y": 70.06781372379815,
            "z": -1.0
        },
        {
            "x": 46.51219786540843,
            "y": 81.25988717892878,
            "z": -1.0
        },
        {
            "x": 25.573985589000518,
            "y": 174.79810108758494,
            "z": 40.24775743191386
        },
        {
            "x": 48.52372914383627,
            "y": 52.22495283795181,
            "z": -1.0
        },
        {
            "x": 16.027128811286595,
            "y": 90.02133397880176,
            "z": -1.0
        },
        {
            "x": 41.177008538134366,
            "y": 199.999,
            "z": 22.708440524588262
        },
        {
            "x": 87.27025075995445,
            "y": 50.46508413357418,
            "z": 15.641227139164975
        },
        {
            "x": 67.68284542551085,
            "y": 117.06570627642836,
            "z": -1.0
        },
        {
            "x": 33.879862807439125,
            "y": 112.6874634434621,
            "z": -1.0
        },
        {
            "x": 30.82071230690742,
            "y": 65.49834721687537,
            "z": -1.0
        },
        {
            "x": 43.280137494135225,
            "y": 123.12750073614158,
            "z": -1.0
        },
        {
            "x": 30.4053665528153,
            "y": 87.74396640455497,
            "z": -1.0
        },
        {
            "x": 25.419885706814036,
            "y": 132.4038549919176,
            "z": 0.0019157708614299107
        },
        {
            "x": 61.06315966273179,
            "y": 51.0422821403434,
            "z": -1.0
        },
        {
            "x": 48.42789970448725,
            "y": 54.193116539968536,
            "z": -1.0
        },
        {
            "x": 23.014076453898614,
            "y": 126.14863320555237,
            "z": -1.0
        },
        {
            "x": 46.63535119507175,
            "y": 63.371198441876494,
            "z": -1.0
        },
        {
            "x": 35.8959845111612,
            "y": 105.80822666560493,
            "z": -1.0
        },
        {
            "x": 50.470868994787295,
            "y": 70.27040953093544,
            "z": -1.0
        },
        {
            "x": 40.21611197139181,
            "y": 57.977640275088525,
            "z": -1.0
        },
        {
            "x": 43.36979036206993,
            "y": 70.77784497238939,
            "z": -1.0
        },
        {
            "x": 36.31002857643408,
            "y": 62.75422700481656,
            "z": -1.0
        },
        {
            "x": 62.37860077353465,
            "y": 73.1646457200025,
            "z": -1.0
        },
        {
            "x": 91.85947478582591,
            "y": 52.934300000336464,
            "z": 43.975118749371305
        },
        {
            "x": 86.19341438388953,
            "y": 77.59840980110923,
            "z": 25.403034698209666
        },
        {
            "x": 12.739122158625875,
            "y": 111.51459553331624,
            "z": 6.418663426441296
        },
        {
            "x": 84.72316278463116,
            "y": 67.37777621466643,
            "z": 13.305263310082143
        },
        {
            "x": 68.86716207144859,
            "y": 62.90956031318149,
            "z": 3.655296501090379
        },
        {
            "x": 69.39738664462433,
            "y": 60.715350288037655,
            "z": 0.14456046086024799
        },
        {
            "x": 85.18489873400323,
            "y": 78.03919624729399,
            "z": 27.164760725456265
        },
        {
            "x": 80.25736045860454,
            "y": 114.08244950931547,
            "z": 7.432181785303566
        },
        {
            "x": 72.77718646048915,
            "y": 82.6903197222638,
            "z": 2.1010388097272523
        },
        {
            "x": 68.08888631339403,
            "y": 58.31328486373275,
            "z": 4.047973219944234
        },
        {
            "x": 73.8362741336476,
            "y": 55.85685234855845,
            "z": 7.544335875954989
        },
        {
            "x": 33.767503589851785,
            "y": 66.32163898952989,
            "z": -1.0
        },
        {
            "x": 34.272396142393795,
            "y": 103.58770011330719,
            "z": -1.0
        },
        {
            "x": 38.8415440984772,
            "y": 133.24959319102166,
            "z": -1.0
        },
        {
            "x": 95.81846192725969,
            "y": 107.31123388277675,
            "z": 45.09067989088645
        },
        {
            "x": 66.05258026116404,
            "y": 88.48821035821513,
            "z": -1.0
        },
        {
            "x": 76.37092366024446,
            "y": 76.46565978677128,
            "z": 7.217586290280385
        },
        {
            "x": 102.63940574044769,
            "y": 42.669146203640544,
            "z": 50.03270164424748
        },
        {
            "x": 64.71530326247048,
            "y": 11.343510044678192,
            "z": -1.0
        },
        {
            "x": 52.345183435676645,
            "y": 15.44724933064018,
            "z": -1.0
        },
        {
            "x": 26.404676282512913,
            "y": 58.60504387700737,
            "z": -1.0
        },
        {
            "x": 24.34475054978052,
            "y": 61.772993587640826,
            "z": -1.0
        },
        {
            "x": 49.02178758647695,
            "y": 12.76315510871974,
            "z": -1.0
        },
        {
            "x": 69.23832276572973,
            "y": 25.207044759342743,
            "z": 4.644735716734899
        },
        {
            "x": 50.89182191823543,
            "y": 40.29551110502835,
            "z": -1.0
        },
        {
            "x": 109.60745115657649,
            "y": 44.0976628072187,
            "z": 59.067713933579505
        },
        {
            "x": 22.454155214218048,
            "y": 15.024719850212472,
            "z": -1.0
        },
        {
            "x": 41.13696544063116,
            "y": 27.797234032184235,
            "z": -1.0
        },
        {
            "x": 15.539204682457623,
            "y": 41.310272246860634,
            "z": -1.0
        },
        {
            "x": 66.64041239484794,
            "y": 26.989660266691608,
            "z": 4.58224410003829
        },
        {
            "x": 11.987866989264003,
            "y": 10.686872735524043,
            "z": -1.0
        },
        {
            "x": 24.77676170930934,
            "y": 28.64965455179282,
            "z": -1.0
        },
        {
            "x": 87.31746007554177,
            "y": 4.707928528844209,
            "z": 4.517641132997019
        },
        {
            "x": 66.76552345253336,
            "y": 11.596751294507047,
            "z": -1.0
        },
        {
            "x": 54.14054926901731,
            "y": 35.08684645240246,
            "z": -1.0
        },
        {
            "x": 30.139803572533868,
            "y": 18.092791959397342,
            "z": -1.0
        },
        {
            "x": 61.566446074818145,
            "y": 34.641009354574976,
            "z": 4.278415590023242
        },
        {
            "x": 113.04709660793542,
            "y": 52.921672768735164,
            "z": 86.62241620678407
        },
        {
            "x": 12.7875371866474,
            "y": 33.56397203645951,
            "z": -1.0
        },
        {
            "x": 13.582135753632713,
            "y": 23.469356758458623,
            "z": -1.0
        },
        {
            "x": 24.41766063168614,
            "y": 51.625767182478725,
            "z": -1.0
        },
        {
            "x": 35.76753040297137,
            "y": 55.18402550826378,
            "z": -1.0
        },
        {
            "x": 69.53348592710708,
            "y": 28.172128444802077,
            "z": 6.166524041447971
        },
        {
            "x": 12.66536920216877,
            "y": 51.02765974580636,
            "z": -1.0
        },
        {
            "x": 30.214300316400433,
            "y": 50.01931608013701,
            "z": -1.0
        },
        {
            "x": 18.545100346312697,
            "y": 50.22218347204647,
            "z": -1.0
        },
        {
            "x": 10.919380142732745,
            "y": 17.10373649122439,
            "z": -1.0
        },
        {
            "x": 18.56743758887948,
            "y": 5.562591959997132,
            "z": -1.0
        },
        {
            "x": 56.8050495744636,
            "y": 43.34663498050382,
            "z": -1.0
        },
        {
            "x": 94.50376011072173,
            "y": 17.51369049135624,
            "z": 16.88256146847265
        },
        {
            "x": 54.607442066775135,
            "y": 38.89538943364241,
            "z": -1.0
        },
        {
            "x": 13.426788171620137,
            "y": 13.40091240421099,
            "z": -1.0
        },
        {
            "x": 38.67052252657513,
            "y": 49.75431440754167,
            "z": -1.0
        },
        {
            "x": 34.11429502762775,
            "y": 44.85980397517219,
            "z": -1.0
        },
        {
            "x": 96.88730081866207,
            "y": 40.353951083445594,
            "z": 41.63606130896495
        },
        {
            "x": 28.097956422872507,
            "y": 47.33270092652545,
            "z": -1.0
        },
        {
            "x": 39.44720641178348,
            "y": 20.48680684748077,
            "z": -1.0
        }
    ],
    "center": {
        "x": 89.53665561584718,
        "y": 140.33042899925601,
        "z": 7.872537259750697
    },
    "radius": 25
}