{
    "W": 200,
    "H": 200,
    "depth": 1.0,
    "height": 10.0,
    "num_of_relays": 40,
    "num_of_sensors": 80,
    "relays": [
        {
            "x": 112.05577257823299,
            "y": 19.536876020785193,
            "z": 71.38472313839492
        },
        {
            "x": 45.43911469634064,
            "y": 47.949604307701165,
            "z": 10.0
        },
        {
            "x": 142.9701630004413,
            "y": 53.44074197861759,
            "z": 61.18892437381632
        },
        {
            "x": 21.37800092251611,
            "y": 115.26305956641094,
            "z": 10.0
        },
        {
            "x": 78.63047249933787,
            "y": 43.980032768788845,
            "z": 22.0777454956488
        },
        {
            "x": 59.627999065669215,
            "y": 132.43675025279845,
            "z": 10.0
        },
        {
            "x": 49.37965775804351,
            "y": 41.06874038345266,
            "z": 10.0
        },
        {
            "x": 81.33534535116907,
            "y": 39.16497222712263,
            "z": 26.221845989895947
        },
        {
            "x": 33.4308425343478,
            "y": 4.667932715037116,
            "z": 10.0
        },
        {
            "x": 137.36029175069993,
            "y": 100.69629822364884,
            "z": 71.55746118922706
        },
        {
            "x": 162.76683556912707,
            "y": 44.56526774376646,
            "z": 12.819407089177833
        },
        {
            "x": 103.02770579554226,
            "y": 68.94933534424513,
            "z": 89.90473363197654
        },
        {
            "x": 33.269768632424835,
            "y": 74.40977138063535,
            "z": 10.0
        },
        {
            "x": 14.044509187229187,
            "y": 18.367514058617026,
            "z": 10.0
        },
        {
            "x": 63.400428568957786,
            "y": 52.32374502575321,
            "z": 10.0
        },
        {
            "x": 91.12418827990709,
            "y": 113.67510368842139,
            "z": 35.318754719393475
        },
        {
            "x": 49.80979274051292,
            "y": 16.30025252278369,
            "z": 10.0
        },
        {
            "x": 27.568165690824962,
            "y": 153.73998084620405,
            "z": 33.81811598845731
        },
        {
            "x": 60.24261136430516,
            "y": 37.81480978867045,
            "z": 12.787493594946898
        },
        {
            "x": 41.16431418042653,
            "y": 12.809910189123784,
            "z": 10.0
        },
        {
            "x": 49.21621287467873,
            "y": 52.626371859055915,
            "z": 10.0
        },
        {
            "x": 57.990691315741756,
            "y": 120.28195944911275,
            "z": 10.0
        },
        {
            "x": 38.83566595765211,
            "y": 12.548814227613608,
            "z": 10.0
        },
        {
            "x": 93.2452866832119,
            "y": 26.992433891310025,
            "z": 34.119934018643235
        },
        {
            "x": 28.40373846798941,
            "y": 63.44156468118795,
            "z": 10.0
        },
        {
            "x": 15.978376156547322,
            "y": 90.54326690763352,
            "z": 10.0
        },
        {
            "x": 16.992960588326333,
            "y": 59.390973956537266,
            "z": 10.0
        },
        {
            "x": 19.407395621360994,
            "y": 61.7420970127276,
            "z": 10.0
        },
        {
            "x": 71.90790425444659,
            "y": 149.06608509998654,
            "z": 10.0
        },
        {
            "x": 46.818723765162986,
            "y": 199.999,
            "z": 10.004818246851842
        },
        {
            "x": 59.62085405417607,
            "y": 106.77057917133365,
            "z": 10.0
        },
        {
            "x": 99.28759200779379,
            "y": 41.23490910266532,
            "z": 56.203418420635764
        },
        {
            "x": 68.38110372127406,
            "y": 28.478601678019164,
            "z": 17.09588234137791
        },
        {
            "x": 60.85855047218847,
            "y": 109.09292883418365,
            "z": 10.0
        },
        {
            "x": 12.708509490140978,
            "y": 24.551397496366963,
            "z": 10.0
        },
        {
            "x": 18.822321758090762,
            "y": 21.493995246213835,
            "z": 10.0
        },
        {
            "x": 69.80635401734304,
            "y": 80.57923148376605,
            "z": 10.008973267988779
        },
        {
            "x": 26.43829316611156,
            "y": 46.21748437278528,
            "z": 10.0
        },
        {
            "x": 61.96038249106035,
            "y": 101.73103828061826,
            "z": 10.0
        },
        {
            "x": 48.57229767433536,
            "y": 10.342694044282304,
            "z": 10.0
        }
    ],
    "sensors": [
        {
            "x": 73.4590164586723,
            "y": 88.86426932817973,
            "z": 3.9335950247330285
        },
        {
            "x": 90.33813629089217,
            "y": 91.73499126777541,
            "z": 45.936843540106906
        },
        {
            "x": 90.2316583784325,
            "y": 160.23306726145577,
            "z": 13.627937711484728
        },
        {
            "x": 31.98223266033191,
            "y": 54.78903798619967,
            "z": -1.0
        },
        {
            "x": 59.097549226652156,
            "y": 39.842377700264095,
            "z": -1.0
        },
        {
            "x": 29.718076548720813,
            "y": 143.19935723342996,
            "z": 10.349233939085886
        },
        {
            "x": 72.72793441234806,
            "y": 90.78576401119284,
            "z": 0.4430316454487897
        },
        {
            "x": 51.962874746637475,
            "y": 45.3702977554256,
            "z": -1.0
        },
        {
            "x": 52.890585996274424,
            "y": 24.300192521027725,
            "z": -1.0
        },
        {
            "x": 40.29280328595254,
            "y": 156.37761632223226,
            "z": 2.7496611790274916
        },
        {
            "x": 14.637014384716224,
            "y": 14.291864297000007,
            "z": -1.0
        },
        {
            "x": 65.27598839164973,
            "y": 38.345819009995694,
            "z": 5.357002502253916
        },
        {
            "x": 60.23780104361451,
            "y": 34.69012871688932,
            "z": 4.583541760124676
        },
        {
            "x": 38.78096729564355,
            "y": 109.5936784509984,
            "z": -1.0
        },
        {
            "x": 52.674291287261575,
            "y": 30.0419121156685,
            "z": -1.0
        },
        {
            "x": 21.14741881546517,
            "y": 89.59775145522329,
            "z": -1.0
        },
        {
            "x": 36.335418810319645,
            "y": 148.7786771464672,
            "z": -0.0714889864306063
        },
        {
            "x": 54.572093114681095,
            "y": 165.4448513127021,
            "z": -1.0
        },
        {
            "x": 39.05123644381631,
            "y": 109.54844483942682,
            "z": -1.0
        },
        {
            "x": 27.64306790524833,
            "y": 10.874310638741857,
            "z": -1.0
        },
        {
            "x": 27.296283550242528,
            "y": 73.86014908126869,
            "z": -1.0
        },
        {
            "x": 61.79984447524582,
            "y": 94.33100126471567,
            "z": -1.0
        },
        {
            "x": 8.299473817417148,
            "y": 70.65798489722529,
            "z": 20.119378684478466
        },
        {
            "x": 59.34230677094695,
            "y": 52.95342458523014,
            "z": -1.0
        },
        {
            "x": 51.99737988626926,
            "y": 38.99414066605601,
            "z": -1.0
        },
        {
            "x": 21.09523834142152,
            "y": 111.43868168050115,
            "z": -1.0
        },
        {
            "x": 55.44032480678588,
            "y": 49.75590747820162,
            "z": -1.0
        },
        {
            "x": 117.78933730365289,
            "y": 64.57933490091126,
            "z": 97.50079792513853
        },
        {
            "x": 14.876494077889834,
            "y": 35.612569918276726,
            "z": -1.0
        },
        {
            "x": 59.2442073401583,
            "y": 21.839045525388023,
            "z": -1.0
        },
        {
            "x": 22.575498505730163,
            "y": 51.84101063973234,
            "z": -1.0
        },
        {
            "x": 100.93138039863422,
            "y": 122.05570288851581,
            "z": 43.35450891614246
        },
        {
            "x": 53.48850408720953,
            "y": 45.0349127369905,
            "z": -1.0
        },
        {
            "x": 76.1851694944754,
            "y": 75.76694874926623,
            "z": 6.821784693791011
        },
        {
            "x": 11.122012092002622,
            "y": 5.097355627396278,
            "z": -1.0
        },
        {
            "x": 32.882356159267374,
            "y": 110.01480910827976,
            "z": -1.0
        },
        {
            "x": 37.34275617818081,
            "y": 33.411824952668326,
            "z": -1.0
        },
        {
            "x": 41.689807972366424,
            "y": 87.68515688748117,
            "z": -1.0
        },
        {
            "x": 10.662640612716746,
            "y": 19.610281136062362,
            "z": -1.0
        },
        {
            "x": 66.46858656060775,
            "y": 36.64753620796514,
            "z": 4.558861133715086
        },
        {
            "x": 4.375754722304064,
            "y": 190.1124908680764,
            "z": 80.7428868683086
        },
        {
            "x": 147.43980403689199,
            "y": 155.11505959935522,
            "z": 83.1514073324392
        },
        {
            "x": 119.4799694799544,
            "y": 131.43928592922836,
            "z": 88.10331858872318
        },
        {
            "x": 120.47300442018525,
            "y": 56.89722194118515,
            "z": 99.67246506721482
        },
        {
            "x": 110.80058841664001,
            "y": 133.25237819910083,
            "z": 75.52877428757043
        },
        {
            "x": 111.07690925794539,
            "y": 118.16312034430136,
            "z": 80.70214123679561
        },
        {
            "x": 148.75882458011307,
            "y": 55.50469253187988,
            "z": 47.09718362038784
        },
        {
            "x": 124.53808752801149,
            "y": 8.6393066551648,
            "z": 77.29056444331749
        },
        {
            "x": 160.80742519095799,
            "y": 47.130517026416996,
            "z": 21.015387356317213
        },
        {
            "x": 115.08345822369854,
            "y": 91.49699538722624,
            "z": 88.06516762718547
        },
        {
            "x": 143.05898699695882,
            "y": 30.871231606591305,
            "z": 82.35762287629784
        },
        {
            "x": 165.54962074683445,
            "y": 23.492834099338317,
            "z": -1.0
        },
        {
            "x": 148.75837576422686,
            "y": 123.99343480667505,
            "z": 34.26247878324269
        },
        {
            "x": 191.06798900754697,
            "y": 102.60223758008854,
            "z": -0.4441677738879619
        },
        {
            "x": 111.63314651635821,
            "y": 71.78103207044407,
            "z": 91.22611176420986
        },
        {
            "x": 124.70072922304018,
            "y": 20.299872449826232,
            "z": 79.4308312662291
        },
        {
            "x": 109.20537459277621,
            "y": 68.52775586131982,
            "z": 89.3548227158722
        },
        {
            "x": 131.42249222092087,
            "y": 102.94531974503681,
            "z": 68.9006254302755
        },
        {
            "x": 193.75445449798846,
            "y": 158.48180088334962,
            "z": 4.249109100402308
        },
        {
            "x": 184.3105834504782,
            "y": 51.575855731652915,
            "z": -1.0
        },
        {
            "x": 137.40759582195133,
            "y": 14.105326823199757,
            "z": 75.65246901360644
        },
        {
            "x": 125.031409985838,
            "y": 199.999,
            "z": 68.94045951269273
        },
        {
            "x": 54.37709108342265,
            "y": 192.6682670217196,
            "z": -1.0
        },
        {
            "x": 199.999,
            "y": 39.399743561146295,
            "z": -1.0
        },
        {
            "x": 20.289870704345162,
            "y": 173.2874148100298,
            "z": 56.188894369960536
        },
        {
            "x": 199.999,
            "y": 83.23973961437449,
            "z": -1.0
        },
        {
            "x": 149.18200327707888,
            "y": 23.119946496661576,
            "z": 54.49442342169429
        },
        {
            "x": 108.61145849601988,
            "y": 68.29497420696215,
            "z": 89.15175660419911
        },
        {
            "x": 113.45920752493684,
            "y": 74.3225101195374,
            "z": 94.93238842179053
        },
        {
            "x": 191.96219041291246,
            "y": 25.515761718798,
            "z": -1.0
        },
        {
            "x": 115.52947952155503,
            "y": 66.14574614091495,
            "z": 93.12148017617434
        },
        {
            "x": 20.4008659775342,
            "y": 183.5924212168846,
            "z": 62.50425210596932
        },
        {
            "x": 117.18451048934696,
            "y": 92.79602402318429,
            "z": 88.91118832122496
        },
        {
            "x": 32.37660233084739,
            "y": 199.999,
            "z": 43.42708607804227
        },
        {
            "x": 153.75761658062834,
            "y": 2.05537682501853,
            "z": 35.842467580376585
        },
        {
            "x": 138.75336232431877,
            "y": 39.33840682619827,
            "z": 80.57255115210397
        },
        {
            "x": 135.84662783708387,
            "y": 148.41087177888485,
            "z": 93.90071425516116
        },
        {
            "x": 132.98516441532607,
            "y": 27.93575322386365,
            "z": 94.16295966395435
        },
        {
            "x": 122.32648806085521,
            "y": 83.73376055501407,
            "z": 80.6252191379837
        },
        {
            "x": 7.9410745333265735,
            "y": 186.3616478182825,
            "z": 95.31729810467436
        }
    ],
    "center": {
        "x": 53.83581203290301,
        "y": 68.07722892663016,
        "z": 0.0
    },
    "radius": 50
}