{
    "W": 200,
    "H": 200,
    "depth": 1.0,
    "height": 10.0,
    "num_of_relays": 40,
    "num_of_sensors": 40,
    "relays": [
        {
            "x": 77.03890627171515,
            "y": 50.700727376084956,
            "z": 10.0
        },
        {
            "x": 109.30177950406942,
            "y": 66.15857058170099,
            "z": 10.0
        },
        {
            "x": 84.0614924990969,
            "y": 71.44190663608273,
            "z": 10.0
        },
        {
            "x": 84.05587122288793,
            "y": 34.622548926080995,
            "z": 10.0
        },
        {
            "x": 89.09582244346635,
            "y": 64.55764890072459,
            "z": 10.0
        },
        {
            "x": 171.97701407811942,
            "y": 58.535370814960515,
            "z": 10.0
        },
        {
            "x": 98.67076074615767,
            "y": 21.34388042673559,
            "z": 10.0
        },
        {
            "x": 113.50318883927699,
            "y": 92.08115270099509,
            "z": 10.0
        },
        {
            "x": 121.24068817431412,
            "y": 46.287847263129954,
            "z": 10.0
        },
        {
            "x": 124.55627614052261,
            "y": 12.768805823583815,
            "z": 10.0
        },
        {
            "x": 83.69993534167858,
            "y": 71.21131290279433,
            "z": 10.0
        },
        {
            "x": 96.18710700886864,
            "y": 55.00273804477788,
            "z": 10.0
        },
        {
            "x": 127.26296226471428,
            "y": 96.75254370920334,
            "z": 10.0
        },
        {
            "x": 82.79613155097442,
            "y": 45.338565126391664,
            "z": 10.0
        },
        {
            "x": 115.41847971802201,
            "y": 57.53014211467016,
            "z": 10.0
        },
        {
            "x": 91.09971079459413,
            "y": 43.860429049187005,
            "z": 10.0
        },
        {
            "x": 95.99381292856903,
            "y": 55.0014305301723,
            "z": 10.0
        },
        {
            "x": 92.23998914778683,
            "y": 60.90529704226469,
            "z": 10.0
        },
        {
            "x": 93.23274687928524,
            "y": 61.944985468678155,
            "z": 10.0
        },
        {
            "x": 109.60779371382391,
            "y": 56.902117269749986,
            "z": 10.0
        },
        {
            "x": 119.16445056964042,
            "y": 26.091150260605577,
            "z": 10.0
        },
        {
            "x": 98.02538699776939,
            "y": 42.739188013563954,
            "z": 10.0
        },
        {
            "x": 105.79077934872176,
            "y": 48.18391737880259,
            "z": 10.0
        },
        {
            "x": 112.03268174875889,
            "y": 31.08179720809312,
            "z": 10.0
        },
        {
            "x": 94.9031456882864,
            "y": 80.12144211390013,
            "z": 10.0
        },
        {
            "x": 80.02193728619214,
            "y": 78.82602488758889,
            "z": 10.0
        },
        {
            "x": 97.16131952194328,
            "y": 43.994950174258534,
            "z": 10.0
        },
        {
            "x": 83.82601083220496,
            "y": 49.4220271249218,
            "z": 10.0
        },
        {
            "x": 87.87713202292682,
            "y": 42.1447355037841,
            "z": 10.0
        },
        {
            "x": 114.63505556525831,
            "y": 24.325593900464813,
            "z": 10.0
        },
        {
            "x": 100.98618121484841,
            "y": 50.53786095653025,
            "z": 10.0
        },
        {
            "x": 84.12026633190266,
            "y": 35.92437784198447,
            "z": 10.0
        },
        {
            "x": 81.4036825267514,
            "y": 63.606631105990154,
            "z": 10.0
        },
        {
            "x": 123.8257323472006,
            "y": 89.1662690089809,
            "z": 10.0
        },
        {
            "x": 89.83857446693797,
            "y": 34.06015454833764,
            "z": 10.0
        },
        {
            "x": 97.57096879796651,
            "y": 87.03833733411818,
            "z": 10.0
        },
        {
            "x": 164.01289019778673,
            "y": 59.713921174278674,
            "z": 10.0
        },
        {
            "x": 84.5786760780471,
            "y": 59.39695328192172,
            "z": 10.0
        },
        {
            "x": 91.3653892178677,
            "y": 46.114242504817156,
            "z": 10.0
        },
        {
            "x": 111.77445826794269,
            "y": 91.71790779175133,
            "z": 10.0
        }
    ],
    "sensors": [
        {
            "x": 37.74941852821141,
            "y": 35.125956053664204,
            "z": -1.0
        },
        {
            "x": 69.22326574312119,
            "y": 57.78654929936427,
            "z": -1.0
        },
        {
            "x": 43.66001114899984,
            "y": 17.079956247088173,
            "z": -1.0
        },
        {
            "x": 169.02462536952936,
            "y": 52.214975109163085,
            "z": -1.0
        },
        {
            "x": 56.37227635194364,
            "y": 18.25737408378866,
            "z": -1.0
        },
        {
            "x": 81.77646154483375,
            "y": 11.98151880623961,
            "z": -1.0
        },
        {
            "x": 67.44497848518184,
            "y": 98.43730429689809,
            "z": -1.0
        },
        {
            "x": 133.26828409805623,
            "y": 28.478773552667064,
            "z": -1.0
        },
        {
            "x": 108.96136963131764,
            "y": 11.103490715450535,
            "z": -1.0
        },
        {
            "x": 49.869937648755055,
            "y": 26.097907455407835,
            "z": -1.0
        },
        {
            "x": 31.492539641403948,
            "y": 50.132712127073454,
            "z": -1.0
        },
        {
            "x": 96.48737185953726,
            "y": 33.502200178670215,
            "z": -1.0
        },
        {
            "x": 41.42584473347556,
            "y": 101.24868667870153,
            "z": -1.0
        },
        {
            "x": 101.89909689899483,
            "y": 38.426653846754036,
            "z": -1.0
        },
        {
            "x": 66.27942271799549,
            "y": 125.05731725856518,
            "z": -1.0
        },
        {
            "x": 29.95029042223818,
            "y": 59.721435132401076,
            "z": -1.0
        },
        {
            "x": 58.44764666839959,
            "y": 91.80756856800744,
            "z": -1.0
        },
        {
            "x": 31.92458373745584,
            "y": 32.28077107968778,
            "z": -1.0
        },
        {
            "x": 57.02798718716713,
            "y": 30.609741725048217,
            "z": -1.0
        },
        {
            "x": 54.61041062790902,
            "y": 56.349516566744015,
            "z": -1.0
        },
        {
            "x": 67.78548773622789,
            "y": 15.522959257311214,
            "z": -1.0
        },
        {
            "x": 41.23732918909274,
            "y": 86.24689157867535,
            "z": -1.0
        },
        {
            "x": 41.35029220251461,
            "y": 36.837527783383706,
            "z": -1.0
        },
        {
            "x": 37.95838239514397,
            "y": 39.66180048049514,
            "z": -1.0
        },
        {
            "x": 59.63337052310218,
            "y": 38.85223565643962,
            "z": -1.0
        },
        {
            "x": 48.295062154611216,
            "y": 15.749286033295874,
            "z": -1.0
        },
        {
            "x": 105.25700404431036,
            "y": 50.01800293079681,
            "z": -1.0
        },
        {
            "x": 86.93124181839698,
            "y": 1.417223931687666,
            "z": -1.0
        },
        {
            "x": 173.877380177165,
            "y": 62.292390973024204,
            "z": -1.0
        },
        {
            "x": 94.42603952845884,
            "y": 49.05493504681207,
            "z": -1.0
        },
        {
            "x": 78.94345319312211,
            "y": 35.94366818440352,
            "z": -1.0
        },
        {
            "x": 106.66111483349084,
            "y": 64.58452814259995,
            "z": -1.0
        },
        {
            "x": 64.0868844860379,
            "y": 59.887882630570644,
            "z": -1.0
        },
        {
            "x": 147.08300338967382,
            "y": 137.2919918453028,
            "z": -1.0
        },
        {
            "x": 50.31664133830998,
            "y": 96.874253843121,
            "z": -1.0
        },
        {
            "x": 51.44657530438195,
            "y": 53.10704394353187,
            "z": -1.0
        },
        {
            "x": 138.32997474042102,
            "y": 21.914709009923047,
            "z": -1.0
        },
        {
            "x": 52.88087652589927,
            "y": 72.73528051251728,
            "z": -1.0
        },
        {
            "x": 80.58413611718366,
            "y": 14.556640050224797,
            "z": -1.0
        },
        {
            "x": 77.2773616527779,
            "y": 5.943395028458877,
            "z": -1.0
        }
    ],
    "center": {
        "x": 124.92707290161991,
        "y": 59.86913740832668,
        "z": 0.0
    },
    "radius": 25
}