{
    "W": 200,
    "H": 200,
    "depth": 1.0,
    "height": 10.0,
    "num_of_relays": 40,
    "num_of_sensors": 40,
    "relays": [
        {
            "x": 95.29799072211735,
            "y": 36.11690804036536,
            "z": 10.0
        },
        {
            "x": 6.1341369775429255,
            "y": 183.5309316109666,
            "z": 10.0
        },
        {
            "x": 95.92511135893007,
            "y": 155.38436336793637,
            "z": 10.0
        },
        {
            "x": 84.40636719087841,
            "y": 71.43628556457153,
            "z": 10.0
        },
        {
            "x": 87.48088950345536,
            "y": 122.8020695228893,
            "z": 10.0
        },
        {
            "x": 15.093360677889534,
            "y": 136.15223096180543,
            "z": 10.0
        },
        {
            "x": 73.5534153297507,
            "y": 131.92790490295934,
            "z": 10.0
        },
        {
            "x": 94.07326052750706,
            "y": 74.49964072352589,
            "z": 10.0
        },
        {
            "x": 165.66412253949153,
            "y": 10.044092200323696,
            "z": 10.0
        },
        {
            "x": 62.58066349679634,
            "y": 198.5548845267078,
            "z": 10.0
        },
        {
            "x": 145.57345597785093,
            "y": 61.207602651668665,
            "z": 10.0
        },
        {
            "x": 109.6478147678458,
            "y": 47.92130146275411,
            "z": 10.0
        },
        {
            "x": 161.21020568166043,
            "y": 82.32982588779416,
            "z": 10.0
        },
        {
            "x": 186.3264600454415,
            "y": 195.6410594325439,
            "z": 10.0
        },
        {
            "x": 134.4932710405473,
            "y": 52.81257524028939,
            "z": 10.0
        },
        {
            "x": 127.18958771330553,
            "y": 180.79104700238213,
            "z": 10.0
        },
        {
            "x": 195.39891778757217,
            "y": 169.2465158868123,
            "z": 10.0
        },
        {
            "x": 30.405346776564237,
            "y": 157.95416359103942,
            "z": 10.0
        },
        {
            "x": 158.51227290955612,
            "y": 138.75462473326664,
            "z": 10.0
        },
        {
            "x": 16.32422952629975,
            "y": 80.86886113415564,
            "z": 10.0
        },
        {
            "x": 19.6842183343648,
            "y": 103.17241387827242,
            "z": 10.0
        },
        {
            "x": 119.28732078648116,
            "y": 186.08190508106696,
            "z": 10.0
        },
        {
            "x": 178.50384340095806,
            "y": 76.8131234296076,
            "z": 10.0
        },
        {
            "x": 60.7227406014621,
            "y": 151.21729137706868,
            "z": 10.0
        },
        {
            "x": 182.9570673542357,
            "y": 133.73719823632064,
            "z": 10.0
        },
        {
            "x": 3.3293213792707554,
            "y": 59.324279713988304,
            "z": 10.0
        },
        {
            "x": 102.2252710425457,
            "y": 187.43512783448352,
            "z": 10.0
        },
        {
            "x": 51.03783837844278,
            "y": 49.521064932749034,
            "z": 10.0
        },
        {
            "x": 79.0422541171359,
            "y": 150.14503835777103,
            "z": 10.0
        },
        {
            "x": 107.94565489564386,
            "y": 173.0219794830328,
            "z": 10.0
        },
        {
            "x": 68.18714930481013,
            "y": 37.0381051624743,
            "z": 10.0
        },
        {
            "x": 101.20649552844858,
            "y": 186.57237260369544,
            "z": 10.0
        },
        {
            "x": 73.29056802416491,
            "y": 71.93551886753511,
            "z": 10.0
        },
        {
            "x": 136.47869230144784,
            "y": 20.041915198123974,
            "z": 10.0
        },
        {
            "x": 30.155479180545196,
            "y": 166.27034596667195,
            "z": 10.0
        },
        {
            "x": 158.97631997999127,
            "y": 15.648184948146838,
            "z": 10.0
        },
        {
            "x": 181.5783641526846,
            "y": 87.98107502019678,
            "z": 10.0
        },
        {
            "x": 184.86346388772589,
            "y": 160.6885814249915,
            "z": 10.0
        },
        {
            "x": 95.1088796403293,
            "y": 108.94957070730999,
            "z": 10.0
        },
        {
            "x": 174.70918492948778,
            "y": 18.600174005080984,
            "z": 10.0
        }
    ],
    "sensors": [
        {
            "x": 66.28472274105862,
            "y": 6.105001536901877,
            "z": -1.0
        },
        {
            "x": 167.52661813989562,
            "y": 132.6384457466096,
            "z": -1.0
        },
        {
            "x": 197.77258784815552,
            "y": 161.31141910872145,
            "z": -1.0
        },
        {
            "x": 181.46408446100963,
            "y": 170.9206710420751,
            "z": -1.0
        },
        {
            "x": 127.2394182392275,
            "y": 20.827413293923126,
            "z": -1.0
        },
        {
            "x": 138.45792461994327,
            "y": 169.4664169575271,
            "z": -1.0
        },
        {
            "x": 91.87292299327805,
            "y": 6.836567848834885,
            "z": -1.0
        },
        {
            "x": 78.59295655201907,
            "y": 158.99641236454292,
            "z": -1.0
        },
        {
            "x": 29.487631405139858,
            "y": 140.9666149790301,
            "z": -1.0
        },
        {
            "x": 145.69582361259316,
            "y": 195.36975459116724,
            "z": -1.0
        },
        {
            "x": 90.57390539878662,
            "y": 19.482227571164778,
            "z": -1.0
        },
        {
            "x": 91.33451620690674,
            "y": 198.98419560603898,
            "z": -1.0
        },
        {
            "x": 195.20896762859797,
            "y": 192.52455773598015,
            "z": -1.0
        },
        {
            "x": 117.71298147732882,
            "y": 136.73183391544669,
            "z": -1.0
        },
        {
            "x": 182.52858835147285,
            "y": 33.128138340382264,
            "z": -1.0
        },
        {
            "x": 176.6487970173215,
            "y": 88.08125814355611,
            "z": -1.0
        },
        {
            "x": 0.537216955896791,
            "y": 97.82442243423806,
            "z": -1.0
        },
        {
            "x": 49.21047157336067,
            "y": 184.84913151587014,
            "z": -1.0
        },
        {
            "x": 175.1000239293213,
            "y": 118.43226028807811,
            "z": -1.0
        },
        {
            "x": 25.85903378672565,
            "y": 33.7573375469111,
            "z": -1.0
        },
        {
            "x": 51.19550821846233,
            "y": 60.29885585196677,
            "z": -1.0
        },
        {
            "x": 161.38165171726905,
            "y": 14.808677260035829,
            "z": -1.0
        },
        {
            "x": 136.0907913322103,
            "y": 124.18927286017698,
            "z": -1.0
        },
        {
            "x": 53.734658823496304,
            "y": 144.79162101423165,
            "z": -1.0
        },
        {
            "x": 129.96571963078787,
            "y": 35.98418137373096,
            "z": -1.0
        },
        {
            "x": 67.29214329954686,
            "y": 141.26864650865508,
            "z": -1.0
        },
        {
            "x": 37.51753600821808,
            "y": 41.15781469435697,
            "z": -1.0
        },
        {
            "x": 40.01768310834293,
            "y": 87.71210211094831,
            "z": -1.0
        },
        {
            "x": 50.18486267227882,
            "y": 199.90430481843177,
            "z": -1.0
        },
        {
            "x": 108.69271221103516,
            "y": 102.42513506494345,
            "z": -1.0
        },
        {
            "x": 20.179619614719392,
            "y": 64.75834565348295,
            "z": -1.0
        },
        {
            "x": 31.839879982525844,
            "y": 32.61025998949949,
            "z": -1.0
        },
        {
            "x": 111.06792808436758,
            "y": 172.86547796546893,
            "z": -1.0
        },
        {
            "x": 159.98085476531,
            "y": 96.25904106478791,
            "z": -1.0
        },
        {
            "x": 98.78697247299672,
            "y": 197.61816641299802,
            "z": -1.0
        },
        {
            "x": 154.46976388807428,
            "y": 132.0269429523733,
            "z": -1.0
        },
        {
            "x": 17.394992218021677,
            "y": 132.20444937385864,
            "z": -1.0
        },
        {
            "x": 140.93927855748177,
            "y": 23.68331972315234,
            "z": -1.0
        },
        {
            "x": 126.03671901125824,
            "y": 190.1680553135465,
            "z": -1.0
        },
        {
            "x": 32.45111182193008,
            "y": 6.1322246082030185,
            "z": -1.0
        }
    ],
    "center": {
        "x": 102.6613823518444,
        "y": 108.75341412318994,
        "z": 0.0
    },
    "radius": 25
}